ID,Title,Content,Excerpt,Date,"Post Type",Permalink,"Image URL","Image Filename","Image Path","Image ID","Image Title","Image Caption","Image Description","Image Alt Text","Image Featured","Attachment URL","Attachment Filename","Attachment Path","Attachment ID","Attachment Title","Attachment Caption","Attachment Description","Attachment Alt Text",Countries,Durations,Ecoregions,Heights,"Light Requirements","Plant Types","Seasons of Interest","Water Needs","Scientific Name",Countries,"Season of Interest","Height Range",Min-Height,"Max Height","Min Spread","Max Spread","Plant Gallery"
10574,Gumbo-Limbo,"This tropical tree has distinctive coppery-red, peeling bark and it forms a dense canopy of pinnate leaves with a feathery appearance. It is an adaptable and drought-tolerant tree resistant to harsh weather conditions.",,"2025-06-09 10:33:23",plant,https://homegrownnationalpark.org/plant/gumbo-limbo/,http://homegrownnationalpark.org/wp-content/uploads/2025/06/Bursera-simaruba_leaves.jpg|http://homegrownnationalpark.org/wp-content/uploads/2025/06/Bursera-simaruba_zoomed-out.jpeg|http://homegrownnationalpark.org/wp-content/uploads/2025/06/Bursera-simaruba.png|http://homegrownnationalpark.org/wp-content/uploads/2025/06/Bursera-simaruba-1.png,Bursera-simaruba_leaves.jpg|Bursera-simaruba_zoomed-out.jpeg|Bursera-simaruba.png|Bursera-simaruba-1.png,/nas/content/live/hgnp/wp-content/uploads/2025/06/Bursera-simaruba_leaves.jpg|/nas/content/live/hgnp/wp-content/uploads/2025/06/Bursera-simaruba_zoomed-out.jpeg|/nas/content/live/hgnp/wp-content/uploads/2025/06/Bursera-simaruba.png|/nas/content/live/hgnp/wp-content/uploads/2025/06/Bursera-simaruba-1.png,12503|12504|12505|12506,Bursera-simaruba_leaves.jpg|Bursera-simaruba_zoomed-out.jpeg|Bursera-simaruba.png|Bursera-simaruba-1.png,|||,|||,|||,http://homegrownnationalpark.org/wp-content/uploads/2025/06/Bursera-simaruba_leaves.jpg,,,,,,,,,"United States",Perennial,"15.4 - Everglades","20–30 ft|30–50 ft","Full Sun|Partial Sun",Tree,,Average|High|Low,"Bursera simaruba","United States",,"20–30 ft|30–50 ft",24,40,25,30,http://homegrownnationalpark.org/wp-content/uploads/2025/06/Bursera-simaruba_leaves.jpg|http://homegrownnationalpark.org/wp-content/uploads/2025/06/Bursera-simaruba_zoomed-out.jpeg|http://homegrownnationalpark.org/wp-content/uploads/2025/06/Bursera-simaruba.png|http://homegrownnationalpark.org/wp-content/uploads/2025/06/Bursera-simaruba-1.png
10576,"Southern Live Oak","This evergreen oak has a sprawling canopy with horizontally spreading branches covered in dense, dark green leaves. They are resilient and long lived, tolerating salt spray, drought, and strong winds.",,"2025-06-09 10:32:36",plant,https://homegrownnationalpark.org/plant/southern-live-oak/,http://homegrownnationalpark.org/wp-content/uploads/2025/06/Quercus-virginiana.png|http://homegrownnationalpark.org/wp-content/uploads/2025/06/Quercus-virginiana-1.png,Quercus-virginiana.png|Quercus-virginiana-1.png,/nas/content/live/hgnp/wp-content/uploads/2025/06/Quercus-virginiana.png|/nas/content/live/hgnp/wp-content/uploads/2025/06/Quercus-virginiana-1.png,12507|12508,Quercus-virginiana.png|Quercus-virginiana-1.png,|,|,|,http://homegrownnationalpark.org/wp-content/uploads/2025/06/Quercus-virginiana.png,,,,,,,,,"United States",Perennial,"8.5 - Mississippi Alluvial &amp; SE USA Coastal Plains|9.5 - Texas-Lousiana Coastal Plains|15.4 - Everglades","30–50 ft|50+ ft","Full Sun",Tree,,Average|Low,"Quercus virginiana","United States",,"30–50 ft|50+ ft",40,80,60,100,http://homegrownnationalpark.org/wp-content/uploads/2025/06/Quercus-virginiana.png|http://homegrownnationalpark.org/wp-content/uploads/2025/06/Quercus-virginiana-1.png
10578,"Wild Coffee","This versatile evergreen shrub has glossy, dark green leaves and small, fragrant white flowers. It is well suited to shade, and produces seeds similar appearance to coffee beans.",,"2025-06-09 10:32:36",plant,https://homegrownnationalpark.org/plant/wild-coffee/,http://homegrownnationalpark.org/wp-content/uploads/2025/06/Psychotria-nervosa_berries.jpg|http://homegrownnationalpark.org/wp-content/uploads/2025/06/Psychotria-nervosa_zoomed-out-flowers.jpeg|http://homegrownnationalpark.org/wp-content/uploads/2025/06/Psychotria-nervosa.png|http://homegrownnationalpark.org/wp-content/uploads/2025/06/Psychotria-nervosa-1.png,Psychotria-nervosa_berries.jpg|Psychotria-nervosa_zoomed-out-flowers.jpeg|Psychotria-nervosa.png|Psychotria-nervosa-1.png,/nas/content/live/hgnp/wp-content/uploads/2025/06/Psychotria-nervosa_berries.jpg|/nas/content/live/hgnp/wp-content/uploads/2025/06/Psychotria-nervosa_zoomed-out-flowers.jpeg|/nas/content/live/hgnp/wp-content/uploads/2025/06/Psychotria-nervosa.png|/nas/content/live/hgnp/wp-content/uploads/2025/06/Psychotria-nervosa-1.png,12509|12510|12511|12512,Psychotria-nervosa_berries.jpg|Psychotria-nervosa_zoomed-out-flowers.jpeg|Psychotria-nervosa.png|Psychotria-nervosa-1.png,|||,|||,|||,http://homegrownnationalpark.org/wp-content/uploads/2025/06/Psychotria-nervosa_berries.jpg,,,,,,,,,"United States",Perennial,"15.4 - Everglades","2–3 ft|3–4 ft|4–5 ft|5–7 ft|7–10 ft|10–15 ft","Partial Sun|Shade",Shrub,,Average|Low,"Psychotria nervosa","United States",,"2–3 ft|3–4 ft|4–5 ft|5–7 ft|7–10 ft|10–15 ft",2,10,3,5,http://homegrownnationalpark.org/wp-content/uploads/2025/06/Psychotria-nervosa_berries.jpg|http://homegrownnationalpark.org/wp-content/uploads/2025/06/Psychotria-nervosa_zoomed-out-flowers.jpeg|http://homegrownnationalpark.org/wp-content/uploads/2025/06/Psychotria-nervosa.png|http://homegrownnationalpark.org/wp-content/uploads/2025/06/Psychotria-nervosa-1.png
10580,"Southern Wax Myrtle","This evergreen plant has fragrant, leathery leaves and small, grayish berries. Its dense foliage provides privacy screening and windbreaks, and it can also be pruned into a hedge.",,"2025-06-09 10:33:23",plant,https://homegrownnationalpark.org/plant/southern-wax-myrtle/,http://homegrownnationalpark.org/wp-content/uploads/2025/06/Morella-cerifera_berries.jpeg|http://homegrownnationalpark.org/wp-content/uploads/2025/06/Morella-cerifera_zoomed-out-2.jpg|http://homegrownnationalpark.org/wp-content/uploads/2025/06/Morella-cerifera_zoomed-out.jpg,Morella-cerifera_berries.jpeg|Morella-cerifera_zoomed-out-2.jpg|Morella-cerifera_zoomed-out.jpg,/nas/content/live/hgnp/wp-content/uploads/2025/06/Morella-cerifera_berries.jpeg|/nas/content/live/hgnp/wp-content/uploads/2025/06/Morella-cerifera_zoomed-out-2.jpg|/nas/content/live/hgnp/wp-content/uploads/2025/06/Morella-cerifera_zoomed-out.jpg,12513|12514|12515,Morella-cerifera_berries.jpeg|Morella-cerifera_zoomed-out-2.jpg|Morella-cerifera_zoomed-out.jpg,||,||,||,http://homegrownnationalpark.org/wp-content/uploads/2025/06/Morella-cerifera_berries.jpeg,,,,,,,,,"United States",Perennial,"15.4 - Everglades","10–15 ft|15–20 ft","Full Sun|Partial Sun",Shrub|Tree,,Average|High,"Myrica ceifera","United States",,"10–15 ft|15–20 ft",10,15,8,10,http://homegrownnationalpark.org/wp-content/uploads/2025/06/Morella-cerifera_berries.jpeg|http://homegrownnationalpark.org/wp-content/uploads/2025/06/Morella-cerifera_zoomed-out-2.jpg|http://homegrownnationalpark.org/wp-content/uploads/2025/06/Morella-cerifera_zoomed-out.jpg
10581,"Blackjack Oak","This rugged tree has dark, deeply furrowed bark and leathery leaves. It thrives in various soil types and is drought resistant.",,"2025-06-09 10:33:23",plant,https://homegrownnationalpark.org/plant/blackjack-oak/,http://homegrownnationalpark.org/wp-content/uploads/2025/06/Quercus-marilandica_fall-colors-1.jpg|http://homegrownnationalpark.org/wp-content/uploads/2025/06/Quercus-marilandica_zoomed-out-2.jpg|http://homegrownnationalpark.org/wp-content/uploads/2025/06/Quercus-marilandica_zoomed-out.jpg|http://homegrownnationalpark.org/wp-content/uploads/2025/06/Quercus-marilandica.png|http://homegrownnationalpark.org/wp-content/uploads/2025/06/Quercus-marilandica-1.png,Quercus-marilandica_fall-colors-1.jpg|Quercus-marilandica_zoomed-out-2.jpg|Quercus-marilandica_zoomed-out.jpg|Quercus-marilandica.png|Quercus-marilandica-1.png,/nas/content/live/hgnp/wp-content/uploads/2025/06/Quercus-marilandica_fall-colors-1.jpg|/nas/content/live/hgnp/wp-content/uploads/2025/06/Quercus-marilandica_zoomed-out-2.jpg|/nas/content/live/hgnp/wp-content/uploads/2025/06/Quercus-marilandica_zoomed-out.jpg|/nas/content/live/hgnp/wp-content/uploads/2025/06/Quercus-marilandica.png|/nas/content/live/hgnp/wp-content/uploads/2025/06/Quercus-marilandica-1.png,12516|12517|12518|12519|12520,Quercus-marilandica_fall-colors-1.jpg|Quercus-marilandica_zoomed-out-2.jpg|Quercus-marilandica_zoomed-out.jpg|Quercus-marilandica.png|Quercus-marilandica-1.png,||||,||||,||||,http://homegrownnationalpark.org/wp-content/uploads/2025/06/Quercus-marilandica_fall-colors-1.jpg,,,,,,,,,"United States",Perennial,"8.3 - SE USA Plains|8.4 - Ozark/Ouachita-Appalachian Forests|8.5 - Mississippi Alluvial &amp; SE USA Coastal Plains","30–50 ft|50+ ft","Partial Sun",Tree,,Low,"Quercus marilandica","United States",,"30–50 ft|50+ ft",30,60,20,40,http://homegrownnationalpark.org/wp-content/uploads/2025/06/Quercus-marilandica_fall-colors-1.jpg|http://homegrownnationalpark.org/wp-content/uploads/2025/06/Quercus-marilandica_zoomed-out-2.jpg|http://homegrownnationalpark.org/wp-content/uploads/2025/06/Quercus-marilandica_zoomed-out.jpg|http://homegrownnationalpark.org/wp-content/uploads/2025/06/Quercus-marilandica.png|http://homegrownnationalpark.org/wp-content/uploads/2025/06/Quercus-marilandica-1.png
10592,"Dwarf Chinkapin Oak","This oak known for its small size thrives in poor, dry soils and shade. It is an excellent choice to support wildlife with limited space.",,"2025-06-09 10:33:23",plant,https://homegrownnationalpark.org/plant/dwarf-chinkapin-oak/,http://homegrownnationalpark.org/wp-content/uploads/2025/06/Quercus-prinoides.png|http://homegrownnationalpark.org/wp-content/uploads/2025/06/Quercus-prinoides-1.png,Quercus-prinoides.png|Quercus-prinoides-1.png,/nas/content/live/hgnp/wp-content/uploads/2025/06/Quercus-prinoides.png|/nas/content/live/hgnp/wp-content/uploads/2025/06/Quercus-prinoides-1.png,12521|12522,Quercus-prinoides.png|Quercus-prinoides-1.png,|,|,|,http://homegrownnationalpark.org/wp-content/uploads/2025/06/Quercus-prinoides.png,,,,,,,,,"United States",Perennial,"5.3 - Atlantic Highlands|8.1 - Mixed Wood Plains (USA)|8.2 - Central USA Plains|8.4 - Ozark/Ouachita-Appalachian Forests","10–15 ft|15–20 ft|20–30 ft","Partial Sun|Shade",Shrub|Tree,,Low,"Quercus prinoides","United States",,"10–15 ft|15–20 ft|20–30 ft",13,20,10,15,http://homegrownnationalpark.org/wp-content/uploads/2025/06/Quercus-prinoides.png|http://homegrownnationalpark.org/wp-content/uploads/2025/06/Quercus-prinoides-1.png
10594,"Texas Live Oak","This picturesque tree has a short trunk supporting spreading, gnarled branches and semi-evergreen leaves. It is valued for its drought resistance and robust appearance, but must be protected from oak wilt and live oak decline when stressed by drought.",,"2025-06-09 10:33:01",plant,https://homegrownnationalpark.org/plant/texas-live-oak/,http://homegrownnationalpark.org/wp-content/uploads/2025/06/Quercus-fusiformis-zoomed-out-RET.jpg|http://homegrownnationalpark.org/wp-content/uploads/2025/06/Quercus-fusiformis-acorns.jpg|http://homegrownnationalpark.org/wp-content/uploads/2025/06/Quercus-fusiformis.png|http://homegrownnationalpark.org/wp-content/uploads/2025/06/Quercus-fusiformis-1.png,Quercus-fusiformis-zoomed-out-RET.jpg|Quercus-fusiformis-acorns.jpg|Quercus-fusiformis.png|Quercus-fusiformis-1.png,/nas/content/live/hgnp/wp-content/uploads/2025/06/Quercus-fusiformis-zoomed-out-RET.jpg|/nas/content/live/hgnp/wp-content/uploads/2025/06/Quercus-fusiformis-acorns.jpg|/nas/content/live/hgnp/wp-content/uploads/2025/06/Quercus-fusiformis.png|/nas/content/live/hgnp/wp-content/uploads/2025/06/Quercus-fusiformis-1.png,12523|12524|12525|12526,Quercus-fusiformis-zoomed-out-RET.jpg|Quercus-fusiformis-acorns.jpg|Quercus-fusiformis.png|Quercus-fusiformis-1.png,|||,|||,|||,http://homegrownnationalpark.org/wp-content/uploads/2025/06/Quercus-fusiformis-zoomed-out-RET.jpg,,,,,,,,,"United States",Perennial,"9.6 - Tamaulipas-Texas Semi-Arid Plains","20–30 ft|30–50 ft","Full Sun|Partial Sun",Tree,,Low,"Quercus fusiformis","United States",,"20–30 ft|30–50 ft",20,40,20,40,http://homegrownnationalpark.org/wp-content/uploads/2025/06/Quercus-fusiformis-zoomed-out-RET.jpg|http://homegrownnationalpark.org/wp-content/uploads/2025/06/Quercus-fusiformis-acorns.jpg|http://homegrownnationalpark.org/wp-content/uploads/2025/06/Quercus-fusiformis.png|http://homegrownnationalpark.org/wp-content/uploads/2025/06/Quercus-fusiformis-1.png
10596,"Hardy Pecan","This tree produces sweet and buttery pecan nuts, has golden-yellow foliage in the fall, and is adaptable to various soil types. This tree can be grown from seed, but will take 8-10 years to produce nuts.",,"2025-06-09 10:32:36",plant,https://homegrownnationalpark.org/plant/hardy-pecan/,http://homegrownnationalpark.org/wp-content/uploads/2025/06/Carya-illinoinensis-zoomed-out-RET.jpeg|http://homegrownnationalpark.org/wp-content/uploads/2025/06/Carya-illinoinensis-nut.jpeg|http://homegrownnationalpark.org/wp-content/uploads/2025/06/Carya-illinoinensis.png|http://homegrownnationalpark.org/wp-content/uploads/2025/06/Carya-illinoinensis-1.png,Carya-illinoinensis-zoomed-out-RET.jpeg|Carya-illinoinensis-nut.jpeg|Carya-illinoinensis.png|Carya-illinoinensis-1.png,/nas/content/live/hgnp/wp-content/uploads/2025/06/Carya-illinoinensis-zoomed-out-RET.jpeg|/nas/content/live/hgnp/wp-content/uploads/2025/06/Carya-illinoinensis-nut.jpeg|/nas/content/live/hgnp/wp-content/uploads/2025/06/Carya-illinoinensis.png|/nas/content/live/hgnp/wp-content/uploads/2025/06/Carya-illinoinensis-1.png,12527|12528|12529|12530,Carya-illinoinensis-zoomed-out-RET.jpeg|Carya-illinoinensis-nut.jpeg|Carya-illinoinensis.png|Carya-illinoinensis-1.png,|||,|||,|||,http://homegrownnationalpark.org/wp-content/uploads/2025/06/Carya-illinoinensis-zoomed-out-RET.jpeg,,,,,,,,,"United States",Perennial,"9.5 - Texas-Lousiana Coastal Plains|9.6 - Tamaulipas-Texas Semi-Arid Plains","50+ ft","Full Sun",Tree,,Average,"Carya illinoinensis","United States",,"50+ ft",70,100,40,70,http://homegrownnationalpark.org/wp-content/uploads/2025/06/Carya-illinoinensis-zoomed-out-RET.jpeg|http://homegrownnationalpark.org/wp-content/uploads/2025/06/Carya-illinoinensis-nut.jpeg|http://homegrownnationalpark.org/wp-content/uploads/2025/06/Carya-illinoinensis.png|http://homegrownnationalpark.org/wp-content/uploads/2025/06/Carya-illinoinensis-1.png
10598,"American Plum","This tree is a great choice for shrub borders, hedges, screens, or erosion control, and has toothed leves, five petaled white flowers in spring, and edible red plums.",,"2025-06-09 10:33:01",plant,https://homegrownnationalpark.org/plant/american-plum/,http://homegrownnationalpark.org/wp-content/uploads/2025/06/Prunus-americana.png|http://homegrownnationalpark.org/wp-content/uploads/2025/06/Prunus-americana-1.png,Prunus-americana.png|Prunus-americana-1.png,/nas/content/live/hgnp/wp-content/uploads/2025/06/Prunus-americana.png|/nas/content/live/hgnp/wp-content/uploads/2025/06/Prunus-americana-1.png,12531|12532,Prunus-americana.png|Prunus-americana-1.png,|,|,|,http://homegrownnationalpark.org/wp-content/uploads/2025/06/Prunus-americana.png,,,,,,,,,"Canada|United States",Perennial,"8.1 - Mixed Wood Plains (USA)|8.1 - Mixed Wood Plains (Canada)|8.2 - Central USA Plains|9.2 - Temperate Prairies|9.3 - West-Central Semi-Arid Prairies","15–20 ft|20–30 ft","Full Sun|Partial Sun",Shrub|Tree,,Average|Low,"Prunus americana","United States|Canada",,"15–20 ft|20–30 ft",15,25,15,25,http://homegrownnationalpark.org/wp-content/uploads/2025/06/Prunus-americana.png|http://homegrownnationalpark.org/wp-content/uploads/2025/06/Prunus-americana-1.png
10600,"Black Cherry","This plant has glossy green leaves with pointed tips,is tolerant of dry soil, has fragrant white flowers in the spring, and produces berries that can be used in jams and jellies. ***Toxic to dogs, cats, and horses***",,"2025-06-09 10:32:36",plant,https://homegrownnationalpark.org/plant/black-cherry/,http://homegrownnationalpark.org/wp-content/uploads/2025/06/Prunus-serotina_ZoomedOut-RET.jpg|http://homegrownnationalpark.org/wp-content/uploads/2025/06/Prunus-serotina_Flower.jpg|http://homegrownnationalpark.org/wp-content/uploads/2025/06/Prunus-serotina_Fruit2.jpg|http://homegrownnationalpark.org/wp-content/uploads/2025/06/Prunus-serotina.png|http://homegrownnationalpark.org/wp-content/uploads/2025/06/Prunus-serotina-1.png,Prunus-serotina_ZoomedOut-RET.jpg|Prunus-serotina_Flower.jpg|Prunus-serotina_Fruit2.jpg|Prunus-serotina.png|Prunus-serotina-1.png,/nas/content/live/hgnp/wp-content/uploads/2025/06/Prunus-serotina_ZoomedOut-RET.jpg|/nas/content/live/hgnp/wp-content/uploads/2025/06/Prunus-serotina_Flower.jpg|/nas/content/live/hgnp/wp-content/uploads/2025/06/Prunus-serotina_Fruit2.jpg|/nas/content/live/hgnp/wp-content/uploads/2025/06/Prunus-serotina.png|/nas/content/live/hgnp/wp-content/uploads/2025/06/Prunus-serotina-1.png,12533|12534|12535|12536|12537,Prunus-serotina_ZoomedOut-RET.jpg|Prunus-serotina_Flower.jpg|Prunus-serotina_Fruit2.jpg|Prunus-serotina.png|Prunus-serotina-1.png,||||,||||,||||,http://homegrownnationalpark.org/wp-content/uploads/2025/06/Prunus-serotina_ZoomedOut-RET.jpg,,,,,,,,,"United States|Canada",Perennial,"5.2 - Mixed Wood Shield|5.3 - Atlantic Highlands|8.1 - Mixed Wood Plains (USA)|8.1 - Mixed Wood Plains (Canada)|8.2 - Central USA Plains|8.3 - SE USA Plains|8.4 - Ozark/Ouachita-Appalachian Forests|8.5 - Mississippi Alluvial &amp; SE USA Coastal Plains|12.1 - Western Sierra Madre Piedmont|13.1 - Upper Gila Mountains","50+ ft","Full Sun|Partial Sun",Tree,,Average,"Prunus serotina","Canada|United States",,"50+ ft",50,80,30,60,http://homegrownnationalpark.org/wp-content/uploads/2025/06/Prunus-serotina_ZoomedOut-RET.jpg|http://homegrownnationalpark.org/wp-content/uploads/2025/06/Prunus-serotina_Flower.jpg|http://homegrownnationalpark.org/wp-content/uploads/2025/06/Prunus-serotina_Fruit2.jpg|http://homegrownnationalpark.org/wp-content/uploads/2025/06/Prunus-serotina.png|http://homegrownnationalpark.org/wp-content/uploads/2025/06/Prunus-serotina-1.png
10602,"Northern Highbush Blueberry","This popular fruit-bearing shrub offers both ornamental beauty and delicious blueberries for the garden. Its attractive white to pink flowers bloom in spring, followed by an abundant harvest of flavorful blueberries.",,"2025-06-09 10:33:23",plant,https://homegrownnationalpark.org/plant/northern-highbush-blueberry/,http://homegrownnationalpark.org/wp-content/uploads/2025/06/Vaccinium-corymbosum_Flowers-RET.jpg|http://homegrownnationalpark.org/wp-content/uploads/2025/06/Vaccinium-corymbosum_Closeup.jpeg|http://homegrownnationalpark.org/wp-content/uploads/2025/06/Vaccinium-corymbosum_Fruit.jpg|http://homegrownnationalpark.org/wp-content/uploads/2025/06/Vaccinium-corymbosum_Leaves.jpeg|http://homegrownnationalpark.org/wp-content/uploads/2025/06/Vaccinium-corymbosum_ZoomedOut.jpg|http://homegrownnationalpark.org/wp-content/uploads/2025/06/Vaccinium-corymbosum.png|http://homegrownnationalpark.org/wp-content/uploads/2025/06/Vaccinium-corymbosum-2.png,Vaccinium-corymbosum_Flowers-RET.jpg|Vaccinium-corymbosum_Closeup.jpeg|Vaccinium-corymbosum_Fruit.jpg|Vaccinium-corymbosum_Leaves.jpeg|Vaccinium-corymbosum_ZoomedOut.jpg|Vaccinium-corymbosum.png|Vaccinium-corymbosum-2.png,/nas/content/live/hgnp/wp-content/uploads/2025/06/Vaccinium-corymbosum_Flowers-RET.jpg|/nas/content/live/hgnp/wp-content/uploads/2025/06/Vaccinium-corymbosum_Closeup.jpeg|/nas/content/live/hgnp/wp-content/uploads/2025/06/Vaccinium-corymbosum_Fruit.jpg|/nas/content/live/hgnp/wp-content/uploads/2025/06/Vaccinium-corymbosum_Leaves.jpeg|/nas/content/live/hgnp/wp-content/uploads/2025/06/Vaccinium-corymbosum_ZoomedOut.jpg|/nas/content/live/hgnp/wp-content/uploads/2025/06/Vaccinium-corymbosum.png|/nas/content/live/hgnp/wp-content/uploads/2025/06/Vaccinium-corymbosum-2.png,12538|12539|12540|12541|12542|12543|12544,Vaccinium-corymbosum_Flowers-RET.jpg|Vaccinium-corymbosum_Closeup.jpeg|Vaccinium-corymbosum_Fruit.jpg|Vaccinium-corymbosum_Leaves.jpeg|Vaccinium-corymbosum_ZoomedOut.jpg|Vaccinium-corymbosum.png|Vaccinium-corymbosum-2.png,||||||,||||||,||||||,http://homegrownnationalpark.org/wp-content/uploads/2025/06/Vaccinium-corymbosum_Flowers-RET.jpg,,,,,,,,,"United States|Canada",Perennial,"5.3 - Atlantic Highlands|8.1 - Mixed Wood Plains (Canada)|8.5 - Mississippi Alluvial &amp; SE USA Coastal Plains|15.4 - Everglades","5–7 ft|7–10 ft|10–15 ft","Full Sun|Partial Sun",Shrub,,Average|High,"Vaccinium coymbosum","United States|Canada",,"5–7 ft|7–10 ft|10–15 ft",6,12,8,12,http://homegrownnationalpark.org/wp-content/uploads/2025/06/Vaccinium-corymbosum_Flowers-RET.jpg|http://homegrownnationalpark.org/wp-content/uploads/2025/06/Vaccinium-corymbosum_Closeup.jpeg|http://homegrownnationalpark.org/wp-content/uploads/2025/06/Vaccinium-corymbosum_Fruit.jpg|http://homegrownnationalpark.org/wp-content/uploads/2025/06/Vaccinium-corymbosum_Leaves.jpeg|http://homegrownnationalpark.org/wp-content/uploads/2025/06/Vaccinium-corymbosum_ZoomedOut.jpg|http://homegrownnationalpark.org/wp-content/uploads/2025/06/Vaccinium-corymbosum.png|http://homegrownnationalpark.org/wp-content/uploads/2025/06/Vaccinium-corymbosum-2.png
10604,"Hillside Blueberry","This bush has small green oval leaves that turn scarlet or crimson in fall. Tiny pink flowers appear in mid to late spring that attract bumblebees and hummingbird moths. Blossoms give way to edible bue-black berries that ripen in summer.",,"2025-06-09 10:33:23",plant,https://homegrownnationalpark.org/plant/hillside-blueberry/,http://homegrownnationalpark.org/wp-content/uploads/2025/06/Vaccinium-pallidum_Fruit-RET.jpeg|http://homegrownnationalpark.org/wp-content/uploads/2025/06/images-woody.jpg|http://homegrownnationalpark.org/wp-content/uploads/2025/06/Vaccinium-pallidum_Leaves.jpg|http://homegrownnationalpark.org/wp-content/uploads/2025/06/Vaccinium-pallidum_ZoomedOut.jpeg|http://homegrownnationalpark.org/wp-content/uploads/2025/06/Vaccinium-pallidum.png|http://homegrownnationalpark.org/wp-content/uploads/2025/06/Vaccinium-pallidum-1.png,Vaccinium-pallidum_Fruit-RET.jpeg|images-woody.jpg|Vaccinium-pallidum_Leaves.jpg|Vaccinium-pallidum_ZoomedOut.jpeg|Vaccinium-pallidum.png|Vaccinium-pallidum-1.png,/nas/content/live/hgnp/wp-content/uploads/2025/06/Vaccinium-pallidum_Fruit-RET.jpeg|/nas/content/live/hgnp/wp-content/uploads/2025/06/images-woody.jpg|/nas/content/live/hgnp/wp-content/uploads/2025/06/Vaccinium-pallidum_Leaves.jpg|/nas/content/live/hgnp/wp-content/uploads/2025/06/Vaccinium-pallidum_ZoomedOut.jpeg|/nas/content/live/hgnp/wp-content/uploads/2025/06/Vaccinium-pallidum.png|/nas/content/live/hgnp/wp-content/uploads/2025/06/Vaccinium-pallidum-1.png,12545|12546|12547|12548|12549|12550,Vaccinium-pallidum_Fruit-RET.jpeg|images-woody.jpg|Vaccinium-pallidum_Leaves.jpg|Vaccinium-pallidum_ZoomedOut.jpeg|Vaccinium-pallidum.png|Vaccinium-pallidum-1.png,|||||,|||||,|||||,http://homegrownnationalpark.org/wp-content/uploads/2025/06/Vaccinium-pallidum_Fruit-RET.jpeg,,,,,,,,,"United States|Canada",Perennial,"5.3 - Atlantic Highlands|8.1 - Mixed Wood Plains (USA)|8.1 - Mixed Wood Plains (Canada)|8.4 - Ozark/Ouachita-Appalachian Forests","1–2 ft|2–3 ft|3–4 ft","Full Sun|Partial Sun",Shrub,,Low|Average,"Vaccinium pallidum","United States|Canada",,"1–2 ft|2–3 ft|3–4 ft",1,3,2,3,http://homegrownnationalpark.org/wp-content/uploads/2025/06/Vaccinium-pallidum_Fruit-RET.jpeg|http://homegrownnationalpark.org/wp-content/uploads/2025/06/images-woody.jpg|http://homegrownnationalpark.org/wp-content/uploads/2025/06/Vaccinium-pallidum_Leaves.jpg|http://homegrownnationalpark.org/wp-content/uploads/2025/06/Vaccinium-pallidum_ZoomedOut.jpeg|http://homegrownnationalpark.org/wp-content/uploads/2025/06/Vaccinium-pallidum.png|http://homegrownnationalpark.org/wp-content/uploads/2025/06/Vaccinium-pallidum-1.png
10607,"Black Willow","This versatile and fast-growing tree thrives in moist environments, adding visual interest to the landscape with its elegant leaves and grayish-brown bark. It is a great choice for gardens seeking both aesthetic appeal and tolerance to wet conditions.",,"2025-06-09 10:32:36",plant,https://homegrownnationalpark.org/plant/black-willow/,http://homegrownnationalpark.org/wp-content/uploads/2025/06/Salix-nigra_Flowers2-RET.jpg|http://homegrownnationalpark.org/wp-content/uploads/2025/06/Salix-nigra_Flowers.jpg|http://homegrownnationalpark.org/wp-content/uploads/2025/06/salix-nigra_leaves.jpg|http://homegrownnationalpark.org/wp-content/uploads/2025/06/Salix-nigra_Leaves1.jpg|http://homegrownnationalpark.org/wp-content/uploads/2025/06/Salix-nigra_Leaves2.jpg|http://homegrownnationalpark.org/wp-content/uploads/2025/06/Salix-nigra.png|http://homegrownnationalpark.org/wp-content/uploads/2025/06/Salix-nigra-1.png,Salix-nigra_Flowers2-RET.jpg|Salix-nigra_Flowers.jpg|salix-nigra_leaves.jpg|Salix-nigra_Leaves1.jpg|Salix-nigra_Leaves2.jpg|Salix-nigra.png|Salix-nigra-1.png,/nas/content/live/hgnp/wp-content/uploads/2025/06/Salix-nigra_Flowers2-RET.jpg|/nas/content/live/hgnp/wp-content/uploads/2025/06/Salix-nigra_Flowers.jpg|/nas/content/live/hgnp/wp-content/uploads/2025/06/salix-nigra_leaves.jpg|/nas/content/live/hgnp/wp-content/uploads/2025/06/Salix-nigra_Leaves1.jpg|/nas/content/live/hgnp/wp-content/uploads/2025/06/Salix-nigra_Leaves2.jpg|/nas/content/live/hgnp/wp-content/uploads/2025/06/Salix-nigra.png|/nas/content/live/hgnp/wp-content/uploads/2025/06/Salix-nigra-1.png,12551|12552|12553|12554|12555|12556|12557,Salix-nigra_Flowers2-RET.jpg|Salix-nigra_Flowers.jpg|salix-nigra_leaves.jpg|Salix-nigra_Leaves1.jpg|Salix-nigra_Leaves2.jpg|Salix-nigra.png|Salix-nigra-1.png,||||||,||||||,||||||,http://homegrownnationalpark.org/wp-content/uploads/2025/06/Salix-nigra_Flowers2-RET.jpg,,,,,,,,,"United States|Canada",Perennial,"5.3 - Atlantic Highlands|8.1 - Mixed Wood Plains (USA)|8.2 - Central USA Plains|8.3 - SE USA Plains|8.4 - Ozark/Ouachita-Appalachian Forests|9.5 - Texas-Lousiana Coastal Plains|9.6 - Tamaulipas-Texas Semi-Arid Plains","30–50 ft|50+ ft","Full Sun|Partial Sun",Shrub|Tree,,Average|High,"Salix nigra","Canada|United States",,"30–50 ft|50+ ft",30,60,30,60,http://homegrownnationalpark.org/wp-content/uploads/2025/06/Salix-nigra_Flowers2-RET.jpg|http://homegrownnationalpark.org/wp-content/uploads/2025/06/Salix-nigra_Flowers.jpg|http://homegrownnationalpark.org/wp-content/uploads/2025/06/salix-nigra_leaves.jpg|http://homegrownnationalpark.org/wp-content/uploads/2025/06/Salix-nigra_Leaves1.jpg|http://homegrownnationalpark.org/wp-content/uploads/2025/06/Salix-nigra_Leaves2.jpg|http://homegrownnationalpark.org/wp-content/uploads/2025/06/Salix-nigra.png|http://homegrownnationalpark.org/wp-content/uploads/2025/06/Salix-nigra-1.png
10609,"Bigleaf Maple","This impressive tree is known for its exceptionally large leaves, providing ample summer shade. With stunning golden and orange hues in the fall, it adds a vibrant display of autumn colors.",,"2025-06-09 10:33:01",plant,https://homegrownnationalpark.org/plant/bigleaf-maple/,http://homegrownnationalpark.org/wp-content/uploads/2025/06/Acer-macrophyllum_zoomed-out_bigleaf-maple-RET.jpeg|http://homegrownnationalpark.org/wp-content/uploads/2025/06/Acer-macrophyllum_fun-leaf_bigleaf-maple.jpg|http://homegrownnationalpark.org/wp-content/uploads/2025/06/Acer-macrophyllum_Leaf.jpeg|http://homegrownnationalpark.org/wp-content/uploads/2025/06/Acer-macrophyllum.png|http://homegrownnationalpark.org/wp-content/uploads/2025/06/Acer-macrophyllum-1.png,Acer-macrophyllum_zoomed-out_bigleaf-maple-RET.jpeg|Acer-macrophyllum_fun-leaf_bigleaf-maple.jpg|Acer-macrophyllum_Leaf.jpeg|Acer-macrophyllum.png|Acer-macrophyllum-1.png,/nas/content/live/hgnp/wp-content/uploads/2025/06/Acer-macrophyllum_zoomed-out_bigleaf-maple-RET.jpeg|/nas/content/live/hgnp/wp-content/uploads/2025/06/Acer-macrophyllum_fun-leaf_bigleaf-maple.jpg|/nas/content/live/hgnp/wp-content/uploads/2025/06/Acer-macrophyllum_Leaf.jpeg|/nas/content/live/hgnp/wp-content/uploads/2025/06/Acer-macrophyllum.png|/nas/content/live/hgnp/wp-content/uploads/2025/06/Acer-macrophyllum-1.png,12558|12559|12560|12561|12562,Acer-macrophyllum_zoomed-out_bigleaf-maple-RET.jpeg|Acer-macrophyllum_fun-leaf_bigleaf-maple.jpg|Acer-macrophyllum_Leaf.jpeg|Acer-macrophyllum.png|Acer-macrophyllum-1.png,||||,||||,||||,http://homegrownnationalpark.org/wp-content/uploads/2025/06/Acer-macrophyllum_zoomed-out_bigleaf-maple-RET.jpeg,,,,,,,,,"United States",Perennial,"7.1 - Marine West Coast Forests (Lower 48)|11.1 - Mediterranean California","30–50 ft|50+ ft","Full Sun|Partial Sun",Tree,,Average,"Acer macrophyllum","United States",,"30–50 ft|50+ ft",40,70,40,70,http://homegrownnationalpark.org/wp-content/uploads/2025/06/Acer-macrophyllum_zoomed-out_bigleaf-maple-RET.jpeg|http://homegrownnationalpark.org/wp-content/uploads/2025/06/Acer-macrophyllum_fun-leaf_bigleaf-maple.jpg|http://homegrownnationalpark.org/wp-content/uploads/2025/06/Acer-macrophyllum_Leaf.jpeg|http://homegrownnationalpark.org/wp-content/uploads/2025/06/Acer-macrophyllum.png|http://homegrownnationalpark.org/wp-content/uploads/2025/06/Acer-macrophyllum-1.png
10611,"Shore Pine","This hardy and versatile tree is known for its twisted branches and slender, cylindrical cones. It is well-suited for various environments and can withstand harsh conditions, making it resilient and adaptable.",,"2025-06-09 10:33:01",plant,https://homegrownnationalpark.org/plant/shore-pine/,http://homegrownnationalpark.org/wp-content/uploads/2025/06/Pinus-contorta.png|http://homegrownnationalpark.org/wp-content/uploads/2025/06/Pinus-contorta-1.png,Pinus-contorta.png|Pinus-contorta-1.png,/nas/content/live/hgnp/wp-content/uploads/2025/06/Pinus-contorta.png|/nas/content/live/hgnp/wp-content/uploads/2025/06/Pinus-contorta-1.png,12563|12564,Pinus-contorta.png|Pinus-contorta-1.png,|,|,|,http://homegrownnationalpark.org/wp-content/uploads/2025/06/Pinus-contorta.png,,,,,,,,,"United States",Perennial,"6.2 - Western Cordillera|7.1 - Marine West Coast Forests (Lower 48)|9.3 - West-Central Semi-Arid Prairies","20–30 ft|30–50 ft","Full Sun",Tree,,Low,"Pinus contorta","United States",,"20–30 ft|30–50 ft",20,35,20,35,http://homegrownnationalpark.org/wp-content/uploads/2025/06/Pinus-contorta.png|http://homegrownnationalpark.org/wp-content/uploads/2025/06/Pinus-contorta-1.png
10613,"Douglas Fir","This versatile evergreen tree is highly valued for its beauty and is often used as a Christmas tree. It has dense, soft needles and gracefully drooping branches. The tree produces cylindrical cones that provide a food source for wildlife.",,"2025-06-09 10:32:36",plant,https://homegrownnationalpark.org/plant/douglas-fir/,http://homegrownnationalpark.org/wp-content/uploads/2025/06/Pseudotsuga-menziesii_Needles-RET.jpg|http://homegrownnationalpark.org/wp-content/uploads/2025/06/Pseudotsuga-menziesii_Closeup2.jpeg|http://homegrownnationalpark.org/wp-content/uploads/2025/06/Pseudotsuga-menziesii_Cones.jpeg|http://homegrownnationalpark.org/wp-content/uploads/2025/06/Pseudotsuga-menziesii_ZoomedOut.jpg|http://homegrownnationalpark.org/wp-content/uploads/2025/06/Pseudotsuga-menziesii.png|http://homegrownnationalpark.org/wp-content/uploads/2025/06/Pseudotsuga-menziesii-1.png,Pseudotsuga-menziesii_Needles-RET.jpg|Pseudotsuga-menziesii_Closeup2.jpeg|Pseudotsuga-menziesii_Cones.jpeg|Pseudotsuga-menziesii_ZoomedOut.jpg|Pseudotsuga-menziesii.png|Pseudotsuga-menziesii-1.png,/nas/content/live/hgnp/wp-content/uploads/2025/06/Pseudotsuga-menziesii_Needles-RET.jpg|/nas/content/live/hgnp/wp-content/uploads/2025/06/Pseudotsuga-menziesii_Closeup2.jpeg|/nas/content/live/hgnp/wp-content/uploads/2025/06/Pseudotsuga-menziesii_Cones.jpeg|/nas/content/live/hgnp/wp-content/uploads/2025/06/Pseudotsuga-menziesii_ZoomedOut.jpg|/nas/content/live/hgnp/wp-content/uploads/2025/06/Pseudotsuga-menziesii.png|/nas/content/live/hgnp/wp-content/uploads/2025/06/Pseudotsuga-menziesii-1.png,12565|12566|12567|12568|12569|12570,Pseudotsuga-menziesii_Needles-RET.jpg|Pseudotsuga-menziesii_Closeup2.jpeg|Pseudotsuga-menziesii_Cones.jpeg|Pseudotsuga-menziesii_ZoomedOut.jpg|Pseudotsuga-menziesii.png|Pseudotsuga-menziesii-1.png,|||||,|||||,|||||,http://homegrownnationalpark.org/wp-content/uploads/2025/06/Pseudotsuga-menziesii_Needles-RET.jpg,,,,,,,,,"United States",Perennial,"6.2 - Western Cordillera|7.1 - Marine West Coast Forests (Lower 48)|10.1 - Cold Deserts|12.1 - Western Sierra Madre Piedmont|13.1 - Upper Gila Mountains","30–50 ft|50+ ft","Full Sun|Partial Sun",Tree,,Average,"Pseudotsuga menziesii","United States",,"30–50 ft|50+ ft",40,80,10,20,http://homegrownnationalpark.org/wp-content/uploads/2025/06/Pseudotsuga-menziesii_Needles-RET.jpg|http://homegrownnationalpark.org/wp-content/uploads/2025/06/Pseudotsuga-menziesii_Closeup2.jpeg|http://homegrownnationalpark.org/wp-content/uploads/2025/06/Pseudotsuga-menziesii_Cones.jpeg|http://homegrownnationalpark.org/wp-content/uploads/2025/06/Pseudotsuga-menziesii_ZoomedOut.jpg|http://homegrownnationalpark.org/wp-content/uploads/2025/06/Pseudotsuga-menziesii.png|http://homegrownnationalpark.org/wp-content/uploads/2025/06/Pseudotsuga-menziesii-1.png
10615,"Arroyo Willow","This versatile shrub or tree is known for its narrow, silvery leaves and clusters of small flowers. It thrives in wet soil conditions and is a valuable choice for areas near water bodies or in flood-prone areas.",,"2025-06-09 10:32:36",plant,https://homegrownnationalpark.org/plant/arroyo-willow/,http://homegrownnationalpark.org/wp-content/uploads/2025/06/salix-lasiolepis_leaves-RET.jpg|http://homegrownnationalpark.org/wp-content/uploads/2025/06/salix-lasiolepis_flowers.jpg|http://homegrownnationalpark.org/wp-content/uploads/2025/06/Salix-lasiolepis_Flowers1.jpg|http://homegrownnationalpark.org/wp-content/uploads/2025/06/Salix-lasiolepis_ZoomedOut.jpeg|http://homegrownnationalpark.org/wp-content/uploads/2025/06/Salix-lasiolepis.png|http://homegrownnationalpark.org/wp-content/uploads/2025/06/Salix-lasiolepis-1.png,salix-lasiolepis_leaves-RET.jpg|salix-lasiolepis_flowers.jpg|Salix-lasiolepis_Flowers1.jpg|Salix-lasiolepis_ZoomedOut.jpeg|Salix-lasiolepis.png|Salix-lasiolepis-1.png,/nas/content/live/hgnp/wp-content/uploads/2025/06/salix-lasiolepis_leaves-RET.jpg|/nas/content/live/hgnp/wp-content/uploads/2025/06/salix-lasiolepis_flowers.jpg|/nas/content/live/hgnp/wp-content/uploads/2025/06/Salix-lasiolepis_Flowers1.jpg|/nas/content/live/hgnp/wp-content/uploads/2025/06/Salix-lasiolepis_ZoomedOut.jpeg|/nas/content/live/hgnp/wp-content/uploads/2025/06/Salix-lasiolepis.png|/nas/content/live/hgnp/wp-content/uploads/2025/06/Salix-lasiolepis-1.png,12571|12572|12573|12574|12575|12576,salix-lasiolepis_leaves-RET.jpg|salix-lasiolepis_flowers.jpg|Salix-lasiolepis_Flowers1.jpg|Salix-lasiolepis_ZoomedOut.jpeg|Salix-lasiolepis.png|Salix-lasiolepis-1.png,|||||,|||||,|||||,http://homegrownnationalpark.org/wp-content/uploads/2025/06/salix-lasiolepis_leaves-RET.jpg,,,,,,,,,"United States",Perennial,"10.2 - Warm Deserts|11.1 - Mediterranean California|12.1 - Western Sierra Madre Piedmont|13.1 - Upper Gila Mountains","10–15 ft|15–20 ft|20–30 ft|30–50 ft","Full Sun|Partial Sun",Shrub|Tree,,Average|High,"Salix lasiolepis","United States",,"10–15 ft|15–20 ft|20–30 ft|30–50 ft",10,35,10,25,http://homegrownnationalpark.org/wp-content/uploads/2025/06/salix-lasiolepis_leaves-RET.jpg|http://homegrownnationalpark.org/wp-content/uploads/2025/06/salix-lasiolepis_flowers.jpg|http://homegrownnationalpark.org/wp-content/uploads/2025/06/Salix-lasiolepis_Flowers1.jpg|http://homegrownnationalpark.org/wp-content/uploads/2025/06/Salix-lasiolepis_ZoomedOut.jpeg|http://homegrownnationalpark.org/wp-content/uploads/2025/06/Salix-lasiolepis.png|http://homegrownnationalpark.org/wp-content/uploads/2025/06/Salix-lasiolepis-1.png
10617,Buckbrush,"This hardy evergreen shrub has small blue-green leaves and tiny fragrant white flowers that bloom in early to mid-summer. Its stiff, fleshy leaves contribute to its resilience, while its nitrogen-fixing ablility enhances soil health.",,"2025-06-09 10:33:01",plant,https://homegrownnationalpark.org/plant/buckbrush/,http://homegrownnationalpark.org/wp-content/uploads/2025/06/Ceanothus-cuneatus_ZoomedOut-RET.jpeg|http://homegrownnationalpark.org/wp-content/uploads/2025/06/Ceanothus-cuneatus_Flowers.jpg|http://homegrownnationalpark.org/wp-content/uploads/2025/06/Ceanothus-cuneatus_Flowers2.jpg|http://homegrownnationalpark.org/wp-content/uploads/2025/06/Ceanothus-cuneatus_Leaves2.jpg|http://homegrownnationalpark.org/wp-content/uploads/2025/06/Ceanothus-cuneatus.png|http://homegrownnationalpark.org/wp-content/uploads/2025/06/Ceanothus-cuneatus-1.png,Ceanothus-cuneatus_ZoomedOut-RET.jpeg|Ceanothus-cuneatus_Flowers.jpg|Ceanothus-cuneatus_Flowers2.jpg|Ceanothus-cuneatus_Leaves2.jpg|Ceanothus-cuneatus.png|Ceanothus-cuneatus-1.png,/nas/content/live/hgnp/wp-content/uploads/2025/06/Ceanothus-cuneatus_ZoomedOut-RET.jpeg|/nas/content/live/hgnp/wp-content/uploads/2025/06/Ceanothus-cuneatus_Flowers.jpg|/nas/content/live/hgnp/wp-content/uploads/2025/06/Ceanothus-cuneatus_Flowers2.jpg|/nas/content/live/hgnp/wp-content/uploads/2025/06/Ceanothus-cuneatus_Leaves2.jpg|/nas/content/live/hgnp/wp-content/uploads/2025/06/Ceanothus-cuneatus.png|/nas/content/live/hgnp/wp-content/uploads/2025/06/Ceanothus-cuneatus-1.png,12577|12578|12579|12580|12581|12582,Ceanothus-cuneatus_ZoomedOut-RET.jpeg|Ceanothus-cuneatus_Flowers.jpg|Ceanothus-cuneatus_Flowers2.jpg|Ceanothus-cuneatus_Leaves2.jpg|Ceanothus-cuneatus.png|Ceanothus-cuneatus-1.png,|||||,|||||,|||||,http://homegrownnationalpark.org/wp-content/uploads/2025/06/Ceanothus-cuneatus_ZoomedOut-RET.jpeg,,,,,,,,,"United States",Perennial,"11.1 - Mediterranean California","5–7 ft|7–10 ft|10–15 ft","Full Sun",Shrub,,Low,"Ceanothus cuneatus","United States",,"5–7 ft|7–10 ft|10–15 ft",5,12,5,12,http://homegrownnationalpark.org/wp-content/uploads/2025/06/Ceanothus-cuneatus_ZoomedOut-RET.jpeg|http://homegrownnationalpark.org/wp-content/uploads/2025/06/Ceanothus-cuneatus_Flowers.jpg|http://homegrownnationalpark.org/wp-content/uploads/2025/06/Ceanothus-cuneatus_Flowers2.jpg|http://homegrownnationalpark.org/wp-content/uploads/2025/06/Ceanothus-cuneatus_Leaves2.jpg|http://homegrownnationalpark.org/wp-content/uploads/2025/06/Ceanothus-cuneatus.png|http://homegrownnationalpark.org/wp-content/uploads/2025/06/Ceanothus-cuneatus-1.png
10619,Deerbrush,"This versatile shrub has glossy green leaves up to 3 inches long. Fragrant white, blue, or pink flowers at the tips of twigs bloom in late spring to mid-summer and attract pollinators, while its nitrogen-fixing characteristics enhance soil health.",,"2025-06-09 10:33:23",plant,https://homegrownnationalpark.org/plant/deerbrush/,http://homegrownnationalpark.org/wp-content/uploads/2025/06/Ceanothus-integerrimus_ZoomedOut-RET.jpg|http://homegrownnationalpark.org/wp-content/uploads/2025/06/Ceanothus-integerrimus_Flowers.jpeg|http://homegrownnationalpark.org/wp-content/uploads/2025/06/Ceanothus-integerrimus_Leaf.jpg|http://homegrownnationalpark.org/wp-content/uploads/2025/06/Ceanothus-integerrimus_Leaves.jpg|http://homegrownnationalpark.org/wp-content/uploads/2025/06/Ceanothus-integerrimus_Leaves2.jpg|http://homegrownnationalpark.org/wp-content/uploads/2025/06/Ceanothus-integerrimus.png|http://homegrownnationalpark.org/wp-content/uploads/2025/06/Ceanothus-integerrimus-1.png,Ceanothus-integerrimus_ZoomedOut-RET.jpg|Ceanothus-integerrimus_Flowers.jpeg|Ceanothus-integerrimus_Leaf.jpg|Ceanothus-integerrimus_Leaves.jpg|Ceanothus-integerrimus_Leaves2.jpg|Ceanothus-integerrimus.png|Ceanothus-integerrimus-1.png,/nas/content/live/hgnp/wp-content/uploads/2025/06/Ceanothus-integerrimus_ZoomedOut-RET.jpg|/nas/content/live/hgnp/wp-content/uploads/2025/06/Ceanothus-integerrimus_Flowers.jpeg|/nas/content/live/hgnp/wp-content/uploads/2025/06/Ceanothus-integerrimus_Leaf.jpg|/nas/content/live/hgnp/wp-content/uploads/2025/06/Ceanothus-integerrimus_Leaves.jpg|/nas/content/live/hgnp/wp-content/uploads/2025/06/Ceanothus-integerrimus_Leaves2.jpg|/nas/content/live/hgnp/wp-content/uploads/2025/06/Ceanothus-integerrimus.png|/nas/content/live/hgnp/wp-content/uploads/2025/06/Ceanothus-integerrimus-1.png,12583|12584|12585|12586|12587|12588|12589,Ceanothus-integerrimus_ZoomedOut-RET.jpg|Ceanothus-integerrimus_Flowers.jpeg|Ceanothus-integerrimus_Leaf.jpg|Ceanothus-integerrimus_Leaves.jpg|Ceanothus-integerrimus_Leaves2.jpg|Ceanothus-integerrimus.png|Ceanothus-integerrimus-1.png,||||||,||||||,||||||,http://homegrownnationalpark.org/wp-content/uploads/2025/06/Ceanothus-integerrimus_ZoomedOut-RET.jpg,,,,,,,,,"United States",Perennial,"11.1 - Mediterranean California|12.1 - Western Sierra Madre Piedmont|13.1 - Upper Gila Mountains","3–4 ft|4–5 ft|5–7 ft|7–10 ft|10–15 ft","Full Sun",Shrub,,Low,"Ceanothus integerrimus","United States",,"3–4 ft|4–5 ft|5–7 ft|7–10 ft|10–15 ft",3,13,5,7,http://homegrownnationalpark.org/wp-content/uploads/2025/06/Ceanothus-integerrimus_ZoomedOut-RET.jpg|http://homegrownnationalpark.org/wp-content/uploads/2025/06/Ceanothus-integerrimus_Flowers.jpeg|http://homegrownnationalpark.org/wp-content/uploads/2025/06/Ceanothus-integerrimus_Leaf.jpg|http://homegrownnationalpark.org/wp-content/uploads/2025/06/Ceanothus-integerrimus_Leaves.jpg|http://homegrownnationalpark.org/wp-content/uploads/2025/06/Ceanothus-integerrimus_Leaves2.jpg|http://homegrownnationalpark.org/wp-content/uploads/2025/06/Ceanothus-integerrimus.png|http://homegrownnationalpark.org/wp-content/uploads/2025/06/Ceanothus-integerrimus-1.png
10621,Chokecherry,"This plant is tolerant to drought, and dry, rocky, or clay soil. It is a great choice for beds, borders, hedge, screens, and open woodland gardens. It produces white flowers and edible berries. ***Toxic to dogs, cats, and horses***",,"2025-06-09 10:33:01",plant,https://homegrownnationalpark.org/plant/chokecherry/,http://homegrownnationalpark.org/wp-content/uploads/2025/06/Prunus-virginiana_Closeup-RET.jpeg|http://homegrownnationalpark.org/wp-content/uploads/2025/06/Prunus-virginiana_Flowers.jpg|http://homegrownnationalpark.org/wp-content/uploads/2025/06/Prunus-virginiana_Leaves2.jpg|http://homegrownnationalpark.org/wp-content/uploads/2025/06/Prunus-virginiana.png|http://homegrownnationalpark.org/wp-content/uploads/2025/06/Prunus-virginiana-1.png,Prunus-virginiana_Closeup-RET.jpeg|Prunus-virginiana_Flowers.jpg|Prunus-virginiana_Leaves2.jpg|Prunus-virginiana.png|Prunus-virginiana-1.png,/nas/content/live/hgnp/wp-content/uploads/2025/06/Prunus-virginiana_Closeup-RET.jpeg|/nas/content/live/hgnp/wp-content/uploads/2025/06/Prunus-virginiana_Flowers.jpg|/nas/content/live/hgnp/wp-content/uploads/2025/06/Prunus-virginiana_Leaves2.jpg|/nas/content/live/hgnp/wp-content/uploads/2025/06/Prunus-virginiana.png|/nas/content/live/hgnp/wp-content/uploads/2025/06/Prunus-virginiana-1.png,12590|12591|12592|12593|12594,Prunus-virginiana_Closeup-RET.jpeg|Prunus-virginiana_Flowers.jpg|Prunus-virginiana_Leaves2.jpg|Prunus-virginiana.png|Prunus-virginiana-1.png,||||,||||,||||,http://homegrownnationalpark.org/wp-content/uploads/2025/06/Prunus-virginiana_Closeup-RET.jpeg,,,,,,,,,"United States|Canada",Perennial,"5.2 - Mixed Wood Shield|5.3 - Atlantic Highlands|6.2 - Western Cordillera|8.1 - Mixed Wood Plains (USA)|8.1 - Mixed Wood Plains (Canada)|8.2 - Central USA Plains|9.2 - Temperate Prairies|9.3 - West-Central Semi-Arid Prairies|10.1 - Cold Deserts|11.1 - Mediterranean California|13.1 - Upper Gila Mountains","20–30 ft|30–50 ft","Full Sun|Partial Sun",Shrub|Tree,,Low|Average,"Prunus virginiana","United States|Canada",,"20–30 ft|30–50 ft",20,30,15,20,http://homegrownnationalpark.org/wp-content/uploads/2025/06/Prunus-virginiana_Closeup-RET.jpeg|http://homegrownnationalpark.org/wp-content/uploads/2025/06/Prunus-virginiana_Flowers.jpg|http://homegrownnationalpark.org/wp-content/uploads/2025/06/Prunus-virginiana_Leaves2.jpg|http://homegrownnationalpark.org/wp-content/uploads/2025/06/Prunus-virginiana.png|http://homegrownnationalpark.org/wp-content/uploads/2025/06/Prunus-virginiana-1.png
10623,"River Birch","This tree has peeling salmon pink bark, tiny springtime yellow-brown male flowers and green female flowers, and diamond shaped glossy green leaves. It is also not attractive to deer.",,"2025-06-09 10:33:23",plant,https://homegrownnationalpark.org/plant/river-birch/,http://homegrownnationalpark.org/wp-content/uploads/2025/06/Betula-nigra_ZoomedOut2-RET.jpeg|http://homegrownnationalpark.org/wp-content/uploads/2025/06/Betula-nigra_Bark2.jpeg|http://homegrownnationalpark.org/wp-content/uploads/2025/06/Betula-nigra.png|http://homegrownnationalpark.org/wp-content/uploads/2025/06/Betula-nigra-1.png,Betula-nigra_ZoomedOut2-RET.jpeg|Betula-nigra_Bark2.jpeg|Betula-nigra.png|Betula-nigra-1.png,/nas/content/live/hgnp/wp-content/uploads/2025/06/Betula-nigra_ZoomedOut2-RET.jpeg|/nas/content/live/hgnp/wp-content/uploads/2025/06/Betula-nigra_Bark2.jpeg|/nas/content/live/hgnp/wp-content/uploads/2025/06/Betula-nigra.png|/nas/content/live/hgnp/wp-content/uploads/2025/06/Betula-nigra-1.png,12595|12596|12597|12598,Betula-nigra_ZoomedOut2-RET.jpeg|Betula-nigra_Bark2.jpeg|Betula-nigra.png|Betula-nigra-1.png,|||,|||,|||,http://homegrownnationalpark.org/wp-content/uploads/2025/06/Betula-nigra_ZoomedOut2-RET.jpeg,,,,,,,,,"United States",Perennial,"8.3 - SE USA Plains|8.4 - Ozark/Ouachita-Appalachian Forests","30–50 ft|50+ ft","Full Sun|Partial Sun",Tree,,Average|High,"Betula nigra","United States",,"30–50 ft|50+ ft",40,70,40,60,http://homegrownnationalpark.org/wp-content/uploads/2025/06/Betula-nigra_ZoomedOut2-RET.jpeg|http://homegrownnationalpark.org/wp-content/uploads/2025/06/Betula-nigra_Bark2.jpeg|http://homegrownnationalpark.org/wp-content/uploads/2025/06/Betula-nigra.png|http://homegrownnationalpark.org/wp-content/uploads/2025/06/Betula-nigra-1.png
10625,"Eastern Cottonwood","This tree has green deltoid leaves up to 5 inches long that turn yellow in the fall. Before leaves emerge, small male and female flowers appear on separate trees in the mid-spring.",,"2025-06-09 10:32:36",plant,https://homegrownnationalpark.org/plant/eastern-cottonwood/,http://homegrownnationalpark.org/wp-content/uploads/2025/06/Populus-deltoides.png|http://homegrownnationalpark.org/wp-content/uploads/2025/06/Populus-deltoides-1.png,Populus-deltoides.png|Populus-deltoides-1.png,/nas/content/live/hgnp/wp-content/uploads/2025/06/Populus-deltoides.png|/nas/content/live/hgnp/wp-content/uploads/2025/06/Populus-deltoides-1.png,12599|12600,Populus-deltoides.png|Populus-deltoides-1.png,|,|,|,http://homegrownnationalpark.org/wp-content/uploads/2025/06/Populus-deltoides.png,,,,,,,,,"United States",Perennial,"8.1 - Mixed Wood Plains (USA)|8.2 - Central USA Plains|9.2 - Temperate Prairies|9.3 - West-Central Semi-Arid Prairies|9.4 - South Central Semi-Arid Prairies|10.2 - Warm Deserts|11.1 - Mediterranean California|12.1 - Western Sierra Madre Piedmont|13.1 - Upper Gila Mountains","50+ ft","Full Sun",Tree,,Average,"Populus deltoides","United States",,"50+ ft",50,80,35,60,http://homegrownnationalpark.org/wp-content/uploads/2025/06/Populus-deltoides.png|http://homegrownnationalpark.org/wp-content/uploads/2025/06/Populus-deltoides-1.png
10627,"Bitternut Hickory","This tree, known for its heart-shaped nuts, offers an excellent choice for those seeking both aesthetic appeal and practical benefits. It showcases attractive yellowish-green foliage during the summer and transforms into a beautiful golden color in the fall.",,"2025-06-09 10:33:01",plant,https://homegrownnationalpark.org/plant/bitternut-hickory/,http://homegrownnationalpark.org/wp-content/uploads/2025/06/Carya-cordiformis_bitternut-hickory_zoomed-out-RET.jpeg|http://homegrownnationalpark.org/wp-content/uploads/2025/06/Carya-cordiformis_bitternut-hickory_nut.jpeg|http://homegrownnationalpark.org/wp-content/uploads/2025/06/Carya-cordiformis.png|http://homegrownnationalpark.org/wp-content/uploads/2025/06/Carya-cordiformis-1.png,Carya-cordiformis_bitternut-hickory_zoomed-out-RET.jpeg|Carya-cordiformis_bitternut-hickory_nut.jpeg|Carya-cordiformis.png|Carya-cordiformis-1.png,/nas/content/live/hgnp/wp-content/uploads/2025/06/Carya-cordiformis_bitternut-hickory_zoomed-out-RET.jpeg|/nas/content/live/hgnp/wp-content/uploads/2025/06/Carya-cordiformis_bitternut-hickory_nut.jpeg|/nas/content/live/hgnp/wp-content/uploads/2025/06/Carya-cordiformis.png|/nas/content/live/hgnp/wp-content/uploads/2025/06/Carya-cordiformis-1.png,12601|12602|12603|12604,Carya-cordiformis_bitternut-hickory_zoomed-out-RET.jpeg|Carya-cordiformis_bitternut-hickory_nut.jpeg|Carya-cordiformis.png|Carya-cordiformis-1.png,|||,|||,|||,http://homegrownnationalpark.org/wp-content/uploads/2025/06/Carya-cordiformis_bitternut-hickory_zoomed-out-RET.jpeg,,,,,,,,,"Canada|United States",Perennial,"8.1 - Mixed Wood Plains (USA)|8.1 - Mixed Wood Plains (Canada)|8.2 - Central USA Plains|8.4 - Ozark/Ouachita-Appalachian Forests","50+ ft","Full Sun|Partial Sun",Tree,,Average,"Carya cordiformis","United States|Canada",,"50+ ft",50,80,30,50,http://homegrownnationalpark.org/wp-content/uploads/2025/06/Carya-cordiformis_bitternut-hickory_zoomed-out-RET.jpeg|http://homegrownnationalpark.org/wp-content/uploads/2025/06/Carya-cordiformis_bitternut-hickory_nut.jpeg|http://homegrownnationalpark.org/wp-content/uploads/2025/06/Carya-cordiformis.png|http://homegrownnationalpark.org/wp-content/uploads/2025/06/Carya-cordiformis-1.png
10629,"Pitch Pine","This evergreen tree boasts long, sturdy needles and dense branches, making it a visually appealing and resilient choice for gardens. With its unique bark and year-round greenery, it adds texture and interest to the landscape.",,"2025-06-09 10:33:23",plant,https://homegrownnationalpark.org/plant/pitch-pine/,http://homegrownnationalpark.org/wp-content/uploads/2025/06/Pinus-rigida_Closeup-RET.jpg|http://homegrownnationalpark.org/wp-content/uploads/2025/06/Pinus-rigida_Bark-1.jpg|http://homegrownnationalpark.org/wp-content/uploads/2025/06/Pinus-rigida_Needles-1.jpeg|http://homegrownnationalpark.org/wp-content/uploads/2025/06/Pinus-rigida_Zoomed-out-1.jpeg|http://homegrownnationalpark.org/wp-content/uploads/2025/06/Pinus-rigida.png|http://homegrownnationalpark.org/wp-content/uploads/2025/06/Pinus-rigida-1.png,Pinus-rigida_Closeup-RET.jpg|Pinus-rigida_Bark-1.jpg|Pinus-rigida_Needles-1.jpeg|Pinus-rigida_Zoomed-out-1.jpeg|Pinus-rigida.png|Pinus-rigida-1.png,/nas/content/live/hgnp/wp-content/uploads/2025/06/Pinus-rigida_Closeup-RET.jpg|/nas/content/live/hgnp/wp-content/uploads/2025/06/Pinus-rigida_Bark-1.jpg|/nas/content/live/hgnp/wp-content/uploads/2025/06/Pinus-rigida_Needles-1.jpeg|/nas/content/live/hgnp/wp-content/uploads/2025/06/Pinus-rigida_Zoomed-out-1.jpeg|/nas/content/live/hgnp/wp-content/uploads/2025/06/Pinus-rigida.png|/nas/content/live/hgnp/wp-content/uploads/2025/06/Pinus-rigida-1.png,12605|12606|12607|12608|12609|12610,Pinus-rigida_Closeup-RET.jpg|Pinus-rigida_Bark-1.jpg|Pinus-rigida_Needles-1.jpeg|Pinus-rigida_Zoomed-out-1.jpeg|Pinus-rigida.png|Pinus-rigida-1.png,|||||,|||||,|||||,http://homegrownnationalpark.org/wp-content/uploads/2025/06/Pinus-rigida_Closeup-RET.jpg,,,,,,,,,"Canada|United States",Perennial,"5.2 - Mixed Wood Shield|5.3 - Atlantic Highlands|8.1 - Mixed Wood Plains (USA)|8.1 - Mixed Wood Plains (Canada)|8.2 - Central USA Plains|8.3 - SE USA Plains|8.4 - Ozark/Ouachita-Appalachian Forests|8.5 - Mississippi Alluvial &amp; SE USA Coastal Plains","30–50 ft|50+ ft","Full Sun",Tree,,Average|Low,"Pinus rigida","United States|Canada",,"30–50 ft|50+ ft",40,60,30,50,http://homegrownnationalpark.org/wp-content/uploads/2025/06/Pinus-rigida_Closeup-RET.jpg|http://homegrownnationalpark.org/wp-content/uploads/2025/06/Pinus-rigida_Bark-1.jpg|http://homegrownnationalpark.org/wp-content/uploads/2025/06/Pinus-rigida_Needles-1.jpeg|http://homegrownnationalpark.org/wp-content/uploads/2025/06/Pinus-rigida_Zoomed-out-1.jpeg|http://homegrownnationalpark.org/wp-content/uploads/2025/06/Pinus-rigida.png|http://homegrownnationalpark.org/wp-content/uploads/2025/06/Pinus-rigida-1.png
10631,"Paper Birch","This medium-sized deciduous tree has distinctive white peeling bark. Its bright green foliage in spring and golden-yellow leaves in fall add year-round visual appeal.",,"2025-06-09 10:33:01",plant,https://homegrownnationalpark.org/plant/paper-birch/,http://homegrownnationalpark.org/wp-content/uploads/2025/06/Betula-papyrifera_paper-birch_zoomed-out-RET.jpg|http://homegrownnationalpark.org/wp-content/uploads/2025/06/Betula-papyrifera_Cones.jpg|http://homegrownnationalpark.org/wp-content/uploads/2025/06/Betula-papyrifera.png|http://homegrownnationalpark.org/wp-content/uploads/2025/06/Betula-papyrifera-1.png,Betula-papyrifera_paper-birch_zoomed-out-RET.jpg|Betula-papyrifera_Cones.jpg|Betula-papyrifera.png|Betula-papyrifera-1.png,/nas/content/live/hgnp/wp-content/uploads/2025/06/Betula-papyrifera_paper-birch_zoomed-out-RET.jpg|/nas/content/live/hgnp/wp-content/uploads/2025/06/Betula-papyrifera_Cones.jpg|/nas/content/live/hgnp/wp-content/uploads/2025/06/Betula-papyrifera.png|/nas/content/live/hgnp/wp-content/uploads/2025/06/Betula-papyrifera-1.png,12611|12612|12613|12614,Betula-papyrifera_paper-birch_zoomed-out-RET.jpg|Betula-papyrifera_Cones.jpg|Betula-papyrifera.png|Betula-papyrifera-1.png,|||,|||,|||,http://homegrownnationalpark.org/wp-content/uploads/2025/06/Betula-papyrifera_paper-birch_zoomed-out-RET.jpg,,,,,,,,,"United States",Perennial,"5.2 - Mixed Wood Shield|7.1 - Marine West Coast Forests (Alaska)","50+ ft","Full Sun|Partial Sun",Tree,,Average,"Betula papyrifera","United States",,"50+ ft",50,70,25,50,http://homegrownnationalpark.org/wp-content/uploads/2025/06/Betula-papyrifera_paper-birch_zoomed-out-RET.jpg|http://homegrownnationalpark.org/wp-content/uploads/2025/06/Betula-papyrifera_Cones.jpg|http://homegrownnationalpark.org/wp-content/uploads/2025/06/Betula-papyrifera.png|http://homegrownnationalpark.org/wp-content/uploads/2025/06/Betula-papyrifera-1.png
10633,"Lowbush Blueberry","Small, white, bell-shaped flowers appear on this species in the spring and are followed by edible blueberries in the summer. The red-green foliage turns blue-green in the summer and bronze in the fall.",,"2025-06-09 10:32:36",plant,https://homegrownnationalpark.org/plant/lowbush-blueberry/,http://homegrownnationalpark.org/wp-content/uploads/2025/06/Vaccinium-angustifolium_Fruit-RET.jpeg|http://homegrownnationalpark.org/wp-content/uploads/2025/06/Vaccinium-angustifolium_berries.jpeg|http://homegrownnationalpark.org/wp-content/uploads/2025/06/Vaccinium-angustifolium_Closeup.jpg|http://homegrownnationalpark.org/wp-content/uploads/2025/06/Vaccinium-angustifolium_Closeup2.jpg|http://homegrownnationalpark.org/wp-content/uploads/2025/06/Vaccinium-angustifolium_Flowers.jpg|http://homegrownnationalpark.org/wp-content/uploads/2025/06/Vaccinium-angustifolium_Leaves2.jpeg|http://homegrownnationalpark.org/wp-content/uploads/2025/06/Vaccinium-angustifolium.png|http://homegrownnationalpark.org/wp-content/uploads/2025/06/Vaccinium-angustifolium-1.png,Vaccinium-angustifolium_Fruit-RET.jpeg|Vaccinium-angustifolium_berries.jpeg|Vaccinium-angustifolium_Closeup.jpg|Vaccinium-angustifolium_Closeup2.jpg|Vaccinium-angustifolium_Flowers.jpg|Vaccinium-angustifolium_Leaves2.jpeg|Vaccinium-angustifolium.png|Vaccinium-angustifolium-1.png,/nas/content/live/hgnp/wp-content/uploads/2025/06/Vaccinium-angustifolium_Fruit-RET.jpeg|/nas/content/live/hgnp/wp-content/uploads/2025/06/Vaccinium-angustifolium_berries.jpeg|/nas/content/live/hgnp/wp-content/uploads/2025/06/Vaccinium-angustifolium_Closeup.jpg|/nas/content/live/hgnp/wp-content/uploads/2025/06/Vaccinium-angustifolium_Closeup2.jpg|/nas/content/live/hgnp/wp-content/uploads/2025/06/Vaccinium-angustifolium_Flowers.jpg|/nas/content/live/hgnp/wp-content/uploads/2025/06/Vaccinium-angustifolium_Leaves2.jpeg|/nas/content/live/hgnp/wp-content/uploads/2025/06/Vaccinium-angustifolium.png|/nas/content/live/hgnp/wp-content/uploads/2025/06/Vaccinium-angustifolium-1.png,12615|12616|12617|12618|12619|12620|12621|12622,Vaccinium-angustifolium_Fruit-RET.jpeg|Vaccinium-angustifolium_berries.jpeg|Vaccinium-angustifolium_Closeup.jpg|Vaccinium-angustifolium_Closeup2.jpg|Vaccinium-angustifolium_Flowers.jpg|Vaccinium-angustifolium_Leaves2.jpeg|Vaccinium-angustifolium.png|Vaccinium-angustifolium-1.png,|||||||,|||||||,|||||||,http://homegrownnationalpark.org/wp-content/uploads/2025/06/Vaccinium-angustifolium_Fruit-RET.jpeg,,,,,,,,,"United States|Canada",Perennial,"5.2 - Mixed Wood Shield|5.3 - Atlantic Highlands|8.1 - Mixed Wood Plains (USA)|8.1 - Mixed Wood Plains (Canada)","1–2 ft|2–3 ft","Full Sun|Partial Sun",Shrub,,Average,"Vaccinium angustifolium","Canada|United States",,"1–2 ft|2–3 ft",1,2,1,2,http://homegrownnationalpark.org/wp-content/uploads/2025/06/Vaccinium-angustifolium_Fruit-RET.jpeg|http://homegrownnationalpark.org/wp-content/uploads/2025/06/Vaccinium-angustifolium_berries.jpeg|http://homegrownnationalpark.org/wp-content/uploads/2025/06/Vaccinium-angustifolium_Closeup.jpg|http://homegrownnationalpark.org/wp-content/uploads/2025/06/Vaccinium-angustifolium_Closeup2.jpg|http://homegrownnationalpark.org/wp-content/uploads/2025/06/Vaccinium-angustifolium_Flowers.jpg|http://homegrownnationalpark.org/wp-content/uploads/2025/06/Vaccinium-angustifolium_Leaves2.jpeg|http://homegrownnationalpark.org/wp-content/uploads/2025/06/Vaccinium-angustifolium.png|http://homegrownnationalpark.org/wp-content/uploads/2025/06/Vaccinium-angustifolium-1.png
10749,"White Oak","This majestic tree is prized for its broad canopy and can live for over 500 years. In autumn, this species produces acorns and turns reddish-brown to burgandy in color. ***Toxic to horses***",,"2025-06-09 10:32:36",plant,https://homegrownnationalpark.org/plant/white-oak/,http://homegrownnationalpark.org/wp-content/uploads/2025/06/Quercus-alba_Leaves3.jpeg|http://homegrownnationalpark.org/wp-content/uploads/2025/06/Quercus-chrysolepis_trunk.jpeg|http://homegrownnationalpark.org/wp-content/uploads/2025/06/Quercus-alba.png|http://homegrownnationalpark.org/wp-content/uploads/2025/06/Quercus-alba-1.png,Quercus-alba_Leaves3.jpeg|Quercus-chrysolepis_trunk.jpeg|Quercus-alba.png|Quercus-alba-1.png,/nas/content/live/hgnp/wp-content/uploads/2025/06/Quercus-alba_Leaves3.jpeg|/nas/content/live/hgnp/wp-content/uploads/2025/06/Quercus-chrysolepis_trunk.jpeg|/nas/content/live/hgnp/wp-content/uploads/2025/06/Quercus-alba.png|/nas/content/live/hgnp/wp-content/uploads/2025/06/Quercus-alba-1.png,12623|12624|12625|12626,Quercus-alba_Leaves3.jpeg|Quercus-chrysolepis_trunk.jpeg|Quercus-alba.png|Quercus-alba-1.png,|||,|||,|||,http://homegrownnationalpark.org/wp-content/uploads/2025/06/Quercus-alba_Leaves3.jpeg,,,,,,,,,"Canada|United States",Perennial,"5.3 - Atlantic Highlands|8.1 - Mixed Wood Plains (USA)|8.1 - Mixed Wood Plains (Canada)|8.2 - Central USA Plains|8.3 - SE USA Plains|8.4 - Ozark/Ouachita-Appalachian Forests","50+ ft","Full Sun",Tree,,Average|Low,"Quercus alba","Canada|United States",,"50+ ft",50,80,50,80,http://homegrownnationalpark.org/wp-content/uploads/2025/06/Quercus-alba_Leaves3.jpeg|http://homegrownnationalpark.org/wp-content/uploads/2025/06/Quercus-chrysolepis_trunk.jpeg|http://homegrownnationalpark.org/wp-content/uploads/2025/06/Quercus-alba.png|http://homegrownnationalpark.org/wp-content/uploads/2025/06/Quercus-alba-1.png
10750,"Black Oak","This great shade tree shows bright yellow and orange colors during the fall season. Acorns provide a good food source for small mammals and birds. ***Toxic to horses***",,"2025-06-09 10:32:36",plant,https://homegrownnationalpark.org/plant/black-oak/,http://homegrownnationalpark.org/wp-content/uploads/2025/06/Quercus-velutina_acorn.jpeg|http://homegrownnationalpark.org/wp-content/uploads/2025/06/Quercus-velutina_Leaves.jpg|http://homegrownnationalpark.org/wp-content/uploads/2025/06/Quercus-velutina_Leaves2.jpg|http://homegrownnationalpark.org/wp-content/uploads/2025/06/Quercus-velutina.png|http://homegrownnationalpark.org/wp-content/uploads/2025/06/Quercus-velutina-1.png,Quercus-velutina_acorn.jpeg|Quercus-velutina_Leaves.jpg|Quercus-velutina_Leaves2.jpg|Quercus-velutina.png|Quercus-velutina-1.png,/nas/content/live/hgnp/wp-content/uploads/2025/06/Quercus-velutina_acorn.jpeg|/nas/content/live/hgnp/wp-content/uploads/2025/06/Quercus-velutina_Leaves.jpg|/nas/content/live/hgnp/wp-content/uploads/2025/06/Quercus-velutina_Leaves2.jpg|/nas/content/live/hgnp/wp-content/uploads/2025/06/Quercus-velutina.png|/nas/content/live/hgnp/wp-content/uploads/2025/06/Quercus-velutina-1.png,12627|12628|12629|12630|12631,Quercus-velutina_acorn.jpeg|Quercus-velutina_Leaves.jpg|Quercus-velutina_Leaves2.jpg|Quercus-velutina.png|Quercus-velutina-1.png,||||,||||,||||,http://homegrownnationalpark.org/wp-content/uploads/2025/06/Quercus-velutina_acorn.jpeg,,,,,,,,,"Canada|United States",Perennial,"5.2 - Mixed Wood Shield|5.3 - Atlantic Highlands|8.1 - Mixed Wood Plains (USA)|8.1 - Mixed Wood Plains (Canada)|8.2 - Central USA Plains|8.3 - SE USA Plains|8.4 - Ozark/Ouachita-Appalachian Forests|8.5 - Mississippi Alluvial &amp; SE USA Coastal Plains|9.2 - Temperate Prairies|9.4 - South Central Semi-Arid Prairies","50+ ft","Full Sun",Tree,,Average|Low,"Quercus velutina","Canada|United States",,"50+ ft",50,60,50,60,http://homegrownnationalpark.org/wp-content/uploads/2025/06/Quercus-velutina_acorn.jpeg|http://homegrownnationalpark.org/wp-content/uploads/2025/06/Quercus-velutina_Leaves.jpg|http://homegrownnationalpark.org/wp-content/uploads/2025/06/Quercus-velutina_Leaves2.jpg|http://homegrownnationalpark.org/wp-content/uploads/2025/06/Quercus-velutina.png|http://homegrownnationalpark.org/wp-content/uploads/2025/06/Quercus-velutina-1.png
10751,"American or Quaking Aspen","This fast-growing deciduous tree has shimmering leaves that tremble in the breeze. Its smooth white bark, vibrant green foliage, and brilliant golden-yellow fall color make it a visually appealing and low-maintenance choice.",,"2025-06-09 10:32:36",plant,https://homegrownnationalpark.org/plant/american-or-quaking-aspen/,http://homegrownnationalpark.org/wp-content/uploads/2025/06/Populus-tremuloides.png|http://homegrownnationalpark.org/wp-content/uploads/2025/06/Populus-tremuloides-1.png,Populus-tremuloides.png|Populus-tremuloides-1.png,/nas/content/live/hgnp/wp-content/uploads/2025/06/Populus-tremuloides.png|/nas/content/live/hgnp/wp-content/uploads/2025/06/Populus-tremuloides-1.png,12632|12633,Populus-tremuloides.png|Populus-tremuloides-1.png,|,|,|,http://homegrownnationalpark.org/wp-content/uploads/2025/06/Populus-tremuloides.png,,,,,,,,,"Canada|United States",Perennial,"5.2 - Mixed Wood Shield|5.3 - Atlantic Highlands|6.2 - Western Cordillera|7.1 - Marine West Coast Forests (Lower 48)|7.1 - Marine West Coast Forests (Canada)|8.1 - Mixed Wood Plains (USA)|8.1 - Mixed Wood Plains (Canada)|8.2 - Central USA Plains|9.3 - West-Central Semi-Arid Prairies|10.1 - Cold Deserts|10.2 - Warm Deserts|11.1 - Mediterranean California|12.1 - Western Sierra Madre Piedmont|13.1 - Upper Gila Mountains","20–30 ft|30–50 ft|50+ ft","Full Sun",Tree,,Average,"Populus tremuloides","Canada|United States",,"20–30 ft|30–50 ft|50+ ft",20,50,10,30,http://homegrownnationalpark.org/wp-content/uploads/2025/06/Populus-tremuloides.png|http://homegrownnationalpark.org/wp-content/uploads/2025/06/Populus-tremuloides-1.png
10752,"Pussy Willow","This charming shrub is known for its fuzzy silver-gray catkins that emerge in early spring, adding unique visual interest. With its whimsical appearance, it is a popular choice for adding texture and early-season beauty.",,"2025-06-09 10:32:36",plant,https://homegrownnationalpark.org/plant/pussy-willow/,http://homegrownnationalpark.org/wp-content/uploads/2025/06/Salix-discolor_Flowers.jpeg|http://homegrownnationalpark.org/wp-content/uploads/2025/06/Salix-discolor_Bark.jpeg|http://homegrownnationalpark.org/wp-content/uploads/2025/06/Salix-discolor_Leaves2.jpeg|http://homegrownnationalpark.org/wp-content/uploads/2025/06/Salix-discolor.png|http://homegrownnationalpark.org/wp-content/uploads/2025/06/Salix-discolor-1.png,Salix-discolor_Flowers.jpeg|Salix-discolor_Bark.jpeg|Salix-discolor_Leaves2.jpeg|Salix-discolor.png|Salix-discolor-1.png,/nas/content/live/hgnp/wp-content/uploads/2025/06/Salix-discolor_Flowers.jpeg|/nas/content/live/hgnp/wp-content/uploads/2025/06/Salix-discolor_Bark.jpeg|/nas/content/live/hgnp/wp-content/uploads/2025/06/Salix-discolor_Leaves2.jpeg|/nas/content/live/hgnp/wp-content/uploads/2025/06/Salix-discolor.png|/nas/content/live/hgnp/wp-content/uploads/2025/06/Salix-discolor-1.png,12634|12635|12636|12637|12638,Salix-discolor_Flowers.jpeg|Salix-discolor_Bark.jpeg|Salix-discolor_Leaves2.jpeg|Salix-discolor.png|Salix-discolor-1.png,||||,||||,||||,http://homegrownnationalpark.org/wp-content/uploads/2025/06/Salix-discolor_Flowers.jpeg,,,,,,,,,"Canada|United States",Perennial,"5.2 - Mixed Wood Shield|5.3 - Atlantic Highlands|8.1 - Mixed Wood Plains (USA)|8.1 - Mixed Wood Plains (Canada)|8.2 - Central USA Plains","5–7 ft|7–10 ft|10–15 ft|15–20 ft","Full Sun",Shrub|Tree,,Average|High,"Salix discolor","Canada|United States",,"5–7 ft|7–10 ft|10–15 ft|15–20 ft",6,15,4,12,http://homegrownnationalpark.org/wp-content/uploads/2025/06/Salix-discolor_Flowers.jpeg|http://homegrownnationalpark.org/wp-content/uploads/2025/06/Salix-discolor_Bark.jpeg|http://homegrownnationalpark.org/wp-content/uploads/2025/06/Salix-discolor_Leaves2.jpeg|http://homegrownnationalpark.org/wp-content/uploads/2025/06/Salix-discolor.png|http://homegrownnationalpark.org/wp-content/uploads/2025/06/Salix-discolor-1.png
10753,"Bur Oak","This majestic and long-lived tree is known for its large acorns, deeply-loped leaves, and stunning golden-yellow fall color. With its impressive size, drought tolerance, and beautiful foliage, it is a resilient and visually striking addition to any garden. ***Toxic to horses***",,"2025-06-09 10:32:36",plant,https://homegrownnationalpark.org/plant/bur-oak/,http://homegrownnationalpark.org/wp-content/uploads/2025/06/Quercus-macrocarpa_acorn.jpeg|http://homegrownnationalpark.org/wp-content/uploads/2025/06/Quercus-macrocarpa_zoomed-out.jpeg|http://homegrownnationalpark.org/wp-content/uploads/2025/06/Quercus-macrocarpa.jpg|http://homegrownnationalpark.org/wp-content/uploads/2025/06/Quercus-macrocarpa.png|http://homegrownnationalpark.org/wp-content/uploads/2025/06/Quercus-macrocarpa-1.png,Quercus-macrocarpa_acorn.jpeg|Quercus-macrocarpa_zoomed-out.jpeg|Quercus-macrocarpa.jpg|Quercus-macrocarpa.png|Quercus-macrocarpa-1.png,/nas/content/live/hgnp/wp-content/uploads/2025/06/Quercus-macrocarpa_acorn.jpeg|/nas/content/live/hgnp/wp-content/uploads/2025/06/Quercus-macrocarpa_zoomed-out.jpeg|/nas/content/live/hgnp/wp-content/uploads/2025/06/Quercus-macrocarpa.jpg|/nas/content/live/hgnp/wp-content/uploads/2025/06/Quercus-macrocarpa.png|/nas/content/live/hgnp/wp-content/uploads/2025/06/Quercus-macrocarpa-1.png,12639|12640|12641|12642|12643,Quercus-macrocarpa_acorn.jpeg|Quercus-macrocarpa_zoomed-out.jpeg|Quercus-macrocarpa.jpg|Quercus-macrocarpa.png|Quercus-macrocarpa-1.png,||||,||||,||||,http://homegrownnationalpark.org/wp-content/uploads/2025/06/Quercus-macrocarpa_acorn.jpeg,,,,,,,,,"Canada|United States",Perennial,"5.2 - Mixed Wood Shield|8.1 - Mixed Wood Plains (USA)|8.1 - Mixed Wood Plains (Canada)|8.2 - Central USA Plains|9.2 - Temperate Prairies","50+ ft","Full Sun",Tree,,Average,"Quercus macrocarpa","United States|Canada",,"50+ ft",60,80,60,80,http://homegrownnationalpark.org/wp-content/uploads/2025/06/Quercus-macrocarpa_acorn.jpeg|http://homegrownnationalpark.org/wp-content/uploads/2025/06/Quercus-macrocarpa_zoomed-out.jpeg|http://homegrownnationalpark.org/wp-content/uploads/2025/06/Quercus-macrocarpa.jpg|http://homegrownnationalpark.org/wp-content/uploads/2025/06/Quercus-macrocarpa.png|http://homegrownnationalpark.org/wp-content/uploads/2025/06/Quercus-macrocarpa-1.png
10754,"Post Oak","This drought-tolerant tree is known for its distinctive star-shaped leaves and small acorns, attracting wildlife. With its rustic charm and adaptability to different soil conditions, it is a desirable choice for those seeking a hardy and visually appealing tree.",,"2025-06-09 10:32:36",plant,https://homegrownnationalpark.org/plant/post-oak/,http://homegrownnationalpark.org/wp-content/uploads/2025/06/Quercus-stellata_Closeup2.jpg|http://homegrownnationalpark.org/wp-content/uploads/2025/06/Quercus-stellata_leaves.jpg|http://homegrownnationalpark.org/wp-content/uploads/2025/06/Quercus-stellata_zoomed-out.jpg|http://homegrownnationalpark.org/wp-content/uploads/2025/06/Quercus-stellata.png|http://homegrownnationalpark.org/wp-content/uploads/2025/06/Quercus-stellata-1.png,Quercus-stellata_Closeup2.jpg|Quercus-stellata_leaves.jpg|Quercus-stellata_zoomed-out.jpg|Quercus-stellata.png|Quercus-stellata-1.png,/nas/content/live/hgnp/wp-content/uploads/2025/06/Quercus-stellata_Closeup2.jpg|/nas/content/live/hgnp/wp-content/uploads/2025/06/Quercus-stellata_leaves.jpg|/nas/content/live/hgnp/wp-content/uploads/2025/06/Quercus-stellata_zoomed-out.jpg|/nas/content/live/hgnp/wp-content/uploads/2025/06/Quercus-stellata.png|/nas/content/live/hgnp/wp-content/uploads/2025/06/Quercus-stellata-1.png,12644|12645|12646|12647|12648,Quercus-stellata_Closeup2.jpg|Quercus-stellata_leaves.jpg|Quercus-stellata_zoomed-out.jpg|Quercus-stellata.png|Quercus-stellata-1.png,||||,||||,||||,http://homegrownnationalpark.org/wp-content/uploads/2025/06/Quercus-stellata_Closeup2.jpg,,,,,,,,,"United States",Perennial,"8.3 - SE USA Plains|8.4 - Ozark/Ouachita-Appalachian Forests","30–50 ft|50+ ft","Full Sun",Tree,,Average|Low,"Quercus stellata","United States",,"30–50 ft|50+ ft",35,50,35,50,http://homegrownnationalpark.org/wp-content/uploads/2025/06/Quercus-stellata_Closeup2.jpg|http://homegrownnationalpark.org/wp-content/uploads/2025/06/Quercus-stellata_leaves.jpg|http://homegrownnationalpark.org/wp-content/uploads/2025/06/Quercus-stellata_zoomed-out.jpg|http://homegrownnationalpark.org/wp-content/uploads/2025/06/Quercus-stellata.png|http://homegrownnationalpark.org/wp-content/uploads/2025/06/Quercus-stellata-1.png
10755,"Smooth Alder","This versatile shrub or small tree thrives in moist environments and supports 255 species of butterflies and moths. It offers benefits such as nitrogen fixation, erosion control, and attractive foliage with glossy green leaves and winter catkins.",,"2025-06-09 10:32:36",plant,https://homegrownnationalpark.org/plant/smooth-alder/,http://homegrownnationalpark.org/wp-content/uploads/2025/06/Alnus-serrulata_Leaves.jpg|http://homegrownnationalpark.org/wp-content/uploads/2025/06/Alnus-serrulata_ZoomedOut.jpg|http://homegrownnationalpark.org/wp-content/uploads/2025/06/Alnus-serrulata.png|http://homegrownnationalpark.org/wp-content/uploads/2025/06/Alnus-serrulata-1.png,Alnus-serrulata_Leaves.jpg|Alnus-serrulata_ZoomedOut.jpg|Alnus-serrulata.png|Alnus-serrulata-1.png,/nas/content/live/hgnp/wp-content/uploads/2025/06/Alnus-serrulata_Leaves.jpg|/nas/content/live/hgnp/wp-content/uploads/2025/06/Alnus-serrulata_ZoomedOut.jpg|/nas/content/live/hgnp/wp-content/uploads/2025/06/Alnus-serrulata.png|/nas/content/live/hgnp/wp-content/uploads/2025/06/Alnus-serrulata-1.png,12649|12650|12651|12652,Alnus-serrulata_Leaves.jpg|Alnus-serrulata_ZoomedOut.jpg|Alnus-serrulata.png|Alnus-serrulata-1.png,|||,|||,|||,http://homegrownnationalpark.org/wp-content/uploads/2025/06/Alnus-serrulata_Leaves.jpg,,,,,,,,,"United States",Perennial,"5.3 - Atlantic Highlands|8.1 - Mixed Wood Plains (USA)|8.2 - Central USA Plains|8.3 - SE USA Plains|8.4 - Ozark/Ouachita-Appalachian Forests|8.5 - Mississippi Alluvial &amp; SE USA Coastal Plains","10–15 ft|15–20 ft|20–30 ft","Full Sun|Partial Sun",Shrub|Tree,,Average|High,"Alnus serrulata","United States",,"10–15 ft|15–20 ft|20–30 ft",10,20,8,15,http://homegrownnationalpark.org/wp-content/uploads/2025/06/Alnus-serrulata_Leaves.jpg|http://homegrownnationalpark.org/wp-content/uploads/2025/06/Alnus-serrulata_ZoomedOut.jpg|http://homegrownnationalpark.org/wp-content/uploads/2025/06/Alnus-serrulata.png|http://homegrownnationalpark.org/wp-content/uploads/2025/06/Alnus-serrulata-1.png
10756,"Shagbark Hickory","This tree is known for its distinctive shaggy bark, delicious edible nuts, and impressive fall colors. Its foliage transforms into vibrant shades of golden yellow and warm orange during autumn, adding a stunning display of color to the garden.",,"2025-06-09 10:32:36",plant,https://homegrownnationalpark.org/plant/shagbark-hickory/,http://homegrownnationalpark.org/wp-content/uploads/2025/06/Carya-ovata_shagbark-hickory_nut.jpg|http://homegrownnationalpark.org/wp-content/uploads/2025/06/Carya-ovata_shagbark-hickory_zoomed-out.jpg|http://homegrownnationalpark.org/wp-content/uploads/2025/06/Carya-ovata.png|http://homegrownnationalpark.org/wp-content/uploads/2025/06/Carya-ovata-1.png,Carya-ovata_shagbark-hickory_nut.jpg|Carya-ovata_shagbark-hickory_zoomed-out.jpg|Carya-ovata.png|Carya-ovata-1.png,/nas/content/live/hgnp/wp-content/uploads/2025/06/Carya-ovata_shagbark-hickory_nut.jpg|/nas/content/live/hgnp/wp-content/uploads/2025/06/Carya-ovata_shagbark-hickory_zoomed-out.jpg|/nas/content/live/hgnp/wp-content/uploads/2025/06/Carya-ovata.png|/nas/content/live/hgnp/wp-content/uploads/2025/06/Carya-ovata-1.png,12653|12654|12655|12656,Carya-ovata_shagbark-hickory_nut.jpg|Carya-ovata_shagbark-hickory_zoomed-out.jpg|Carya-ovata.png|Carya-ovata-1.png,|||,|||,|||,http://homegrownnationalpark.org/wp-content/uploads/2025/06/Carya-ovata_shagbark-hickory_nut.jpg,,,,,,,,,"Canada|United States",Perennial,"5.3 - Atlantic Highlands|8.1 - Mixed Wood Plains (USA)|8.1 - Mixed Wood Plains (Canada)|8.2 - Central USA Plains|8.3 - SE USA Plains|8.4 - Ozark/Ouachita-Appalachian Forests","50+ ft","Full Sun|Partial Sun",Tree,,Average|Low,"Carya ovata","United States|Canada",,"50+ ft",70,80,50,70,http://homegrownnationalpark.org/wp-content/uploads/2025/06/Carya-ovata_shagbark-hickory_nut.jpg|http://homegrownnationalpark.org/wp-content/uploads/2025/06/Carya-ovata_shagbark-hickory_zoomed-out.jpg|http://homegrownnationalpark.org/wp-content/uploads/2025/06/Carya-ovata.png|http://homegrownnationalpark.org/wp-content/uploads/2025/06/Carya-ovata-1.png
10757,"Red Oak","With its broad, lobed leaves that turn a brilliant red color in the fall, this tree creates a vibrant display of seasonal beauty. Highly attractive to a variety of species and boasting a remarkable lifespan of up to 500 years, this majestic tree not only provides ample shade, but also exhibits remarkable adaptablility to variou soil conditions. ***Toxic to horses and cattle***",,"2025-06-09 10:32:36",plant,https://homegrownnationalpark.org/plant/red-oak/,http://homegrownnationalpark.org/wp-content/uploads/2025/06/Quercus-rubra_Acorn.jpeg|http://homegrownnationalpark.org/wp-content/uploads/2025/06/Quercus-rubra_fall-colors.jpg|http://homegrownnationalpark.org/wp-content/uploads/2025/06/Quercus-rubra_Leaves.jpeg|http://homegrownnationalpark.org/wp-content/uploads/2025/06/Quercus-rubra_Leaves2.jpg|http://homegrownnationalpark.org/wp-content/uploads/2025/06/Quercus-rubra.png|http://homegrownnationalpark.org/wp-content/uploads/2025/06/Quercus-rubra-1.png,Quercus-rubra_Acorn.jpeg|Quercus-rubra_fall-colors.jpg|Quercus-rubra_Leaves.jpeg|Quercus-rubra_Leaves2.jpg|Quercus-rubra.png|Quercus-rubra-1.png,/nas/content/live/hgnp/wp-content/uploads/2025/06/Quercus-rubra_Acorn.jpeg|/nas/content/live/hgnp/wp-content/uploads/2025/06/Quercus-rubra_fall-colors.jpg|/nas/content/live/hgnp/wp-content/uploads/2025/06/Quercus-rubra_Leaves.jpeg|/nas/content/live/hgnp/wp-content/uploads/2025/06/Quercus-rubra_Leaves2.jpg|/nas/content/live/hgnp/wp-content/uploads/2025/06/Quercus-rubra.png|/nas/content/live/hgnp/wp-content/uploads/2025/06/Quercus-rubra-1.png,12657|12658|12659|12660|12661|12662,Quercus-rubra_Acorn.jpeg|Quercus-rubra_fall-colors.jpg|Quercus-rubra_Leaves.jpeg|Quercus-rubra_Leaves2.jpg|Quercus-rubra.png|Quercus-rubra-1.png,|||||,|||||,|||||,http://homegrownnationalpark.org/wp-content/uploads/2025/06/Quercus-rubra_Acorn.jpeg,,,,,,,,,"United States",Perennial,"5.2 - Mixed Wood Shield|5.3 - Atlantic Highlands|8.1 - Mixed Wood Plains (USA)|8.2 - Central USA Plains|8.4 - Ozark/Ouachita-Appalachian Forests|9.2 - Temperate Prairies","50+ ft","Full Sun|Partial Sun",Tree,,Average|Low,"Quercus rubra","United States",,"50+ ft",50,70,50,70,http://homegrownnationalpark.org/wp-content/uploads/2025/06/Quercus-rubra_Acorn.jpeg|http://homegrownnationalpark.org/wp-content/uploads/2025/06/Quercus-rubra_fall-colors.jpg|http://homegrownnationalpark.org/wp-content/uploads/2025/06/Quercus-rubra_Leaves.jpeg|http://homegrownnationalpark.org/wp-content/uploads/2025/06/Quercus-rubra_Leaves2.jpg|http://homegrownnationalpark.org/wp-content/uploads/2025/06/Quercus-rubra.png|http://homegrownnationalpark.org/wp-content/uploads/2025/06/Quercus-rubra-1.png
10758,"Ponderosa Pine","The majestic and resilient tree is known for its tall, straight truchs and distinctive orange-brown bark that peels off in puzzle-like plates. It has long, needle-like leaves grouped in bundles of three and produces large, egg-shaped cones. It can live over 500 years.***Toxic to horses***",,"2025-06-09 10:32:36",plant,https://homegrownnationalpark.org/plant/ponderosa-pine/,http://homegrownnationalpark.org/wp-content/uploads/2025/06/Pinus-ponderosa.png|http://homegrownnationalpark.org/wp-content/uploads/2025/06/Pinus-ponderosa-1.png,Pinus-ponderosa.png|Pinus-ponderosa-1.png,/nas/content/live/hgnp/wp-content/uploads/2025/06/Pinus-ponderosa.png|/nas/content/live/hgnp/wp-content/uploads/2025/06/Pinus-ponderosa-1.png,12663|12664,Pinus-ponderosa.png|Pinus-ponderosa-1.png,|,|,|,http://homegrownnationalpark.org/wp-content/uploads/2025/06/Pinus-ponderosa.png,,,,,,,,,"United States",Perennial,"6.2 - Western Cordillera|10.1 - Cold Deserts|10.2 - Warm Deserts|12.1 - Western Sierra Madre Piedmont|13.1 - Upper Gila Mountains","50+ ft","Full Sun",Tree,,Average,"Pinus ponderosa","United States",,"50+ ft",60,100,25,30,http://homegrownnationalpark.org/wp-content/uploads/2025/06/Pinus-ponderosa.png|http://homegrownnationalpark.org/wp-content/uploads/2025/06/Pinus-ponderosa-1.png
10759,"White Fir","This low maintenance and elegant evergreen tree is known for its soft, bluish-green needles and pleasant citrus scent. It produce attractive cones that transition from purple to light brown.",,"2025-06-09 10:32:36",plant,https://homegrownnationalpark.org/plant/white-fir/,http://homegrownnationalpark.org/wp-content/uploads/2025/06/Abies-concolor_pinecone_white-fir.jpg|http://homegrownnationalpark.org/wp-content/uploads/2025/06/Abies-concolor_zoomed-out_white-fir.jpg|http://homegrownnationalpark.org/wp-content/uploads/2025/06/Abies-concolor_ZoomedOut.jpg|http://homegrownnationalpark.org/wp-content/uploads/2025/06/Abies-concolor.png|http://homegrownnationalpark.org/wp-content/uploads/2025/06/Abies-concolor-1.png,Abies-concolor_pinecone_white-fir.jpg|Abies-concolor_zoomed-out_white-fir.jpg|Abies-concolor_ZoomedOut.jpg|Abies-concolor.png|Abies-concolor-1.png,/nas/content/live/hgnp/wp-content/uploads/2025/06/Abies-concolor_pinecone_white-fir.jpg|/nas/content/live/hgnp/wp-content/uploads/2025/06/Abies-concolor_zoomed-out_white-fir.jpg|/nas/content/live/hgnp/wp-content/uploads/2025/06/Abies-concolor_ZoomedOut.jpg|/nas/content/live/hgnp/wp-content/uploads/2025/06/Abies-concolor.png|/nas/content/live/hgnp/wp-content/uploads/2025/06/Abies-concolor-1.png,12665|12666|12667|12668|12669,Abies-concolor_pinecone_white-fir.jpg|Abies-concolor_zoomed-out_white-fir.jpg|Abies-concolor_ZoomedOut.jpg|Abies-concolor.png|Abies-concolor-1.png,||||,||||,||||,http://homegrownnationalpark.org/wp-content/uploads/2025/06/Abies-concolor_pinecone_white-fir.jpg,,,,,,,,,"United States",Perennial,"13.1 - Upper Gila Mountains","10–15 ft|15–20 ft|20–30 ft|30–50 ft","Full Sun|Partial Sun",Tree,,Average,"Abies concolor","United States",,"10–15 ft|15–20 ft|20–30 ft|30–50 ft",10,30,10,15,http://homegrownnationalpark.org/wp-content/uploads/2025/06/Abies-concolor_pinecone_white-fir.jpg|http://homegrownnationalpark.org/wp-content/uploads/2025/06/Abies-concolor_zoomed-out_white-fir.jpg|http://homegrownnationalpark.org/wp-content/uploads/2025/06/Abies-concolor_ZoomedOut.jpg|http://homegrownnationalpark.org/wp-content/uploads/2025/06/Abies-concolor.png|http://homegrownnationalpark.org/wp-content/uploads/2025/06/Abies-concolor-1.png
10760,"Red Alder","This tree features dark green leaves, brown catkins, and cone-like fruits.Supporting over 200 caterpillar species, with nitrogen-fixing nodules and erosion control benefits, it enriches soil and provides vital habitat wildlife.",,"2025-06-09 10:33:01",plant,https://homegrownnationalpark.org/plant/red-alder/,http://homegrownnationalpark.org/wp-content/uploads/2025/06/Alnus-rubra_Cones.jpeg|http://homegrownnationalpark.org/wp-content/uploads/2025/06/Alnus-rubra_red-alder_zoomed-out.jpg|http://homegrownnationalpark.org/wp-content/uploads/2025/06/Alnus-rubra_red-alder_zoomed-out2.jpg|http://homegrownnationalpark.org/wp-content/uploads/2025/06/Alnus-rubra.png|http://homegrownnationalpark.org/wp-content/uploads/2025/06/Alnus-rubra-1.png,Alnus-rubra_Cones.jpeg|Alnus-rubra_red-alder_zoomed-out.jpg|Alnus-rubra_red-alder_zoomed-out2.jpg|Alnus-rubra.png|Alnus-rubra-1.png,/nas/content/live/hgnp/wp-content/uploads/2025/06/Alnus-rubra_Cones.jpeg|/nas/content/live/hgnp/wp-content/uploads/2025/06/Alnus-rubra_red-alder_zoomed-out.jpg|/nas/content/live/hgnp/wp-content/uploads/2025/06/Alnus-rubra_red-alder_zoomed-out2.jpg|/nas/content/live/hgnp/wp-content/uploads/2025/06/Alnus-rubra.png|/nas/content/live/hgnp/wp-content/uploads/2025/06/Alnus-rubra-1.png,12670|12671|12672|12673|12674,Alnus-rubra_Cones.jpeg|Alnus-rubra_red-alder_zoomed-out.jpg|Alnus-rubra_red-alder_zoomed-out2.jpg|Alnus-rubra.png|Alnus-rubra-1.png,||||,||||,||||,http://homegrownnationalpark.org/wp-content/uploads/2025/06/Alnus-rubra_Cones.jpeg,,,,,,,,,"Canada|United States",Perennial,"7.1 - Marine West Coast Forests (Lower 48)|7.1 - Marine West Coast Forests (Alaska)|7.1 - Marine West Coast Forests (Canada)","30–50 ft|50+ ft","Full Sun|Partial Sun|Shade",Tree,,Average|High,"Alnus rubra","United States|Canada",,"30–50 ft|50+ ft",40,50,20,30,http://homegrownnationalpark.org/wp-content/uploads/2025/06/Alnus-rubra_Cones.jpeg|http://homegrownnationalpark.org/wp-content/uploads/2025/06/Alnus-rubra_red-alder_zoomed-out.jpg|http://homegrownnationalpark.org/wp-content/uploads/2025/06/Alnus-rubra_red-alder_zoomed-out2.jpg|http://homegrownnationalpark.org/wp-content/uploads/2025/06/Alnus-rubra.png|http://homegrownnationalpark.org/wp-content/uploads/2025/06/Alnus-rubra-1.png
10761,"Coyote Willow","This plant thrives in diverse habitats, offering drought resistance, flood tolerance, and erosion prevention. With gray-green leaves and pale lemon catkins in spring, it adds visual interest and supports various wildlife species.",,"2025-06-09 10:33:01",plant,https://homegrownnationalpark.org/plant/coyote-willow/,http://homegrownnationalpark.org/wp-content/uploads/2025/06/Salix-exigua_flower.jpg|http://homegrownnationalpark.org/wp-content/uploads/2025/06/Salix-exigua_Flowers.jpeg|http://homegrownnationalpark.org/wp-content/uploads/2025/06/Salix-exigua_zoomed-out.jpeg|http://homegrownnationalpark.org/wp-content/uploads/2025/06/Salix-exigua.png|http://homegrownnationalpark.org/wp-content/uploads/2025/06/Salix-exigua-1.png,Salix-exigua_flower.jpg|Salix-exigua_Flowers.jpeg|Salix-exigua_zoomed-out.jpeg|Salix-exigua.png|Salix-exigua-1.png,/nas/content/live/hgnp/wp-content/uploads/2025/06/Salix-exigua_flower.jpg|/nas/content/live/hgnp/wp-content/uploads/2025/06/Salix-exigua_Flowers.jpeg|/nas/content/live/hgnp/wp-content/uploads/2025/06/Salix-exigua_zoomed-out.jpeg|/nas/content/live/hgnp/wp-content/uploads/2025/06/Salix-exigua.png|/nas/content/live/hgnp/wp-content/uploads/2025/06/Salix-exigua-1.png,12676|12677|12678|12679|12680,Salix-exigua_flower.jpg|Salix-exigua_Flowers.jpeg|Salix-exigua_zoomed-out.jpeg|Salix-exigua.png|Salix-exigua-1.png,||||,||||,||||,http://homegrownnationalpark.org/wp-content/uploads/2025/06/Salix-exigua_flower.jpg,,,,,,,,,"United States",Perennial,"6.2 - Western Cordillera|10.1 - Cold Deserts|10.2 - Warm Deserts|11.1 - Mediterranean California|12.1 - Western Sierra Madre Piedmont|13.1 - Upper Gila Mountains","15–20 ft|20–30 ft","Full Sun",Shrub|Tree,,Average|High,"Salix exigua","United States",,"15–20 ft|20–30 ft",15,20,15,20,http://homegrownnationalpark.org/wp-content/uploads/2025/06/Salix-exigua_flower.jpg|http://homegrownnationalpark.org/wp-content/uploads/2025/06/Salix-exigua_Flowers.jpeg|http://homegrownnationalpark.org/wp-content/uploads/2025/06/Salix-exigua_zoomed-out.jpeg|http://homegrownnationalpark.org/wp-content/uploads/2025/06/Salix-exigua.png|http://homegrownnationalpark.org/wp-content/uploads/2025/06/Salix-exigua-1.png
10762,"Red Maple","This fast-growing tree produces tiny red flowers in early spring. It has dark green spring leaves that transition to yellow or red in autumn.",,"2025-06-09 10:33:01",plant,https://homegrownnationalpark.org/plant/red-maple/,http://homegrownnationalpark.org/wp-content/uploads/2025/06/Acer-rubrum_zoomed-out_red-maple.png|http://homegrownnationalpark.org/wp-content/uploads/2025/06/Acer-rubrum_ZoomedOut.jpeg|http://homegrownnationalpark.org/wp-content/uploads/2025/06/Acer-rubrum.png|http://homegrownnationalpark.org/wp-content/uploads/2025/06/Acer-rubrum-1.png,Acer-rubrum_zoomed-out_red-maple.png|Acer-rubrum_ZoomedOut.jpeg|Acer-rubrum.png|Acer-rubrum-1.png,/nas/content/live/hgnp/wp-content/uploads/2025/06/Acer-rubrum_zoomed-out_red-maple.png|/nas/content/live/hgnp/wp-content/uploads/2025/06/Acer-rubrum_ZoomedOut.jpeg|/nas/content/live/hgnp/wp-content/uploads/2025/06/Acer-rubrum.png|/nas/content/live/hgnp/wp-content/uploads/2025/06/Acer-rubrum-1.png,12681|12682|12683|12684,Acer-rubrum_zoomed-out_red-maple.png|Acer-rubrum_ZoomedOut.jpeg|Acer-rubrum.png|Acer-rubrum-1.png,|||,|||,|||,http://homegrownnationalpark.org/wp-content/uploads/2025/06/Acer-rubrum_zoomed-out_red-maple.png,,,,,,,,,"Canada|United States",Perennial,"5.2 - Mixed Wood Shield|5.3 - Atlantic Highlands|8.1 - Mixed Wood Plains (USA)|8.1 - Mixed Wood Plains (Canada)|8.2 - Central USA Plains|8.3 - SE USA Plains|8.4 - Ozark/Ouachita-Appalachian Forests|8.5 - Mississippi Alluvial &amp; SE USA Coastal Plains","30–50 ft|50+ ft","Full Sun|Partial Sun",Tree,,Average,"Acer rubrum","United States|Canada",,"30–50 ft|50+ ft",40,70,30,50,http://homegrownnationalpark.org/wp-content/uploads/2025/06/Acer-rubrum_zoomed-out_red-maple.png|http://homegrownnationalpark.org/wp-content/uploads/2025/06/Acer-rubrum_ZoomedOut.jpeg|http://homegrownnationalpark.org/wp-content/uploads/2025/06/Acer-rubrum.png|http://homegrownnationalpark.org/wp-content/uploads/2025/06/Acer-rubrum-1.png
10763,"Eastern White Pine","This tree features soft blue-green needles and large pinecones that provide added visual interest. As an evergreen, it offers year-round beauty.",,"2025-06-09 10:33:01",plant,https://homegrownnationalpark.org/plant/eastern-white-pine/,http://homegrownnationalpark.org/wp-content/uploads/2025/06/Pinus-strobus.png|http://homegrownnationalpark.org/wp-content/uploads/2025/06/Pinus-strobus-1.png,Pinus-strobus.png|Pinus-strobus-1.png,/nas/content/live/hgnp/wp-content/uploads/2025/06/Pinus-strobus.png|/nas/content/live/hgnp/wp-content/uploads/2025/06/Pinus-strobus-1.png,12685|12686,Pinus-strobus.png|Pinus-strobus-1.png,|,|,|,http://homegrownnationalpark.org/wp-content/uploads/2025/06/Pinus-strobus.png,,,,,,,,,"Canada|United States",Perennial,"5.2 - Mixed Wood Shield|8.1 - Mixed Wood Plains (USA)|8.1 - Mixed Wood Plains (Canada)","50+ ft","Full Sun",Tree,,Average|Low,"Pinus strobus","United States|Canada",,"50+ ft",50,80,20,40,http://homegrownnationalpark.org/wp-content/uploads/2025/06/Pinus-strobus.png|http://homegrownnationalpark.org/wp-content/uploads/2025/06/Pinus-strobus-1.png
10764,"Sugar Maple","This tree showcases outstanding fall colors with vibrant shades fo orange, red, and yellow, making it an attractive addition to any garden. It also prduces small yellow flowers in spring and is used for maple syrup.",,"2025-06-09 10:33:01",plant,https://homegrownnationalpark.org/plant/sugar-maple/,http://homegrownnationalpark.org/wp-content/uploads/2025/06/Acer-saccharum_sugar-maple_close-fall-colors.jpeg|http://homegrownnationalpark.org/wp-content/uploads/2025/06/Acer-saccharum_sugar-maple__zoomed-fall-colors-1.jpg|http://homegrownnationalpark.org/wp-content/uploads/2025/06/Acer-saccharum_sugar-maple_zoomed-out.jpg|http://homegrownnationalpark.org/wp-content/uploads/2025/06/Acer-saccharum.png|http://homegrownnationalpark.org/wp-content/uploads/2025/06/Acer-saccharum-1.png,Acer-saccharum_sugar-maple_close-fall-colors.jpeg|Acer-saccharum_sugar-maple__zoomed-fall-colors-1.jpg|Acer-saccharum_sugar-maple_zoomed-out.jpg|Acer-saccharum.png|Acer-saccharum-1.png,/nas/content/live/hgnp/wp-content/uploads/2025/06/Acer-saccharum_sugar-maple_close-fall-colors.jpeg|/nas/content/live/hgnp/wp-content/uploads/2025/06/Acer-saccharum_sugar-maple__zoomed-fall-colors-1.jpg|/nas/content/live/hgnp/wp-content/uploads/2025/06/Acer-saccharum_sugar-maple_zoomed-out.jpg|/nas/content/live/hgnp/wp-content/uploads/2025/06/Acer-saccharum.png|/nas/content/live/hgnp/wp-content/uploads/2025/06/Acer-saccharum-1.png,12687|12688|12689|12690|12691,Acer-saccharum_sugar-maple_close-fall-colors.jpeg|Acer-saccharum_sugar-maple__zoomed-fall-colors-1.jpg|Acer-saccharum_sugar-maple_zoomed-out.jpg|Acer-saccharum.png|Acer-saccharum-1.png,||||,||||,||||,http://homegrownnationalpark.org/wp-content/uploads/2025/06/Acer-saccharum_sugar-maple_close-fall-colors.jpeg,,,,,,,,,"Canada|United States",Perennial,"5.2 - Mixed Wood Shield|5.3 - Atlantic Highlands|8.1 - Mixed Wood Plains (USA)|8.1 - Mixed Wood Plains (Canada)|8.2 - Central USA Plains|8.4 - Ozark/Ouachita-Appalachian Forests","30–50 ft|50+ ft","Full Sun|Partial Sun",Tree,,Average,"Acer saccharum","United States|Canada",,"30–50 ft|50+ ft",40,80,30,60,http://homegrownnationalpark.org/wp-content/uploads/2025/06/Acer-saccharum_sugar-maple_close-fall-colors.jpeg|http://homegrownnationalpark.org/wp-content/uploads/2025/06/Acer-saccharum_sugar-maple__zoomed-fall-colors-1.jpg|http://homegrownnationalpark.org/wp-content/uploads/2025/06/Acer-saccharum_sugar-maple_zoomed-out.jpg|http://homegrownnationalpark.org/wp-content/uploads/2025/06/Acer-saccharum.png|http://homegrownnationalpark.org/wp-content/uploads/2025/06/Acer-saccharum-1.png
10765,Saltbush,"This short lived shrub has oval, sharp-toothed, gray-green leaves 2 inches long. This species also has white flowers from late summer to fall and is typically pest and disease free.",,"2025-06-09 10:33:01",plant,https://homegrownnationalpark.org/plant/saltbush/,http://homegrownnationalpark.org/wp-content/uploads/2025/06/Baccharis-halimifolia_Flowers.jpg|http://homegrownnationalpark.org/wp-content/uploads/2025/06/Baccharis-halimifolia_Leaves2.jpg|http://homegrownnationalpark.org/wp-content/uploads/2025/06/Baccharis-halimifolia_ZoomedOut.jpg|http://homegrownnationalpark.org/wp-content/uploads/2025/06/Baccharis-halimifolia.png|http://homegrownnationalpark.org/wp-content/uploads/2025/06/Baccharis-halimifolia-1.png,Baccharis-halimifolia_Flowers.jpg|Baccharis-halimifolia_Leaves2.jpg|Baccharis-halimifolia_ZoomedOut.jpg|Baccharis-halimifolia.png|Baccharis-halimifolia-1.png,/nas/content/live/hgnp/wp-content/uploads/2025/06/Baccharis-halimifolia_Flowers.jpg|/nas/content/live/hgnp/wp-content/uploads/2025/06/Baccharis-halimifolia_Leaves2.jpg|/nas/content/live/hgnp/wp-content/uploads/2025/06/Baccharis-halimifolia_ZoomedOut.jpg|/nas/content/live/hgnp/wp-content/uploads/2025/06/Baccharis-halimifolia.png|/nas/content/live/hgnp/wp-content/uploads/2025/06/Baccharis-halimifolia-1.png,12692|12693|12694|12695|12696,Baccharis-halimifolia_Flowers.jpg|Baccharis-halimifolia_Leaves2.jpg|Baccharis-halimifolia_ZoomedOut.jpg|Baccharis-halimifolia.png|Baccharis-halimifolia-1.png,||||,||||,||||,http://homegrownnationalpark.org/wp-content/uploads/2025/06/Baccharis-halimifolia_Flowers.jpg,,,,,,,,,"United States",Perennial,"8.5 - Mississippi Alluvial &amp; SE USA Coastal Plains|15.4 - Everglades","3–4 ft|4–5 ft|5–7 ft|7–10 ft|10–15 ft","Full Sun",Shrub,,Average|High,"Baccharis halimifolia","United States",,"3–4 ft|4–5 ft|5–7 ft|7–10 ft|10–15 ft",3,10,3,10,http://homegrownnationalpark.org/wp-content/uploads/2025/06/Baccharis-halimifolia_Flowers.jpg|http://homegrownnationalpark.org/wp-content/uploads/2025/06/Baccharis-halimifolia_Leaves2.jpg|http://homegrownnationalpark.org/wp-content/uploads/2025/06/Baccharis-halimifolia_ZoomedOut.jpg|http://homegrownnationalpark.org/wp-content/uploads/2025/06/Baccharis-halimifolia.png|http://homegrownnationalpark.org/wp-content/uploads/2025/06/Baccharis-halimifolia-1.png
10766,"Slash Pine","This long lived tree has green needles from 6-12 inches and brown cones 2-6 inches long on mature specimens that are an important food source for birds and small mammals.",,"2025-06-09 10:33:01",plant,https://homegrownnationalpark.org/plant/slash-pine/,http://homegrownnationalpark.org/wp-content/uploads/2025/06/Pinus-elliottii.png|http://homegrownnationalpark.org/wp-content/uploads/2025/06/Pinus-elliottii-1.png,Pinus-elliottii.png|Pinus-elliottii-1.png,/nas/content/live/hgnp/wp-content/uploads/2025/06/Pinus-elliottii.png|/nas/content/live/hgnp/wp-content/uploads/2025/06/Pinus-elliottii-1.png,12697|12698,Pinus-elliottii.png|Pinus-elliottii-1.png,|,|,|,http://homegrownnationalpark.org/wp-content/uploads/2025/06/Pinus-elliottii.png,,,,,,,,,"United States",Perennial,"15.4 - Everglades","50+ ft","Full Sun|Partial Sun",Tree,,Average,"Pinus elliottii","United States",,"50+ ft",70,100,30,50,http://homegrownnationalpark.org/wp-content/uploads/2025/06/Pinus-elliottii.png|http://homegrownnationalpark.org/wp-content/uploads/2025/06/Pinus-elliottii-1.png
10767,"Garry Oak","This adaptable tree has striking, deeply lobed leaves that turn vibrant yellow to red in the fall. This species can thrive in a variety of soil types and requires low water, making it a low maintenance choice.",,"2025-06-09 10:33:01",plant,https://homegrownnationalpark.org/plant/garry-oak/,http://homegrownnationalpark.org/wp-content/uploads/2025/06/Quercus-garryana_acorn.jpeg|http://homegrownnationalpark.org/wp-content/uploads/2025/06/Quercus-garryana_zoomed-out.jpeg|http://homegrownnationalpark.org/wp-content/uploads/2025/06/Quercus-garryana.png|http://homegrownnationalpark.org/wp-content/uploads/2025/06/Quercus-garryana-1.png,Quercus-garryana_acorn.jpeg|Quercus-garryana_zoomed-out.jpeg|Quercus-garryana.png|Quercus-garryana-1.png,/nas/content/live/hgnp/wp-content/uploads/2025/06/Quercus-garryana_acorn.jpeg|/nas/content/live/hgnp/wp-content/uploads/2025/06/Quercus-garryana_zoomed-out.jpeg|/nas/content/live/hgnp/wp-content/uploads/2025/06/Quercus-garryana.png|/nas/content/live/hgnp/wp-content/uploads/2025/06/Quercus-garryana-1.png,12699|12700|12701|12702,Quercus-garryana_acorn.jpeg|Quercus-garryana_zoomed-out.jpeg|Quercus-garryana.png|Quercus-garryana-1.png,|||,|||,|||,http://homegrownnationalpark.org/wp-content/uploads/2025/06/Quercus-garryana_acorn.jpeg,,,,,,,,,"United States",Perennial,"7.1 - Marine West Coast Forests (Lower 48)","30–50 ft|50+ ft","Full Sun|Partial Sun|Shade",Tree,,Low,"Quercus garryana","United States",,"30–50 ft|50+ ft",40,90,30,80,http://homegrownnationalpark.org/wp-content/uploads/2025/06/Quercus-garryana_acorn.jpeg|http://homegrownnationalpark.org/wp-content/uploads/2025/06/Quercus-garryana_zoomed-out.jpeg|http://homegrownnationalpark.org/wp-content/uploads/2025/06/Quercus-garryana.png|http://homegrownnationalpark.org/wp-content/uploads/2025/06/Quercus-garryana-1.png
10768,"Sand Laurel Oak","This resilient and fast-growing tree is known for thriving in sandy or well-drained soils and has leathery leaves. While relatively short-lived, it remains valuable as a food source for birds, mammals, and insects. ***Toxic to horses***",,"2025-06-09 10:33:23",plant,https://homegrownnationalpark.org/plant/sand-laurel-oak/,http://homegrownnationalpark.org/wp-content/uploads/2025/06/Quercus-hemisphaerica.jpg|http://homegrownnationalpark.org/wp-content/uploads/2025/06/Quercus-hemisphaerica_trunk.jpeg|http://homegrownnationalpark.org/wp-content/uploads/2025/06/Quercus-hemisphaerica.png|http://homegrownnationalpark.org/wp-content/uploads/2025/06/Quercus-hemisphaerica-1.png,Quercus-hemisphaerica.jpg|Quercus-hemisphaerica_trunk.jpeg|Quercus-hemisphaerica.png|Quercus-hemisphaerica-1.png,/nas/content/live/hgnp/wp-content/uploads/2025/06/Quercus-hemisphaerica.jpg|/nas/content/live/hgnp/wp-content/uploads/2025/06/Quercus-hemisphaerica_trunk.jpeg|/nas/content/live/hgnp/wp-content/uploads/2025/06/Quercus-hemisphaerica.png|/nas/content/live/hgnp/wp-content/uploads/2025/06/Quercus-hemisphaerica-1.png,12703|12704|12705|12706,Quercus-hemisphaerica.jpg|Quercus-hemisphaerica_trunk.jpeg|Quercus-hemisphaerica.png|Quercus-hemisphaerica-1.png,|||,|||,|||,http://homegrownnationalpark.org/wp-content/uploads/2025/06/Quercus-hemisphaerica.jpg,,,,,,,,,"United States",Perennial,"8.5 - Mississippi Alluvial &amp; SE USA Coastal Plains|15.4 - Everglades","30–50 ft|50+ ft","Full Sun|Partial Sun",Tree,,Low,"Quercus hemisphaerica","United States",,"30–50 ft|50+ ft",40,60,30,40,http://homegrownnationalpark.org/wp-content/uploads/2025/06/Quercus-hemisphaerica.jpg|http://homegrownnationalpark.org/wp-content/uploads/2025/06/Quercus-hemisphaerica_trunk.jpeg|http://homegrownnationalpark.org/wp-content/uploads/2025/06/Quercus-hemisphaerica.png|http://homegrownnationalpark.org/wp-content/uploads/2025/06/Quercus-hemisphaerica-1.png
10769,"Carolina Cherry Laurel","This versatile evergreen tree has glossy leaves that emit an almond scent when bruised. Fragrant white flowers in early spring attract polliators, followed by small red cherries ripening to black, providing a valuable food source for birds.",,"2025-06-09 10:33:01",plant,https://homegrownnationalpark.org/plant/carolina-cherry-laurel/,http://homegrownnationalpark.org/wp-content/uploads/2025/06/Prunus-caroliniana_flowers.jpeg|http://homegrownnationalpark.org/wp-content/uploads/2025/06/Prunus-caroliniana_ZoomedOut.jpg|http://homegrownnationalpark.org/wp-content/uploads/2025/06/Prunus-caroliniana_leaves-1.jpg|http://homegrownnationalpark.org/wp-content/uploads/2025/06/Prunus-caroliniana.png|http://homegrownnationalpark.org/wp-content/uploads/2025/06/Prunus-caroliniana-1.png,Prunus-caroliniana_flowers.jpeg|Prunus-caroliniana_ZoomedOut.jpg|Prunus-caroliniana_leaves-1.jpg|Prunus-caroliniana.png|Prunus-caroliniana-1.png,/nas/content/live/hgnp/wp-content/uploads/2025/06/Prunus-caroliniana_flowers.jpeg|/nas/content/live/hgnp/wp-content/uploads/2025/06/Prunus-caroliniana_ZoomedOut.jpg|/nas/content/live/hgnp/wp-content/uploads/2025/06/Prunus-caroliniana_leaves-1.jpg|/nas/content/live/hgnp/wp-content/uploads/2025/06/Prunus-caroliniana.png|/nas/content/live/hgnp/wp-content/uploads/2025/06/Prunus-caroliniana-1.png,12707|12708|12709|12710|12711,Prunus-caroliniana_flowers.jpeg|Prunus-caroliniana_ZoomedOut.jpg|Prunus-caroliniana_leaves-1.jpg|Prunus-caroliniana.png|Prunus-caroliniana-1.png,||||,||||,||||,http://homegrownnationalpark.org/wp-content/uploads/2025/06/Prunus-caroliniana_flowers.jpeg,,,,,,,,,"United States",Perennial,"8.5 - Mississippi Alluvial &amp; SE USA Coastal Plains|9.5 - Texas-Lousiana Coastal Plains|15.4 - Everglades","20–30 ft|30–50 ft","Full Sun|Partial Sun",Shrub|Tree,,Average,"Prunus caroliniana","United States",,"20–30 ft|30–50 ft",20,30,15,25,http://homegrownnationalpark.org/wp-content/uploads/2025/06/Prunus-caroliniana_flowers.jpeg|http://homegrownnationalpark.org/wp-content/uploads/2025/06/Prunus-caroliniana_ZoomedOut.jpg|http://homegrownnationalpark.org/wp-content/uploads/2025/06/Prunus-caroliniana_leaves-1.jpg|http://homegrownnationalpark.org/wp-content/uploads/2025/06/Prunus-caroliniana.png|http://homegrownnationalpark.org/wp-content/uploads/2025/06/Prunus-caroliniana-1.png
10770,"Limber Pine","This sturdy and adaptable tree features blue-green needles up to 3 inches long and produces 8-inch green egg-shaped cones that turn yellow-brown at maturity. This species is deer tolerant.",,"2025-06-09 10:33:01",plant,https://homegrownnationalpark.org/plant/limber-pine/,http://homegrownnationalpark.org/wp-content/uploads/2025/06/Pinus-flexilis.png|http://homegrownnationalpark.org/wp-content/uploads/2025/06/Pinus-flexilis-1.png,Pinus-flexilis.png|Pinus-flexilis-1.png,/nas/content/live/hgnp/wp-content/uploads/2025/06/Pinus-flexilis.png|/nas/content/live/hgnp/wp-content/uploads/2025/06/Pinus-flexilis-1.png,12712|12713,Pinus-flexilis.png|Pinus-flexilis-1.png,|,|,|,http://homegrownnationalpark.org/wp-content/uploads/2025/06/Pinus-flexilis.png,,,,,,,,,"United States",Perennial,"12.1 - Western Sierra Madre Piedmont|13.1 - Upper Gila Mountains","30–50 ft|50+ ft","Full Sun",Tree,,Average,"Pinus flexilis","United States",,"30–50 ft|50+ ft",40,60,25,40,http://homegrownnationalpark.org/wp-content/uploads/2025/06/Pinus-flexilis.png|http://homegrownnationalpark.org/wp-content/uploads/2025/06/Pinus-flexilis-1.png
10771,"Goodding's Willow","This versatile shrub or small tree has lance-shaped leaves and narrow catkins. It excels in erosion control, making it an invaluable choice for landscapes near water bodies or flood-prone regions.",,"2025-06-09 10:33:23",plant,https://homegrownnationalpark.org/plant/gooddings-willow/,http://homegrownnationalpark.org/wp-content/uploads/2025/06/Salix-gooddingii-close.jpeg|http://homegrownnationalpark.org/wp-content/uploads/2025/06/Salix-gooddingii-zoomed-out.jpg|http://homegrownnationalpark.org/wp-content/uploads/2025/06/Salix-gooddingii.png|http://homegrownnationalpark.org/wp-content/uploads/2025/06/Salix-gooddingii-1.png,Salix-gooddingii-close.jpeg|Salix-gooddingii-zoomed-out.jpg|Salix-gooddingii.png|Salix-gooddingii-1.png,/nas/content/live/hgnp/wp-content/uploads/2025/06/Salix-gooddingii-close.jpeg|/nas/content/live/hgnp/wp-content/uploads/2025/06/Salix-gooddingii-zoomed-out.jpg|/nas/content/live/hgnp/wp-content/uploads/2025/06/Salix-gooddingii.png|/nas/content/live/hgnp/wp-content/uploads/2025/06/Salix-gooddingii-1.png,12714|12715|12716|12717,Salix-gooddingii-close.jpeg|Salix-gooddingii-zoomed-out.jpg|Salix-gooddingii.png|Salix-gooddingii-1.png,|||,|||,|||,http://homegrownnationalpark.org/wp-content/uploads/2025/06/Salix-gooddingii-close.jpeg,,,,,,,,,"United States",Perennial,"10.2 - Warm Deserts|11.1 - Mediterranean California|12.1 - Western Sierra Madre Piedmont|13.1 - Upper Gila Mountains","15–20 ft|20–30 ft|30–50 ft","Full Sun",Tree,,Average|High,"Salix gooddingii","United States",,"15–20 ft|20–30 ft|30–50 ft",15,40,25,25,http://homegrownnationalpark.org/wp-content/uploads/2025/06/Salix-gooddingii-close.jpeg|http://homegrownnationalpark.org/wp-content/uploads/2025/06/Salix-gooddingii-zoomed-out.jpg|http://homegrownnationalpark.org/wp-content/uploads/2025/06/Salix-gooddingii.png|http://homegrownnationalpark.org/wp-content/uploads/2025/06/Salix-gooddingii-1.png
10772,"White Alder","This tree has distinctive diamond-shaped leaves and provides habitat for various bird species. With its tolerance for wet conditions, it's a suitable choice for landscapes near water bodies. It supports over 200 caterpillar species.",,"2025-06-09 10:33:01",plant,https://homegrownnationalpark.org/plant/white-alder/,http://homegrownnationalpark.org/wp-content/uploads/2025/06/Alnus-rhombifolia_Seeds.jpeg|http://homegrownnationalpark.org/wp-content/uploads/2025/06/Alnus-rhombifolia_white-alder_zoomed-out.jpeg|http://homegrownnationalpark.org/wp-content/uploads/2025/06/Alnus-rhombifolia.png|http://homegrownnationalpark.org/wp-content/uploads/2025/06/Alnus-rhombifolia-1.png,Alnus-rhombifolia_Seeds.jpeg|Alnus-rhombifolia_white-alder_zoomed-out.jpeg|Alnus-rhombifolia.png|Alnus-rhombifolia-1.png,/nas/content/live/hgnp/wp-content/uploads/2025/06/Alnus-rhombifolia_Seeds.jpeg|/nas/content/live/hgnp/wp-content/uploads/2025/06/Alnus-rhombifolia_white-alder_zoomed-out.jpeg|/nas/content/live/hgnp/wp-content/uploads/2025/06/Alnus-rhombifolia.png|/nas/content/live/hgnp/wp-content/uploads/2025/06/Alnus-rhombifolia-1.png,12718|12719|12720|12721,Alnus-rhombifolia_Seeds.jpeg|Alnus-rhombifolia_white-alder_zoomed-out.jpeg|Alnus-rhombifolia.png|Alnus-rhombifolia-1.png,|||,|||,|||,http://homegrownnationalpark.org/wp-content/uploads/2025/06/Alnus-rhombifolia_Seeds.jpeg,,,,,,,,,"United States",Perennial,"11.1 - Mediterranean California","50+ ft","Full Sun|Partial Sun",Tree,,Average|High,"Alnus rhombifolia","United States",,"50+ ft",50,80,40,60,http://homegrownnationalpark.org/wp-content/uploads/2025/06/Alnus-rhombifolia_Seeds.jpeg|http://homegrownnationalpark.org/wp-content/uploads/2025/06/Alnus-rhombifolia_white-alder_zoomed-out.jpeg|http://homegrownnationalpark.org/wp-content/uploads/2025/06/Alnus-rhombifolia.png|http://homegrownnationalpark.org/wp-content/uploads/2025/06/Alnus-rhombifolia-1.png
10773,Cranberry,"This low growing shrub has pink-white tiny flowers that appear in late spring to early summer and give way to red cranberries that ripen in mid fall. Small glossy leather leaves are bronze in spring, dark green in summer, and copper or purple in winter.",,"2025-06-09 10:33:23",plant,https://homegrownnationalpark.org/plant/cranberry/,http://homegrownnationalpark.org/wp-content/uploads/2025/06/Vaccinium-macrocarpon_Flowers.jpg|http://homegrownnationalpark.org/wp-content/uploads/2025/06/Vaccinium-macrocarpon_Flowers2.jpeg|http://homegrownnationalpark.org/wp-content/uploads/2025/06/Vaccinium-macrocarpon_Fruit.jpeg|http://homegrownnationalpark.org/wp-content/uploads/2025/06/Vaccinium-macrocarpon_Fruit2.jpeg|http://homegrownnationalpark.org/wp-content/uploads/2025/06/Vaccinium-macrocarpon_Leaves.jpg|http://homegrownnationalpark.org/wp-content/uploads/2025/06/Vaccinium-macrocarpon.png|http://homegrownnationalpark.org/wp-content/uploads/2025/06/Vaccinium-macrocarpon-1.png,Vaccinium-macrocarpon_Flowers.jpg|Vaccinium-macrocarpon_Flowers2.jpeg|Vaccinium-macrocarpon_Fruit.jpeg|Vaccinium-macrocarpon_Fruit2.jpeg|Vaccinium-macrocarpon_Leaves.jpg|Vaccinium-macrocarpon.png|Vaccinium-macrocarpon-1.png,/nas/content/live/hgnp/wp-content/uploads/2025/06/Vaccinium-macrocarpon_Flowers.jpg|/nas/content/live/hgnp/wp-content/uploads/2025/06/Vaccinium-macrocarpon_Flowers2.jpeg|/nas/content/live/hgnp/wp-content/uploads/2025/06/Vaccinium-macrocarpon_Fruit.jpeg|/nas/content/live/hgnp/wp-content/uploads/2025/06/Vaccinium-macrocarpon_Fruit2.jpeg|/nas/content/live/hgnp/wp-content/uploads/2025/06/Vaccinium-macrocarpon_Leaves.jpg|/nas/content/live/hgnp/wp-content/uploads/2025/06/Vaccinium-macrocarpon.png|/nas/content/live/hgnp/wp-content/uploads/2025/06/Vaccinium-macrocarpon-1.png,12722|12723|12724|12725|12726|12727|12728,Vaccinium-macrocarpon_Flowers.jpg|Vaccinium-macrocarpon_Flowers2.jpeg|Vaccinium-macrocarpon_Fruit.jpeg|Vaccinium-macrocarpon_Fruit2.jpeg|Vaccinium-macrocarpon_Leaves.jpg|Vaccinium-macrocarpon.png|Vaccinium-macrocarpon-1.png,||||||,||||||,||||||,http://homegrownnationalpark.org/wp-content/uploads/2025/06/Vaccinium-macrocarpon_Flowers.jpg,,,,,,,,,"United States|Canada",Perennial,"5.2 - Mixed Wood Shield|5.3 - Atlantic Highlands|7.1 - Marine West Coast Forests (Lower 48)|7.1 - Marine West Coast Forests (Alaska)|7.1 - Marine West Coast Forests (Canada)|8.1 - Mixed Wood Plains (USA)|8.1 - Mixed Wood Plains (Canada)","&lt; 1 ft","Full Sun",Shrub,,Average,"Vaccinium macrocarpon","United States|Canada",,"&lt; 1 ft",0.167,0.5,1,6,http://homegrownnationalpark.org/wp-content/uploads/2025/06/Vaccinium-macrocarpon_Flowers.jpg|http://homegrownnationalpark.org/wp-content/uploads/2025/06/Vaccinium-macrocarpon_Flowers2.jpeg|http://homegrownnationalpark.org/wp-content/uploads/2025/06/Vaccinium-macrocarpon_Fruit.jpeg|http://homegrownnationalpark.org/wp-content/uploads/2025/06/Vaccinium-macrocarpon_Fruit2.jpeg|http://homegrownnationalpark.org/wp-content/uploads/2025/06/Vaccinium-macrocarpon_Leaves.jpg|http://homegrownnationalpark.org/wp-content/uploads/2025/06/Vaccinium-macrocarpon.png|http://homegrownnationalpark.org/wp-content/uploads/2025/06/Vaccinium-macrocarpon-1.png
10774,"Bear Oak","The gnarled oak has small, leathery leaves that turn fiery orange to purplish red in the fall. It produces small acorns that are a favorite of wildlife in additio to supporting many insects.",,"2025-06-09 10:33:23",plant,https://homegrownnationalpark.org/plant/bear-oak/,http://homegrownnationalpark.org/wp-content/uploads/2025/06/Quercus-ilicifolia_acorns.jpeg|http://homegrownnationalpark.org/wp-content/uploads/2025/06/Quercus-ilicifolia_best-I-can-find-so-sorry.jpg|http://homegrownnationalpark.org/wp-content/uploads/2025/06/Quercus-ilicifolia.png|http://homegrownnationalpark.org/wp-content/uploads/2025/06/Quercus-ilicifolia-1.png,Quercus-ilicifolia_acorns.jpeg|Quercus-ilicifolia_best-I-can-find-so-sorry.jpg|Quercus-ilicifolia.png|Quercus-ilicifolia-1.png,/nas/content/live/hgnp/wp-content/uploads/2025/06/Quercus-ilicifolia_acorns.jpeg|/nas/content/live/hgnp/wp-content/uploads/2025/06/Quercus-ilicifolia_best-I-can-find-so-sorry.jpg|/nas/content/live/hgnp/wp-content/uploads/2025/06/Quercus-ilicifolia.png|/nas/content/live/hgnp/wp-content/uploads/2025/06/Quercus-ilicifolia-1.png,12729|12730|12731|12732,Quercus-ilicifolia_acorns.jpeg|Quercus-ilicifolia_best-I-can-find-so-sorry.jpg|Quercus-ilicifolia.png|Quercus-ilicifolia-1.png,|||,|||,|||,http://homegrownnationalpark.org/wp-content/uploads/2025/06/Quercus-ilicifolia_acorns.jpeg,,,,,,,,,"Canada|United States",Perennial,"5.2 - Mixed Wood Shield|5.3 - Atlantic Highlands|8.1 - Mixed Wood Plains (USA)|8.1 - Mixed Wood Plains (Canada)|8.3 - SE USA Plains|8.4 - Ozark/Ouachita-Appalachian Forests|8.5 - Mississippi Alluvial &amp; SE USA Coastal Plains","10–15 ft|15–20 ft|20–30 ft","Full Sun",Tree,,Low,"Quercus ilicifolia","United States|Canada",,"10–15 ft|15–20 ft|20–30 ft",12,20,8,16,http://homegrownnationalpark.org/wp-content/uploads/2025/06/Quercus-ilicifolia_acorns.jpeg|http://homegrownnationalpark.org/wp-content/uploads/2025/06/Quercus-ilicifolia_best-I-can-find-so-sorry.jpg|http://homegrownnationalpark.org/wp-content/uploads/2025/06/Quercus-ilicifolia.png|http://homegrownnationalpark.org/wp-content/uploads/2025/06/Quercus-ilicifolia-1.png
11209,"Desert Marigold","This deer and drought-resistant plant can bear 20-50 flowers per year. While a short-lived perennial, it self-seeds under favorable conditions.",,"2025-06-09 10:33:23",plant,https://homegrownnationalpark.org/plant/desert-marigold/,http://homegrownnationalpark.org/wp-content/uploads/2025/06/Baileya-multiradiata-2.jpg|http://homegrownnationalpark.org/wp-content/uploads/2025/06/Baileya-multiradiata-inat.jpeg|http://homegrownnationalpark.org/wp-content/uploads/2025/06/Baileya-multiradiata.jpg|http://homegrownnationalpark.org/wp-content/uploads/2025/06/Baileya-multiradiata.png|http://homegrownnationalpark.org/wp-content/uploads/2025/06/Baileya-multiradiata-1.png,Baileya-multiradiata-2.jpg|Baileya-multiradiata-inat.jpeg|Baileya-multiradiata.jpg|Baileya-multiradiata.png|Baileya-multiradiata-1.png,/nas/content/live/hgnp/wp-content/uploads/2025/06/Baileya-multiradiata-2.jpg|/nas/content/live/hgnp/wp-content/uploads/2025/06/Baileya-multiradiata-inat.jpeg|/nas/content/live/hgnp/wp-content/uploads/2025/06/Baileya-multiradiata.jpg|/nas/content/live/hgnp/wp-content/uploads/2025/06/Baileya-multiradiata.png|/nas/content/live/hgnp/wp-content/uploads/2025/06/Baileya-multiradiata-1.png,12733|12734|12735|12736|12737,Baileya-multiradiata-2.jpg|Baileya-multiradiata-inat.jpeg|Baileya-multiradiata.jpg|Baileya-multiradiata.png|Baileya-multiradiata-1.png,||||,||||,||||,http://homegrownnationalpark.org/wp-content/uploads/2025/06/Baileya-multiradiata-2.jpg,,,,,,,,,"United States","Short-lived Perennial","10.2 - Warm Deserts|12.1 - Western Sierra Madre Piedmont|13.1 - Upper Gila Mountains","1–2 ft|2–3 ft","Full Sun","Container Friendly|Flower","Spring through Fall",Low,"Baileya multiradiata","United States","Spring through Fall","1–2 ft|2–3 ft",1,2,N/A,N/A,http://homegrownnationalpark.org/wp-content/uploads/2025/06/Baileya-multiradiata-2.jpg|http://homegrownnationalpark.org/wp-content/uploads/2025/06/Baileya-multiradiata-inat.jpeg|http://homegrownnationalpark.org/wp-content/uploads/2025/06/Baileya-multiradiata.jpg|http://homegrownnationalpark.org/wp-content/uploads/2025/06/Baileya-multiradiata.png|http://homegrownnationalpark.org/wp-content/uploads/2025/06/Baileya-multiradiata-1.png
11210,"Maryland Golden-Aster","This plant produces showy, yellow flowers in the summer and red-brown seed heads in the fall. It is low maintenance and not affected by any spurious pests or diseases.",,"2025-06-09 10:33:23",plant,https://homegrownnationalpark.org/plant/maryland-golden-aster/,http://homegrownnationalpark.org/wp-content/uploads/2025/06/Chrysopsis-mariana-inat.jpg|http://homegrownnationalpark.org/wp-content/uploads/2025/06/Chrysopsis-mariana.png|http://homegrownnationalpark.org/wp-content/uploads/2025/06/Chrysopsis-mariana-1.png,Chrysopsis-mariana-inat.jpg|Chrysopsis-mariana.png|Chrysopsis-mariana-1.png,/nas/content/live/hgnp/wp-content/uploads/2025/06/Chrysopsis-mariana-inat.jpg|/nas/content/live/hgnp/wp-content/uploads/2025/06/Chrysopsis-mariana.png|/nas/content/live/hgnp/wp-content/uploads/2025/06/Chrysopsis-mariana-1.png,12738|12739|12740,Chrysopsis-mariana-inat.jpg|Chrysopsis-mariana.png|Chrysopsis-mariana-1.png,||,||,||,http://homegrownnationalpark.org/wp-content/uploads/2025/06/Chrysopsis-mariana-inat.jpg,,,,,,,,,"United States",Perennial,"8.3 - SE USA Plains|8.5 - Mississippi Alluvial &amp; SE USA Coastal Plains","1–2 ft|2–3 ft|3–4 ft","Full Sun|Partial Sun","Container Friendly|Flower","Late Summer through Fall",Low|Average,"Chrysopsis mariana","United States","Late Summer through Fall","1–2 ft|2–3 ft|3–4 ft",1,3,N/A,N/A,http://homegrownnationalpark.org/wp-content/uploads/2025/06/Chrysopsis-mariana-inat.jpg|http://homegrownnationalpark.org/wp-content/uploads/2025/06/Chrysopsis-mariana.png|http://homegrownnationalpark.org/wp-content/uploads/2025/06/Chrysopsis-mariana-1.png
11211,"Cobweb Thistle","This striking thistle produces large rose-purple flowers and is covered in a lacey, white hair. The flowers attract numerous pollinators.",,"2025-06-09 10:33:46",plant,https://homegrownnationalpark.org/plant/cobweb-thistle/,http://homegrownnationalpark.org/wp-content/uploads/2025/06/Cirsium-occidentale-inat.jpg|http://homegrownnationalpark.org/wp-content/uploads/2025/06/Cirsium-occidentale.png|http://homegrownnationalpark.org/wp-content/uploads/2025/06/Cirsium-occidentale-1.png,Cirsium-occidentale-inat.jpg|Cirsium-occidentale.png|Cirsium-occidentale-1.png,/nas/content/live/hgnp/wp-content/uploads/2025/06/Cirsium-occidentale-inat.jpg|/nas/content/live/hgnp/wp-content/uploads/2025/06/Cirsium-occidentale.png|/nas/content/live/hgnp/wp-content/uploads/2025/06/Cirsium-occidentale-1.png,12741|12742|12743,Cirsium-occidentale-inat.jpg|Cirsium-occidentale.png|Cirsium-occidentale-1.png,||,||,||,http://homegrownnationalpark.org/wp-content/uploads/2025/06/Cirsium-occidentale-inat.jpg,,,,,,,,,"United States",Perennial,"11.1 - Mediterranean California","2–3 ft|3–4 ft|4–5 ft|5–7 ft","Full Sun|Partial Sun","Container Friendly|Flower",Fall|Spring|Summer|Winter,Low,"Cirsium occidentale","United States",Spring|Summer|Fall|Winter,"2–3 ft|3–4 ft|4–5 ft|5–7 ft",2,5,N/A,N/A,http://homegrownnationalpark.org/wp-content/uploads/2025/06/Cirsium-occidentale-inat.jpg|http://homegrownnationalpark.org/wp-content/uploads/2025/06/Cirsium-occidentale.png|http://homegrownnationalpark.org/wp-content/uploads/2025/06/Cirsium-occidentale-1.png
11212,"Large Flower Tickseed","This show stopping flower is 2-3 inches across and when deadheaded provides a long blooming season. Deer resistant and relatively disease and pest-free.",,"2025-06-09 10:33:46",plant,https://homegrownnationalpark.org/plant/large-flower-tickseed/,http://homegrownnationalpark.org/wp-content/uploads/2025/06/Coreopsis-grandiflora-Wikimedia-Commons-scaled-1.jpg|http://homegrownnationalpark.org/wp-content/uploads/2025/06/Coreopsis-grandiflora.png|http://homegrownnationalpark.org/wp-content/uploads/2025/06/Coreopsis-grandiflora-1.png,Coreopsis-grandiflora-Wikimedia-Commons-scaled-1.jpg|Coreopsis-grandiflora.png|Coreopsis-grandiflora-1.png,/nas/content/live/hgnp/wp-content/uploads/2025/06/Coreopsis-grandiflora-Wikimedia-Commons-scaled-1.jpg|/nas/content/live/hgnp/wp-content/uploads/2025/06/Coreopsis-grandiflora.png|/nas/content/live/hgnp/wp-content/uploads/2025/06/Coreopsis-grandiflora-1.png,12744|12745|12746,Coreopsis-grandiflora-Wikimedia-Commons-scaled-1.jpg|Coreopsis-grandiflora.png|Coreopsis-grandiflora-1.png,||,||,||,http://homegrownnationalpark.org/wp-content/uploads/2025/06/Coreopsis-grandiflora-Wikimedia-Commons-scaled-1.jpg,,,,,,,,,"United States",Perennial,"8.3 - SE USA Plains|8.5 - Mississippi Alluvial &amp; SE USA Coastal Plains|9.6 - Tamaulipas-Texas Semi-Arid Plains","1–2 ft|2–3 ft|3–4 ft","Full Sun","Container Friendly|Flower","Late Spring through Late Summer",Average|Low,"Coreopsis grandiflora","United States","Late Spring through Late Summer","1–2 ft|2–3 ft|3–4 ft",1,3,N/A,N/A,http://homegrownnationalpark.org/wp-content/uploads/2025/06/Coreopsis-grandiflora-Wikimedia-Commons-scaled-1.jpg|http://homegrownnationalpark.org/wp-content/uploads/2025/06/Coreopsis-grandiflora.png|http://homegrownnationalpark.org/wp-content/uploads/2025/06/Coreopsis-grandiflora-1.png
11213,"Lanceleaf Coreopsis","Relatively free of pests and naturally resistant to deer, this attractive yellow flower draws a wide array of native pollinators. In the right conditions, this plant grows quickly and can self-seed.",,"2025-06-09 10:33:46",plant,https://homegrownnationalpark.org/plant/lanceleaf-coreopsis/,http://homegrownnationalpark.org/wp-content/uploads/2025/06/Coreopsis-lanceolata-2.jpg|http://homegrownnationalpark.org/wp-content/uploads/2025/06/Coreopsis-lanceolata.jpg|http://homegrownnationalpark.org/wp-content/uploads/2025/06/Coreopsis-lanceolata.png|http://homegrownnationalpark.org/wp-content/uploads/2025/06/Coreopsis-lanceolata-1.png,Coreopsis-lanceolata-2.jpg|Coreopsis-lanceolata.jpg|Coreopsis-lanceolata.png|Coreopsis-lanceolata-1.png,/nas/content/live/hgnp/wp-content/uploads/2025/06/Coreopsis-lanceolata-2.jpg|/nas/content/live/hgnp/wp-content/uploads/2025/06/Coreopsis-lanceolata.jpg|/nas/content/live/hgnp/wp-content/uploads/2025/06/Coreopsis-lanceolata.png|/nas/content/live/hgnp/wp-content/uploads/2025/06/Coreopsis-lanceolata-1.png,12747|12748|12749|12750,Coreopsis-lanceolata-2.jpg|Coreopsis-lanceolata.jpg|Coreopsis-lanceolata.png|Coreopsis-lanceolata-1.png,|||,|||,|||,http://homegrownnationalpark.org/wp-content/uploads/2025/06/Coreopsis-lanceolata-2.jpg,,,,,,,,,"United States",Perennial,"8.1 - Mixed Wood Plains (USA)|8.2 - Central USA Plains|8.3 - SE USA Plains|8.5 - Mississippi Alluvial &amp; SE USA Coastal Plains","1–2 ft|2–3 ft","Full Sun","Container Friendly|Flower","Late Spring through Mid Summer",Low,"Coreopsis lanceolata","United States","Late Spring through Mid Summer","1–2 ft|2–3 ft",1,2,N/A,N/A,http://homegrownnationalpark.org/wp-content/uploads/2025/06/Coreopsis-lanceolata-2.jpg|http://homegrownnationalpark.org/wp-content/uploads/2025/06/Coreopsis-lanceolata.jpg|http://homegrownnationalpark.org/wp-content/uploads/2025/06/Coreopsis-lanceolata.png|http://homegrownnationalpark.org/wp-content/uploads/2025/06/Coreopsis-lanceolata-1.png
11214,"Prairie Coreopsis","This bright yellow flower attracts birds and butterflies and is ignored by deer. It is drought-resistant and tolerates poor soil.",,"2025-06-09 10:33:46",plant,https://homegrownnationalpark.org/plant/prairie-coreopsis/,http://homegrownnationalpark.org/wp-content/uploads/2025/06/Coreopsis-palmata-inat.jpg|http://homegrownnationalpark.org/wp-content/uploads/2025/06/Coreopsis-palmata.png|http://homegrownnationalpark.org/wp-content/uploads/2025/06/Coreopsis-palmata-1.png,Coreopsis-palmata-inat.jpg|Coreopsis-palmata.png|Coreopsis-palmata-1.png,/nas/content/live/hgnp/wp-content/uploads/2025/06/Coreopsis-palmata-inat.jpg|/nas/content/live/hgnp/wp-content/uploads/2025/06/Coreopsis-palmata.png|/nas/content/live/hgnp/wp-content/uploads/2025/06/Coreopsis-palmata-1.png,12751|12752|12753,Coreopsis-palmata-inat.jpg|Coreopsis-palmata.png|Coreopsis-palmata-1.png,||,||,||,http://homegrownnationalpark.org/wp-content/uploads/2025/06/Coreopsis-palmata-inat.jpg,,,,,,,,,"United States",Perennial,"8.2 - Central USA Plains|9.2 - Temperate Prairies","1–2 ft|2–3 ft|3–4 ft","Full Sun","Container Friendly|Flower","Late Spring through Mid Summer",Average|Low,"Coreopsis palmata","United States","Late Spring through Mid Summer","1–2 ft|2–3 ft|3–4 ft",1,3,N/A,N/A,http://homegrownnationalpark.org/wp-content/uploads/2025/06/Coreopsis-palmata-inat.jpg|http://homegrownnationalpark.org/wp-content/uploads/2025/06/Coreopsis-palmata.png|http://homegrownnationalpark.org/wp-content/uploads/2025/06/Coreopsis-palmata-1.png
11215,Tickseed,"This playful prairie species is a favorite of butterflies with striking flowers up to 2 inches across. It is easy-to-grow, can self-seed, is ignored by deer, and is relatively pest and disease-free.",,"2025-06-09 10:34:34",plant,https://homegrownnationalpark.org/plant/tickseed/,http://homegrownnationalpark.org/wp-content/uploads/2025/06/Coreopsis-tinctoria-inat.jpeg|http://homegrownnationalpark.org/wp-content/uploads/2025/06/Coreopsis-tinctoria.png|http://homegrownnationalpark.org/wp-content/uploads/2025/06/Coreopsis-tinctoria-2.png,Coreopsis-tinctoria-inat.jpeg|Coreopsis-tinctoria.png|Coreopsis-tinctoria-2.png,/nas/content/live/hgnp/wp-content/uploads/2025/06/Coreopsis-tinctoria-inat.jpeg|/nas/content/live/hgnp/wp-content/uploads/2025/06/Coreopsis-tinctoria.png|/nas/content/live/hgnp/wp-content/uploads/2025/06/Coreopsis-tinctoria-2.png,12754|12755|12756,Coreopsis-tinctoria-inat.jpeg|Coreopsis-tinctoria.png|Coreopsis-tinctoria-2.png,||,||,||,http://homegrownnationalpark.org/wp-content/uploads/2025/06/Coreopsis-tinctoria-inat.jpeg,,,,,,,,,"United States",Annual,"9.4 - South Central Semi-Arid Prairies|9.5 - Texas-Lousiana Coastal Plains|9.6 - Tamaulipas-Texas Semi-Arid Plains","2–3 ft|3–4 ft|4–5 ft","Full Sun","Container Friendly|Flower","Summer through Fall",Low,"Coreopsis tinctoria","United States","Summer through Fall","2–3 ft|3–4 ft|4–5 ft",2,4,N/A,N/A,http://homegrownnationalpark.org/wp-content/uploads/2025/06/Coreopsis-tinctoria-inat.jpeg|http://homegrownnationalpark.org/wp-content/uploads/2025/06/Coreopsis-tinctoria.png|http://homegrownnationalpark.org/wp-content/uploads/2025/06/Coreopsis-tinctoria-2.png
11216,"Purple Prairie Clover","This showy flower blooms for 4-6 weeks during the summer, after which birds feed on the seeds. This plant is deer and pest-resistant, and self-seeds under the right conditions.",,"2025-06-09 10:33:46",plant,https://homegrownnationalpark.org/plant/purple-prairie-clover/,http://homegrownnationalpark.org/wp-content/uploads/2025/06/Dalea-purpurea-2.jpg|http://homegrownnationalpark.org/wp-content/uploads/2025/06/Dalea-purpurea-3.jpg|http://homegrownnationalpark.org/wp-content/uploads/2025/06/Dalea-purpurea.jpg|http://homegrownnationalpark.org/wp-content/uploads/2025/06/Dalea_purpurea-3-scaled-1.jpg|http://homegrownnationalpark.org/wp-content/uploads/2025/06/Dalea-purpurea.png|http://homegrownnationalpark.org/wp-content/uploads/2025/06/Dalea-purpurea-1.png,Dalea-purpurea-2.jpg|Dalea-purpurea-3.jpg|Dalea-purpurea.jpg|Dalea_purpurea-3-scaled-1.jpg|Dalea-purpurea.png|Dalea-purpurea-1.png,/nas/content/live/hgnp/wp-content/uploads/2025/06/Dalea-purpurea-2.jpg|/nas/content/live/hgnp/wp-content/uploads/2025/06/Dalea-purpurea-3.jpg|/nas/content/live/hgnp/wp-content/uploads/2025/06/Dalea-purpurea.jpg|/nas/content/live/hgnp/wp-content/uploads/2025/06/Dalea_purpurea-3-scaled-1.jpg|/nas/content/live/hgnp/wp-content/uploads/2025/06/Dalea-purpurea.png|/nas/content/live/hgnp/wp-content/uploads/2025/06/Dalea-purpurea-1.png,12757|12758|12759|12760|12761|12762,Dalea-purpurea-2.jpg|Dalea-purpurea-3.jpg|Dalea-purpurea.jpg|Dalea_purpurea-3-scaled-1.jpg|Dalea-purpurea.png|Dalea-purpurea-1.png,|||||,|||||,|||||,http://homegrownnationalpark.org/wp-content/uploads/2025/06/Dalea-purpurea-2.jpg,,,,,,,,,"United States",Perennial,"9.2 - Temperate Prairies|9.3 - West-Central Semi-Arid Prairies|9.4 - South Central Semi-Arid Prairies","1–2 ft|2–3 ft|3–4 ft","Full Sun","Container Friendly|Flower",Summer,Low|Average,"Dalea purpurea","United States",Summer,"1–2 ft|2–3 ft|3–4 ft",1,3,N/A,N/A,http://homegrownnationalpark.org/wp-content/uploads/2025/06/Dalea-purpurea-2.jpg|http://homegrownnationalpark.org/wp-content/uploads/2025/06/Dalea-purpurea-3.jpg|http://homegrownnationalpark.org/wp-content/uploads/2025/06/Dalea-purpurea.jpg|http://homegrownnationalpark.org/wp-content/uploads/2025/06/Dalea_purpurea-3-scaled-1.jpg|http://homegrownnationalpark.org/wp-content/uploads/2025/06/Dalea-purpurea.png|http://homegrownnationalpark.org/wp-content/uploads/2025/06/Dalea-purpurea-1.png
11217,"Cutleaf Daisy","Drought-tolerant with lush foliage, this plant keeps its leaves through dry periods. The showy yellow booms appear from spring to the first frost.",,"2025-06-09 10:33:46",plant,https://homegrownnationalpark.org/plant/cutleaf-daisy/,http://homegrownnationalpark.org/wp-content/uploads/2025/06/Erigeron-compositus-inat.jpg|http://homegrownnationalpark.org/wp-content/uploads/2025/06/Erigeron-compositus.png|http://homegrownnationalpark.org/wp-content/uploads/2025/06/Erigeron-compositus-1.png,Erigeron-compositus-inat.jpg|Erigeron-compositus.png|Erigeron-compositus-1.png,/nas/content/live/hgnp/wp-content/uploads/2025/06/Erigeron-compositus-inat.jpg|/nas/content/live/hgnp/wp-content/uploads/2025/06/Erigeron-compositus.png|/nas/content/live/hgnp/wp-content/uploads/2025/06/Erigeron-compositus-1.png,12763|12764|12765,Erigeron-compositus-inat.jpg|Erigeron-compositus.png|Erigeron-compositus-1.png,||,||,||,http://homegrownnationalpark.org/wp-content/uploads/2025/06/Erigeron-compositus-inat.jpg,,,,,,,,,"United States",Perennial,"6.2 - Western Cordillera|10.1 - Cold Deserts","1–2 ft|2–3 ft|3–4 ft","Full Sun|Partial Sun","Container Friendly|Flower|Groundcover","Spring through Fall",Low,"Erigeron compositus","United States","Spring through Fall","1–2 ft|2–3 ft|3–4 ft",1,3,N/A,N/A,http://homegrownnationalpark.org/wp-content/uploads/2025/06/Erigeron-compositus-inat.jpg|http://homegrownnationalpark.org/wp-content/uploads/2025/06/Erigeron-compositus.png|http://homegrownnationalpark.org/wp-content/uploads/2025/06/Erigeron-compositus-1.png
11218,"Fleabane Daisy","This long-blooming and virtually disease-free flower provides resources to pollinators for months. Cut it back to encourage more flowers and growth.",,"2025-06-09 10:34:34",plant,https://homegrownnationalpark.org/plant/fleabane-daisy/,http://homegrownnationalpark.org/wp-content/uploads/2025/06/Erigeron-speciosus.jpg|http://homegrownnationalpark.org/wp-content/uploads/2025/06/Erigeron-speciosus-inat.jpg|http://homegrownnationalpark.org/wp-content/uploads/2025/06/Erigeron-speciosus-2.jpg|http://homegrownnationalpark.org/wp-content/uploads/2025/06/Erigeron-speciosus.png|http://homegrownnationalpark.org/wp-content/uploads/2025/06/Erigeron-speciosus-1.png,Erigeron-speciosus.jpg|Erigeron-speciosus-inat.jpg|Erigeron-speciosus-2.jpg|Erigeron-speciosus.png|Erigeron-speciosus-1.png,/nas/content/live/hgnp/wp-content/uploads/2025/06/Erigeron-speciosus.jpg|/nas/content/live/hgnp/wp-content/uploads/2025/06/Erigeron-speciosus-inat.jpg|/nas/content/live/hgnp/wp-content/uploads/2025/06/Erigeron-speciosus-2.jpg|/nas/content/live/hgnp/wp-content/uploads/2025/06/Erigeron-speciosus.png|/nas/content/live/hgnp/wp-content/uploads/2025/06/Erigeron-speciosus-1.png,12766|12767|12768|12769|12770,Erigeron-speciosus.jpg|Erigeron-speciosus-inat.jpg|Erigeron-speciosus-2.jpg|Erigeron-speciosus.png|Erigeron-speciosus-1.png,||||,||||,||||,http://homegrownnationalpark.org/wp-content/uploads/2025/06/Erigeron-speciosus.jpg,,,,,,,,,"United States",Perennial,"6.2 - Western Cordillera|10.1 - Cold Deserts|12.1 - Western Sierra Madre Piedmont|13.1 - Upper Gila Mountains","1–2 ft|2–3 ft","Full Sun","Container Friendly|Flower","Summer through Fall",Average,"Erigeron speciosus","United States","Summer through Fall","1–2 ft|2–3 ft",1,2,N/A,N/A,http://homegrownnationalpark.org/wp-content/uploads/2025/06/Erigeron-speciosus.jpg|http://homegrownnationalpark.org/wp-content/uploads/2025/06/Erigeron-speciosus-inat.jpg|http://homegrownnationalpark.org/wp-content/uploads/2025/06/Erigeron-speciosus-2.jpg|http://homegrownnationalpark.org/wp-content/uploads/2025/06/Erigeron-speciosus.png|http://homegrownnationalpark.org/wp-content/uploads/2025/06/Erigeron-speciosus-1.png
11219,"Grass-Leaved Goldenrod","This bushy plant has dense yellow flowers that support a wide variety of insect species and songbirds. This species has no serious pests or diseases.",,"2025-06-09 10:33:46",plant,https://homegrownnationalpark.org/plant/grass-leaved-goldenrod/,http://homegrownnationalpark.org/wp-content/uploads/2025/06/Euthamia-graminifolia-inat.jpg|http://homegrownnationalpark.org/wp-content/uploads/2025/06/Euthamia-graminifolia.jpg|http://homegrownnationalpark.org/wp-content/uploads/2025/06/Euthamia-graminifolia.png|http://homegrownnationalpark.org/wp-content/uploads/2025/06/Euthamia-graminifolia-1.png,Euthamia-graminifolia-inat.jpg|Euthamia-graminifolia.jpg|Euthamia-graminifolia.png|Euthamia-graminifolia-1.png,/nas/content/live/hgnp/wp-content/uploads/2025/06/Euthamia-graminifolia-inat.jpg|/nas/content/live/hgnp/wp-content/uploads/2025/06/Euthamia-graminifolia.jpg|/nas/content/live/hgnp/wp-content/uploads/2025/06/Euthamia-graminifolia.png|/nas/content/live/hgnp/wp-content/uploads/2025/06/Euthamia-graminifolia-1.png,12771|12772|12773|12774,Euthamia-graminifolia-inat.jpg|Euthamia-graminifolia.jpg|Euthamia-graminifolia.png|Euthamia-graminifolia-1.png,|||,|||,|||,http://homegrownnationalpark.org/wp-content/uploads/2025/06/Euthamia-graminifolia-inat.jpg,,,,,,,,,"United States",Perennial,"5.2 - Mixed Wood Shield|5.3 - Atlantic Highlands|8.1 - Mixed Wood Plains (USA)|8.3 - SE USA Plains|9.2 - Temperate Prairies","3–4 ft|4–5 ft|5–7 ft","Full Sun","Container Friendly|Flower","Summer through Fall",Average|Low,"Euthamia graminifolia","United States","Summer through Fall","3–4 ft|4–5 ft|5–7 ft",3,6,N/A,N/A,http://homegrownnationalpark.org/wp-content/uploads/2025/06/Euthamia-graminifolia-inat.jpg|http://homegrownnationalpark.org/wp-content/uploads/2025/06/Euthamia-graminifolia.jpg|http://homegrownnationalpark.org/wp-content/uploads/2025/06/Euthamia-graminifolia.png|http://homegrownnationalpark.org/wp-content/uploads/2025/06/Euthamia-graminifolia-1.png
11220,"Blanketflower or Firewheel","This showy flower has a striking red center up to 2 inches across and abundant nectar. This easy-to-grow plant has no serious pests or diseases and readily self-seeds.",,"2025-06-09 10:33:46",plant,https://homegrownnationalpark.org/plant/blanketflower-or-firewheel/,http://homegrownnationalpark.org/wp-content/uploads/2025/06/Gaillardia-pulchella-inat.jpeg|http://homegrownnationalpark.org/wp-content/uploads/2025/06/Gaillardia-pulchella.jpg|http://homegrownnationalpark.org/wp-content/uploads/2025/06/Gaillardia-pulchella.png|http://homegrownnationalpark.org/wp-content/uploads/2025/06/Gaillardia-pulchella-1.png,Gaillardia-pulchella-inat.jpeg|Gaillardia-pulchella.jpg|Gaillardia-pulchella.png|Gaillardia-pulchella-1.png,/nas/content/live/hgnp/wp-content/uploads/2025/06/Gaillardia-pulchella-inat.jpeg|/nas/content/live/hgnp/wp-content/uploads/2025/06/Gaillardia-pulchella.jpg|/nas/content/live/hgnp/wp-content/uploads/2025/06/Gaillardia-pulchella.png|/nas/content/live/hgnp/wp-content/uploads/2025/06/Gaillardia-pulchella-1.png,12775|12776|12777|12778,Gaillardia-pulchella-inat.jpeg|Gaillardia-pulchella.jpg|Gaillardia-pulchella.png|Gaillardia-pulchella-1.png,|||,|||,|||,http://homegrownnationalpark.org/wp-content/uploads/2025/06/Gaillardia-pulchella-inat.jpeg,,,,,,,,,"United States","Short-lived Perennial","8.3 - SE USA Plains|9.2 - Temperate Prairies|9.3 - West-Central Semi-Arid Prairies|9.6 - Tamaulipas-Texas Semi-Arid Plains","1–2 ft|2–3 ft","Full Sun","Container Friendly|Flower","Spring through Fall",Low,"Gaillardia pulchella","United States","Spring through Fall","1–2 ft|2–3 ft",1,2,N/A,N/A,http://homegrownnationalpark.org/wp-content/uploads/2025/06/Gaillardia-pulchella-inat.jpeg|http://homegrownnationalpark.org/wp-content/uploads/2025/06/Gaillardia-pulchella.jpg|http://homegrownnationalpark.org/wp-content/uploads/2025/06/Gaillardia-pulchella.png|http://homegrownnationalpark.org/wp-content/uploads/2025/06/Gaillardia-pulchella-1.png
11221,"Great Valley Gumplant","This late-season flower provides nectar and pollen to many pollinators from its yellow flowers. It is drought-tolerant and is naturally resistant to deer and pests.",,"2025-06-09 10:33:46",plant,https://homegrownnationalpark.org/plant/great-valley-gumplant/,http://homegrownnationalpark.org/wp-content/uploads/2025/06/Grindelia-camporum-inat.jpg|http://homegrownnationalpark.org/wp-content/uploads/2025/06/Grindelia-camporum.png|http://homegrownnationalpark.org/wp-content/uploads/2025/06/Grindelia-camporum-1.png,Grindelia-camporum-inat.jpg|Grindelia-camporum.png|Grindelia-camporum-1.png,/nas/content/live/hgnp/wp-content/uploads/2025/06/Grindelia-camporum-inat.jpg|/nas/content/live/hgnp/wp-content/uploads/2025/06/Grindelia-camporum.png|/nas/content/live/hgnp/wp-content/uploads/2025/06/Grindelia-camporum-1.png,12779|12780|12781,Grindelia-camporum-inat.jpg|Grindelia-camporum.png|Grindelia-camporum-1.png,||,||,||,http://homegrownnationalpark.org/wp-content/uploads/2025/06/Grindelia-camporum-inat.jpg,,,,,,,,,"United States",Perennial,"11.1 - Mediterranean California","2–3 ft|3–4 ft|4–5 ft|5–7 ft","Full Sun","Container Friendly|Flower|Shrub","Late Spring through Fall",Low,"Grindelia camporum","United States","Late Spring through Fall","2–3 ft|3–4 ft|4–5 ft|5–7 ft",2,6,N/A,N/A,http://homegrownnationalpark.org/wp-content/uploads/2025/06/Grindelia-camporum-inat.jpg|http://homegrownnationalpark.org/wp-content/uploads/2025/06/Grindelia-camporum.png|http://homegrownnationalpark.org/wp-content/uploads/2025/06/Grindelia-camporum-1.png
11222,"Autumnale Sneezeweed","This showy perennial provides a pop of color in the late summer to fall season. It is tolerant of many soil and water conditions but performs best in wet, well-draining soil.",,"2025-06-09 10:33:46",plant,https://homegrownnationalpark.org/plant/autumnale-sneezeweed/,http://homegrownnationalpark.org/wp-content/uploads/2025/06/Helenium-autumnale-inat.jpg|http://homegrownnationalpark.org/wp-content/uploads/2025/06/Helenium-autumnale.png|http://homegrownnationalpark.org/wp-content/uploads/2025/06/Helenium-autumnale-1.png,Helenium-autumnale-inat.jpg|Helenium-autumnale.png|Helenium-autumnale-1.png,/nas/content/live/hgnp/wp-content/uploads/2025/06/Helenium-autumnale-inat.jpg|/nas/content/live/hgnp/wp-content/uploads/2025/06/Helenium-autumnale.png|/nas/content/live/hgnp/wp-content/uploads/2025/06/Helenium-autumnale-1.png,12782|12783|12784,Helenium-autumnale-inat.jpg|Helenium-autumnale.png|Helenium-autumnale-1.png,||,||,||,http://homegrownnationalpark.org/wp-content/uploads/2025/06/Helenium-autumnale-inat.jpg,,,,,,,,,"United States",Perennial,"8.1 - Mixed Wood Plains (USA)|8.5 - Mississippi Alluvial &amp; SE USA Coastal Plains|9.2 - Temperate Prairies","3–4 ft|4–5 ft|5–7 ft","Full Sun","Container Friendly|Flower","Mid-Late Summer through Fall",Average|High,"Helenium autumnale","United States","Mid-Late Summer through Fall","3–4 ft|4–5 ft|5–7 ft",3,5,N/A,N/A,http://homegrownnationalpark.org/wp-content/uploads/2025/06/Helenium-autumnale-inat.jpg|http://homegrownnationalpark.org/wp-content/uploads/2025/06/Helenium-autumnale.png|http://homegrownnationalpark.org/wp-content/uploads/2025/06/Helenium-autumnale-1.png
11223,"Bigelow's Sneezeweed","Showy yellow flowers with a dark brown-purple center that love wet, bog-like conditions. This plant is also deer and disease-resistant.",,"2025-06-09 10:33:46",plant,https://homegrownnationalpark.org/plant/bigelows-sneezeweed/,http://homegrownnationalpark.org/wp-content/uploads/2025/06/Helenium-bigelovii-inat.jpg|http://homegrownnationalpark.org/wp-content/uploads/2025/06/Helenium-bigelovii.png|http://homegrownnationalpark.org/wp-content/uploads/2025/06/Helenium-bigelovii-1.png,Helenium-bigelovii-inat.jpg|Helenium-bigelovii.png|Helenium-bigelovii-1.png,/nas/content/live/hgnp/wp-content/uploads/2025/06/Helenium-bigelovii-inat.jpg|/nas/content/live/hgnp/wp-content/uploads/2025/06/Helenium-bigelovii.png|/nas/content/live/hgnp/wp-content/uploads/2025/06/Helenium-bigelovii-1.png,12785|12786|12787,Helenium-bigelovii-inat.jpg|Helenium-bigelovii.png|Helenium-bigelovii-1.png,||,||,||,http://homegrownnationalpark.org/wp-content/uploads/2025/06/Helenium-bigelovii-inat.jpg,,,,,,,,,"United States",Perennial,"11.1 - Mediterranean California","2–3 ft|3–4 ft","Full Sun","Container Friendly|Flower","Mid-Late Summer",Average|High,"Helenium bigelovii","United States","Mid-Late Summer","2–3 ft|3–4 ft",2,3,N/A,N/A,http://homegrownnationalpark.org/wp-content/uploads/2025/06/Helenium-bigelovii-inat.jpg|http://homegrownnationalpark.org/wp-content/uploads/2025/06/Helenium-bigelovii.png|http://homegrownnationalpark.org/wp-content/uploads/2025/06/Helenium-bigelovii-1.png
11224,"Swamp Sunflower","This late-blooming sunflower is an important resource of food in the fall. This species is deer-resistant, should be grown with support, and is branching when pruned in early summer.",,"2025-06-09 10:33:46",plant,https://homegrownnationalpark.org/plant/swamp-sunflower/,http://homegrownnationalpark.org/wp-content/uploads/2025/06/Helianthus-angustifolius-inat.jpg|http://homegrownnationalpark.org/wp-content/uploads/2025/06/Helianthus-angustifolius.jpg|http://homegrownnationalpark.org/wp-content/uploads/2025/06/Helianthus-angustifolius.png|http://homegrownnationalpark.org/wp-content/uploads/2025/06/Helianthus-angustifolius-1.png,Helianthus-angustifolius-inat.jpg|Helianthus-angustifolius.jpg|Helianthus-angustifolius.png|Helianthus-angustifolius-1.png,/nas/content/live/hgnp/wp-content/uploads/2025/06/Helianthus-angustifolius-inat.jpg|/nas/content/live/hgnp/wp-content/uploads/2025/06/Helianthus-angustifolius.jpg|/nas/content/live/hgnp/wp-content/uploads/2025/06/Helianthus-angustifolius.png|/nas/content/live/hgnp/wp-content/uploads/2025/06/Helianthus-angustifolius-1.png,12788|12789|12790|12791,Helianthus-angustifolius-inat.jpg|Helianthus-angustifolius.jpg|Helianthus-angustifolius.png|Helianthus-angustifolius-1.png,|||,|||,|||,http://homegrownnationalpark.org/wp-content/uploads/2025/06/Helianthus-angustifolius-inat.jpg,,,,,,,,,"United States",Perennial,"8.1 - Mixed Wood Plains (USA)|8.3 - SE USA Plains|8.5 - Mississippi Alluvial &amp; SE USA Coastal Plains","5–7 ft|7–10 ft","Full Sun|Partial Sun","Container Friendly|Flower",Fall,Average|High,"Helianthus angustifolius","United States",Fall,"5–7 ft|7–10 ft",5,8,N/A,N/A,http://homegrownnationalpark.org/wp-content/uploads/2025/06/Helianthus-angustifolius-inat.jpg|http://homegrownnationalpark.org/wp-content/uploads/2025/06/Helianthus-angustifolius.jpg|http://homegrownnationalpark.org/wp-content/uploads/2025/06/Helianthus-angustifolius.png|http://homegrownnationalpark.org/wp-content/uploads/2025/06/Helianthus-angustifolius-1.png
11225,"Common Sunflower","These tall and showy flowers are easy and fun to grow, and the seeds are great for birds. Put only one plant in each pot and provide support as the plant grows. Noxious in TX, MN, and IW.",,"2025-06-09 10:33:46",plant,https://homegrownnationalpark.org/plant/common-sunflower/,http://homegrownnationalpark.org/wp-content/uploads/2025/06/Helianthus-annuus-2.jpg|http://homegrownnationalpark.org/wp-content/uploads/2025/06/Helianthus-annuus-inat.jpg|http://homegrownnationalpark.org/wp-content/uploads/2025/06/Helianthus-annuus.jpg|http://homegrownnationalpark.org/wp-content/uploads/2025/06/Helianthus-annuus.png|http://homegrownnationalpark.org/wp-content/uploads/2025/06/Helianthus-annuus-1.png,Helianthus-annuus-2.jpg|Helianthus-annuus-inat.jpg|Helianthus-annuus.jpg|Helianthus-annuus.png|Helianthus-annuus-1.png,/nas/content/live/hgnp/wp-content/uploads/2025/06/Helianthus-annuus-2.jpg|/nas/content/live/hgnp/wp-content/uploads/2025/06/Helianthus-annuus-inat.jpg|/nas/content/live/hgnp/wp-content/uploads/2025/06/Helianthus-annuus.jpg|/nas/content/live/hgnp/wp-content/uploads/2025/06/Helianthus-annuus.png|/nas/content/live/hgnp/wp-content/uploads/2025/06/Helianthus-annuus-1.png,12792|12793|12794|12795|12796,Helianthus-annuus-2.jpg|Helianthus-annuus-inat.jpg|Helianthus-annuus.jpg|Helianthus-annuus.png|Helianthus-annuus-1.png,||||,||||,||||,http://homegrownnationalpark.org/wp-content/uploads/2025/06/Helianthus-annuus-2.jpg,,,,,,,,,"United States",Annual,"8.2 - Central USA Plains|9.2 - Temperate Prairies|9.3 - West-Central Semi-Arid Prairies|11.1 - Mediterranean California","3–4 ft|4–5 ft|5–7 ft|7–10 ft|10–15 ft","Full Sun","Container Friendly|Flower","Mid-Late Summer",Average|Low,"Helianthus annuus","United States","Mid-Late Summer","3–4 ft|4–5 ft|5–7 ft|7–10 ft|10–15 ft",3,10,N/A,N/A,http://homegrownnationalpark.org/wp-content/uploads/2025/06/Helianthus-annuus-2.jpg|http://homegrownnationalpark.org/wp-content/uploads/2025/06/Helianthus-annuus-inat.jpg|http://homegrownnationalpark.org/wp-content/uploads/2025/06/Helianthus-annuus.jpg|http://homegrownnationalpark.org/wp-content/uploads/2025/06/Helianthus-annuus.png|http://homegrownnationalpark.org/wp-content/uploads/2025/06/Helianthus-annuus-1.png
11226,"Woodland Sunflower","This sunflower produces a profusion of 2-inch-across yellow flowers that are attractive to many species. This plant is deer-resistant, relatively pest and disease-free, and can be divided every few years.",,"2025-06-09 10:33:46",plant,https://homegrownnationalpark.org/plant/woodland-sunflower/,http://homegrownnationalpark.org/wp-content/uploads/2025/06/Helianthus-divaricatus-flickr.jpg|http://homegrownnationalpark.org/wp-content/uploads/2025/06/Helianthus-divaricatus.jpg|http://homegrownnationalpark.org/wp-content/uploads/2025/06/Helianthus-divaricatus.png|http://homegrownnationalpark.org/wp-content/uploads/2025/06/Helianthus-divaricatus-1.png,Helianthus-divaricatus-flickr.jpg|Helianthus-divaricatus.jpg|Helianthus-divaricatus.png|Helianthus-divaricatus-1.png,/nas/content/live/hgnp/wp-content/uploads/2025/06/Helianthus-divaricatus-flickr.jpg|/nas/content/live/hgnp/wp-content/uploads/2025/06/Helianthus-divaricatus.jpg|/nas/content/live/hgnp/wp-content/uploads/2025/06/Helianthus-divaricatus.png|/nas/content/live/hgnp/wp-content/uploads/2025/06/Helianthus-divaricatus-1.png,12797|12798|12799|12800,Helianthus-divaricatus-flickr.jpg|Helianthus-divaricatus.jpg|Helianthus-divaricatus.png|Helianthus-divaricatus-1.png,|||,|||,|||,http://homegrownnationalpark.org/wp-content/uploads/2025/06/Helianthus-divaricatus-flickr.jpg,,,,,,,,,"United States",Perennial,"8.1 - Mixed Wood Plains (USA)|8.2 - Central USA Plains|8.3 - SE USA Plains|8.4 - Ozark/Ouachita-Appalachian Forests","2–3 ft|3–4 ft|4–5 ft|5–7 ft","Partial Sun","Container Friendly|Flower","Summer through Fall",Low,"Helianthus divaricatus","United States","Summer through Fall","2–3 ft|3–4 ft|4–5 ft|5–7 ft",2,6,N/A,N/A,http://homegrownnationalpark.org/wp-content/uploads/2025/06/Helianthus-divaricatus-flickr.jpg|http://homegrownnationalpark.org/wp-content/uploads/2025/06/Helianthus-divaricatus.jpg|http://homegrownnationalpark.org/wp-content/uploads/2025/06/Helianthus-divaricatus.png|http://homegrownnationalpark.org/wp-content/uploads/2025/06/Helianthus-divaricatus-1.png
11227,"Ashy Sunflower","The smaller alternative to the Giant Sunflower, this plant produces 4-inch-wide flowers while only reaching a maximum height of 2-4 feet. The seeds provide food for birds in the late fall.",,"2025-06-09 10:33:46",plant,https://homegrownnationalpark.org/plant/ashy-sunflower/,http://homegrownnationalpark.org/wp-content/uploads/2025/06/Helianthus-mollis-inat.jpg|http://homegrownnationalpark.org/wp-content/uploads/2025/06/Helianthus-mollis.png|http://homegrownnationalpark.org/wp-content/uploads/2025/06/Helianthus-mollis-1.png,Helianthus-mollis-inat.jpg|Helianthus-mollis.png|Helianthus-mollis-1.png,/nas/content/live/hgnp/wp-content/uploads/2025/06/Helianthus-mollis-inat.jpg|/nas/content/live/hgnp/wp-content/uploads/2025/06/Helianthus-mollis.png|/nas/content/live/hgnp/wp-content/uploads/2025/06/Helianthus-mollis-1.png,12801|12802|12803,Helianthus-mollis-inat.jpg|Helianthus-mollis.png|Helianthus-mollis-1.png,||,||,||,http://homegrownnationalpark.org/wp-content/uploads/2025/06/Helianthus-mollis-inat.jpg,,,,,,,,,"United States",Perennial,"8.2 - Central USA Plains|9.2 - Temperate Prairies|9.3 - West-Central Semi-Arid Prairies","2–3 ft|3–4 ft|4–5 ft","Full Sun","Container Friendly|Flower","Summer through Fall",Average|Low,"Helianthus mollis","United States","Summer through Fall","2–3 ft|3–4 ft|4–5 ft",2,4,N/A,N/A,http://homegrownnationalpark.org/wp-content/uploads/2025/06/Helianthus-mollis-inat.jpg|http://homegrownnationalpark.org/wp-content/uploads/2025/06/Helianthus-mollis.png|http://homegrownnationalpark.org/wp-content/uploads/2025/06/Helianthus-mollis-1.png
11228,"Nuttall's Sunflower","This late-season flowering plant is an important source of nectar for migrating Monarch Butterflies in the fall and other pollinators. The seeds attract many birds and are favored by goldfinches.",,"2025-06-09 10:33:46",plant,https://homegrownnationalpark.org/plant/nuttalls-sunflower/,http://homegrownnationalpark.org/wp-content/uploads/2025/06/Helianthus-nuttallii-flickr.jpg|http://homegrownnationalpark.org/wp-content/uploads/2025/06/Helianthus-nuttallii.png|http://homegrownnationalpark.org/wp-content/uploads/2025/06/Helianthus-nuttallii-1.png,Helianthus-nuttallii-flickr.jpg|Helianthus-nuttallii.png|Helianthus-nuttallii-1.png,/nas/content/live/hgnp/wp-content/uploads/2025/06/Helianthus-nuttallii-flickr.jpg|/nas/content/live/hgnp/wp-content/uploads/2025/06/Helianthus-nuttallii.png|/nas/content/live/hgnp/wp-content/uploads/2025/06/Helianthus-nuttallii-1.png,12804|12805|12806,Helianthus-nuttallii-flickr.jpg|Helianthus-nuttallii.png|Helianthus-nuttallii-1.png,||,||,||,http://homegrownnationalpark.org/wp-content/uploads/2025/06/Helianthus-nuttallii-flickr.jpg,,,,,,,,,"United States",Perennial,"9.2 - Temperate Prairies|10.1 - Cold Deserts|11.1 - Mediterranean California|12.1 - Western Sierra Madre Piedmont","3–4 ft|4–5 ft|5–7 ft|7–10 ft","Full Sun","Container Friendly|Flower",Fall,Average|High,"Helianthus nuttallii","United States",Fall,"3–4 ft|4–5 ft|5–7 ft|7–10 ft",3,8,N/A,N/A,http://homegrownnationalpark.org/wp-content/uploads/2025/06/Helianthus-nuttallii-flickr.jpg|http://homegrownnationalpark.org/wp-content/uploads/2025/06/Helianthus-nuttallii.png|http://homegrownnationalpark.org/wp-content/uploads/2025/06/Helianthus-nuttallii-1.png
11229,"Hairy False Goldenaster","This plant blooms 3-4 months starting in late spring. The bright yellow flowers produce a sage-like aroma and attract butterflies. It is drought-tolerant and can thrive in poor soil as long as it is well-draining.",,"2025-06-09 10:33:46",plant,https://homegrownnationalpark.org/plant/hairy-false-goldenaster/,http://homegrownnationalpark.org/wp-content/uploads/2025/06/Heterotheca-villosa-inat.jpeg|http://homegrownnationalpark.org/wp-content/uploads/2025/06/Heterotheca-villosa.png|http://homegrownnationalpark.org/wp-content/uploads/2025/06/Heterotheca-villosa-1.png,Heterotheca-villosa-inat.jpeg|Heterotheca-villosa.png|Heterotheca-villosa-1.png,/nas/content/live/hgnp/wp-content/uploads/2025/06/Heterotheca-villosa-inat.jpeg|/nas/content/live/hgnp/wp-content/uploads/2025/06/Heterotheca-villosa.png|/nas/content/live/hgnp/wp-content/uploads/2025/06/Heterotheca-villosa-1.png,12807|12808|12809,Heterotheca-villosa-inat.jpeg|Heterotheca-villosa.png|Heterotheca-villosa-1.png,||,||,||,http://homegrownnationalpark.org/wp-content/uploads/2025/06/Heterotheca-villosa-inat.jpeg,,,,,,,,,"United States",Perennial,"6.2 - Western Cordillera|9.3 - West-Central Semi-Arid Prairies|10.1 - Cold Deserts|13.1 - Upper Gila Mountains","&lt; 1 ft|1–2 ft|2–3 ft|3–4 ft","Full Sun","Container Friendly|Flower|Groundcover","Late Spring through Fall",Low,"Heterotheca villosa","United States","Late Spring through Fall","&lt; 1 ft|1–2 ft|2–3 ft|3–4 ft",0.67,3,N/A,N/A,http://homegrownnationalpark.org/wp-content/uploads/2025/06/Heterotheca-villosa-inat.jpeg|http://homegrownnationalpark.org/wp-content/uploads/2025/06/Heterotheca-villosa.png|http://homegrownnationalpark.org/wp-content/uploads/2025/06/Heterotheca-villosa-1.png
11230,"Silvery Lupine","This species has stunning silvery-green leaves with spikes of blue to violet flowers. They are particularly attractive to hummingbirds and butterflies. Plant in a deep pot due to long roots.",,"2025-06-09 10:34:11",plant,https://homegrownnationalpark.org/plant/silvery-lupine/,http://homegrownnationalpark.org/wp-content/uploads/2025/06/Lupinus-argenteus-flickr-scaled-1.jpg|http://homegrownnationalpark.org/wp-content/uploads/2025/06/Lupinus-argenteus.png|http://homegrownnationalpark.org/wp-content/uploads/2025/06/Lupinus-argenteus-1.png,Lupinus-argenteus-flickr-scaled-1.jpg|Lupinus-argenteus.png|Lupinus-argenteus-1.png,/nas/content/live/hgnp/wp-content/uploads/2025/06/Lupinus-argenteus-flickr-scaled-1.jpg|/nas/content/live/hgnp/wp-content/uploads/2025/06/Lupinus-argenteus.png|/nas/content/live/hgnp/wp-content/uploads/2025/06/Lupinus-argenteus-1.png,12810|12811|12812,"<i>Lupinus argenteus</i> var. <i>depressus</i>|Lupinus-argenteus.png|Lupinus-argenteus-1.png",||,"<i>Lupinus argenteus</i> var. <i>depressus</i>, Red Canyon in the southeastern foothills of the Windriver Mountains, 42.6732 -108.6541, Fremont County, Wyoming, 9 Jun 2022.||",||,http://homegrownnationalpark.org/wp-content/uploads/2025/06/Lupinus-argenteus-flickr-scaled-1.jpg,,,,,,,,,"United States",Perennial,"6.2 - Western Cordillera|10.1 - Cold Deserts|12.1 - Western Sierra Madre Piedmont|13.1 - Upper Gila Mountains","1–2 ft|2–3 ft|3–4 ft","Full Sun","Container Friendly|Flower",Summer,Low,"Lupinus argenteus","United States",Summer,"1–2 ft|2–3 ft|3–4 ft",1,3,N/A,N/A,http://homegrownnationalpark.org/wp-content/uploads/2025/06/Lupinus-argenteus-flickr-scaled-1.jpg|http://homegrownnationalpark.org/wp-content/uploads/2025/06/Lupinus-argenteus.png|http://homegrownnationalpark.org/wp-content/uploads/2025/06/Lupinus-argenteus-1.png
11231,"Tahoka Daisy","This species has striking purple flowers and fern-like foliage. It has no serious pests or diseases, and is particularly attractive to butterflies.",,"2025-06-09 10:33:46",plant,https://homegrownnationalpark.org/plant/tahoka-daisy/,http://homegrownnationalpark.org/wp-content/uploads/2025/06/Machaeranthera-tanacetifolia-inat.jpeg|http://homegrownnationalpark.org/wp-content/uploads/2025/06/Machaeranthera-tanacetifolia.jpg|http://homegrownnationalpark.org/wp-content/uploads/2025/06/Machaeranthera-tanacetifolia.png|http://homegrownnationalpark.org/wp-content/uploads/2025/06/Machaeranthera-tanacetifolia-1.png,Machaeranthera-tanacetifolia-inat.jpeg|Machaeranthera-tanacetifolia.jpg|Machaeranthera-tanacetifolia.png|Machaeranthera-tanacetifolia-1.png,/nas/content/live/hgnp/wp-content/uploads/2025/06/Machaeranthera-tanacetifolia-inat.jpeg|/nas/content/live/hgnp/wp-content/uploads/2025/06/Machaeranthera-tanacetifolia.jpg|/nas/content/live/hgnp/wp-content/uploads/2025/06/Machaeranthera-tanacetifolia.png|/nas/content/live/hgnp/wp-content/uploads/2025/06/Machaeranthera-tanacetifolia-1.png,12813|12814|12815|12816,Machaeranthera-tanacetifolia-inat.jpeg|Machaeranthera-tanacetifolia.jpg|Machaeranthera-tanacetifolia.png|Machaeranthera-tanacetifolia-1.png,|||,|||,|||,http://homegrownnationalpark.org/wp-content/uploads/2025/06/Machaeranthera-tanacetifolia-inat.jpeg,,,,,,,,,"United States",Annual,"10.2 - Warm Deserts|12.1 - Western Sierra Madre Piedmont|13.1 - Upper Gila Mountains","&lt; 1 ft|1–2 ft|2–3 ft","Full Sun|Partial Sun","Container Friendly|Flower","Late Summer through Fall",Average|Low,"Machaeranthera tanacetifolia","United States","Late Summer through Fall","&lt; 1 ft|1–2 ft|2–3 ft",0.5,2,N/A,N/A,http://homegrownnationalpark.org/wp-content/uploads/2025/06/Machaeranthera-tanacetifolia-inat.jpeg|http://homegrownnationalpark.org/wp-content/uploads/2025/06/Machaeranthera-tanacetifolia.jpg|http://homegrownnationalpark.org/wp-content/uploads/2025/06/Machaeranthera-tanacetifolia.png|http://homegrownnationalpark.org/wp-content/uploads/2025/06/Machaeranthera-tanacetifolia-1.png
11232,"Common Evening Primrose","This fragrant flower produces a profusion of yellow flowers that open in the evening and close in the morning. This species blooms in its second year, and the whole plant is edible.",,"2025-06-09 10:33:46",plant,https://homegrownnationalpark.org/plant/common-evening-primrose/,http://homegrownnationalpark.org/wp-content/uploads/2025/06/Oenothera-biennis-inat.jpg|http://homegrownnationalpark.org/wp-content/uploads/2025/06/Oenothera-biennis.jpg|http://homegrownnationalpark.org/wp-content/uploads/2025/06/Oenothera-biennis.png|http://homegrownnationalpark.org/wp-content/uploads/2025/06/Oenothera-biennis-1.png,Oenothera-biennis-inat.jpg|Oenothera-biennis.jpg|Oenothera-biennis.png|Oenothera-biennis-1.png,/nas/content/live/hgnp/wp-content/uploads/2025/06/Oenothera-biennis-inat.jpg|/nas/content/live/hgnp/wp-content/uploads/2025/06/Oenothera-biennis.jpg|/nas/content/live/hgnp/wp-content/uploads/2025/06/Oenothera-biennis.png|/nas/content/live/hgnp/wp-content/uploads/2025/06/Oenothera-biennis-1.png,12817|12818|12819|12820,Oenothera-biennis-inat.jpg|Oenothera-biennis.jpg|Oenothera-biennis.png|Oenothera-biennis-1.png,|||,|||,|||,http://homegrownnationalpark.org/wp-content/uploads/2025/06/Oenothera-biennis-inat.jpg,,,,,,,,,"Canada|United States",Perennial,"5.2 - Mixed Wood Shield|5.3 - Atlantic Highlands|8.1 - Mixed Wood Plains (USA)|8.1 - Mixed Wood Plains (Canada)|8.2 - Central USA Plains|8.3 - SE USA Plains|8.4 - Ozark/Ouachita-Appalachian Forests|8.5 - Mississippi Alluvial &amp; SE USA Coastal Plains|9.2 - Temperate Prairies","3–4 ft|4–5 ft|5–7 ft","Full Sun|Partial Sun","Container Friendly|Flower","Summer through Fall",Low|Average,"Oenothera biennis","United States|Canada","Summer through Fall","3–4 ft|4–5 ft|5–7 ft",3,5,N/A,N/A,http://homegrownnationalpark.org/wp-content/uploads/2025/06/Oenothera-biennis-inat.jpg|http://homegrownnationalpark.org/wp-content/uploads/2025/06/Oenothera-biennis.jpg|http://homegrownnationalpark.org/wp-content/uploads/2025/06/Oenothera-biennis.png|http://homegrownnationalpark.org/wp-content/uploads/2025/06/Oenothera-biennis-1.png
11233,"Coast Phacelia","This unique purple flower is a valuable food source for the endangered Mission blue butterfly as well as many other beneficial insects. The flowers persist even in periods of drought.",,"2025-06-09 10:34:11",plant,https://homegrownnationalpark.org/plant/coast-phacelia/,http://homegrownnationalpark.org/wp-content/uploads/2025/06/Phacelia-californica-inat.jpg|http://homegrownnationalpark.org/wp-content/uploads/2025/06/Phacelia-californica.png|http://homegrownnationalpark.org/wp-content/uploads/2025/06/Phacelia-californica-1.png,Phacelia-californica-inat.jpg|Phacelia-californica.png|Phacelia-californica-1.png,/nas/content/live/hgnp/wp-content/uploads/2025/06/Phacelia-californica-inat.jpg|/nas/content/live/hgnp/wp-content/uploads/2025/06/Phacelia-californica.png|/nas/content/live/hgnp/wp-content/uploads/2025/06/Phacelia-californica-1.png,12821|12822|12823,Phacelia-californica-inat.jpg|Phacelia-californica.png|Phacelia-californica-1.png,||,||,||,http://homegrownnationalpark.org/wp-content/uploads/2025/06/Phacelia-californica-inat.jpg,,,,,,,,,"United States",Perennial,"7.1 - Marine West Coast Forests (Lower 48)","&lt; 1 ft|1–2 ft|2–3 ft","Full Sun|Partial Sun","Container Friendly|Flower","Spring through Summer",Low,"Phacelia californica","United States","Spring through Summer","&lt; 1 ft|1–2 ft|2–3 ft",0.5,2,N/A,N/A,http://homegrownnationalpark.org/wp-content/uploads/2025/06/Phacelia-californica-inat.jpg|http://homegrownnationalpark.org/wp-content/uploads/2025/06/Phacelia-californica.png|http://homegrownnationalpark.org/wp-content/uploads/2025/06/Phacelia-californica-1.png
11234,"Lacy Phacelia or Fiddleneck","This unique flower is a favorite of bees and can bloom for 5 months. This species is deer-resistant, relatively pest and disease-free, and self-seeds. The stem bristles can be mildly irritating.",,"2025-06-09 10:33:46",plant,https://homegrownnationalpark.org/plant/lacy-phacelia-or-fiddleneck/,http://homegrownnationalpark.org/wp-content/uploads/2025/06/Phacelia-tanacetifolia-2.jpg|http://homegrownnationalpark.org/wp-content/uploads/2025/06/Phacelia-tanacetifolia-inat.jpg|http://homegrownnationalpark.org/wp-content/uploads/2025/06/Phacelia-tanacetifolia.jpg|http://homegrownnationalpark.org/wp-content/uploads/2025/06/Phacelia-tanacetifolia.png|http://homegrownnationalpark.org/wp-content/uploads/2025/06/Phacelia-tanacetifolia-1.png,Phacelia-tanacetifolia-2.jpg|Phacelia-tanacetifolia-inat.jpg|Phacelia-tanacetifolia.jpg|Phacelia-tanacetifolia.png|Phacelia-tanacetifolia-1.png,/nas/content/live/hgnp/wp-content/uploads/2025/06/Phacelia-tanacetifolia-2.jpg|/nas/content/live/hgnp/wp-content/uploads/2025/06/Phacelia-tanacetifolia-inat.jpg|/nas/content/live/hgnp/wp-content/uploads/2025/06/Phacelia-tanacetifolia.jpg|/nas/content/live/hgnp/wp-content/uploads/2025/06/Phacelia-tanacetifolia.png|/nas/content/live/hgnp/wp-content/uploads/2025/06/Phacelia-tanacetifolia-1.png,12824|12825|12826|12827|12828,Phacelia-tanacetifolia-2.jpg|Phacelia-tanacetifolia-inat.jpg|Phacelia-tanacetifolia.jpg|Phacelia-tanacetifolia.png|Phacelia-tanacetifolia-1.png,||||,||||,||||,http://homegrownnationalpark.org/wp-content/uploads/2025/06/Phacelia-tanacetifolia-2.jpg,,,,,,,,,"United States",Annual,"11.1 - Mediterranean California","1–2 ft|2–3 ft|3–4 ft|4–5 ft","Full Sun","Container Friendly|Flower","Late Spring through Fall",Low,"Phacelia tanacetifolia","United States","Late Spring through Fall","1–2 ft|2–3 ft|3–4 ft|4–5 ft",1,4,N/A,N/A,http://homegrownnationalpark.org/wp-content/uploads/2025/06/Phacelia-tanacetifolia-2.jpg|http://homegrownnationalpark.org/wp-content/uploads/2025/06/Phacelia-tanacetifolia-inat.jpg|http://homegrownnationalpark.org/wp-content/uploads/2025/06/Phacelia-tanacetifolia.jpg|http://homegrownnationalpark.org/wp-content/uploads/2025/06/Phacelia-tanacetifolia.png|http://homegrownnationalpark.org/wp-content/uploads/2025/06/Phacelia-tanacetifolia-1.png
11235,"Mexican Hat Plant","This long-blooming plant offers consistent pollen as well as seeds for birds well into the fall. It is relatively disease and pest-free.",,"2025-06-09 10:34:11",plant,https://homegrownnationalpark.org/plant/mexican-hat-plant/,http://homegrownnationalpark.org/wp-content/uploads/2025/06/Ratibida-columnifera-2.jpg|http://homegrownnationalpark.org/wp-content/uploads/2025/06/Ratibida-columnifera-inat.jpg|http://homegrownnationalpark.org/wp-content/uploads/2025/06/Ratibida-columnifera.jpg|http://homegrownnationalpark.org/wp-content/uploads/2025/06/Ratibida-columnifera.png|http://homegrownnationalpark.org/wp-content/uploads/2025/06/Ratibida-columnifera-1.png,Ratibida-columnifera-2.jpg|Ratibida-columnifera-inat.jpg|Ratibida-columnifera.jpg|Ratibida-columnifera.png|Ratibida-columnifera-1.png,/nas/content/live/hgnp/wp-content/uploads/2025/06/Ratibida-columnifera-2.jpg|/nas/content/live/hgnp/wp-content/uploads/2025/06/Ratibida-columnifera-inat.jpg|/nas/content/live/hgnp/wp-content/uploads/2025/06/Ratibida-columnifera.jpg|/nas/content/live/hgnp/wp-content/uploads/2025/06/Ratibida-columnifera.png|/nas/content/live/hgnp/wp-content/uploads/2025/06/Ratibida-columnifera-1.png,12829|12830|12831|12832|12833,Ratibida-columnifera-2.jpg|Ratibida-columnifera-inat.jpg|Ratibida-columnifera.jpg|Ratibida-columnifera.png|Ratibida-columnifera-1.png,||||,||||,||||,http://homegrownnationalpark.org/wp-content/uploads/2025/06/Ratibida-columnifera-2.jpg,,,,,,,,,"United States",Perennial,"9.3 - West-Central Semi-Arid Prairies|9.4 - South Central Semi-Arid Prairies|9.5 - Texas-Lousiana Coastal Plains|9.6 - Tamaulipas-Texas Semi-Arid Plains|12.1 - Western Sierra Madre Piedmont|13.1 - Upper Gila Mountains","1–2 ft|2–3 ft|3–4 ft","Full Sun","Container Friendly|Flower","Late Spring through Fall",Low,"Ratibida columnifera","United States","Late Spring through Fall","1–2 ft|2–3 ft|3–4 ft",1,3,N/A,N/A,http://homegrownnationalpark.org/wp-content/uploads/2025/06/Ratibida-columnifera-2.jpg|http://homegrownnationalpark.org/wp-content/uploads/2025/06/Ratibida-columnifera-inat.jpg|http://homegrownnationalpark.org/wp-content/uploads/2025/06/Ratibida-columnifera.jpg|http://homegrownnationalpark.org/wp-content/uploads/2025/06/Ratibida-columnifera.png|http://homegrownnationalpark.org/wp-content/uploads/2025/06/Ratibida-columnifera-1.png
11236,"Orange Coneflower","This bright flower blooms profusely in full sun but can tolerate some shade. It is low maintenance, highly disease-tolerant, deer-resistant, and attractive to butterflies.",,"2025-06-09 10:34:11",plant,https://homegrownnationalpark.org/plant/orange-coneflower/,http://homegrownnationalpark.org/wp-content/uploads/2025/06/Rudbeckia-fulgida-2.jpg|http://homegrownnationalpark.org/wp-content/uploads/2025/06/Rudbeckia-fulgida-inat.jpg|http://homegrownnationalpark.org/wp-content/uploads/2025/06/Rudbeckia-fulgida.jpg|http://homegrownnationalpark.org/wp-content/uploads/2025/06/Rudbeckia_Fulgida_var_Fulgida.jpg|http://homegrownnationalpark.org/wp-content/uploads/2025/06/Rudbeckia-fulgida.png|http://homegrownnationalpark.org/wp-content/uploads/2025/06/Rudbeckia-fulgida-1.png,Rudbeckia-fulgida-2.jpg|Rudbeckia-fulgida-inat.jpg|Rudbeckia-fulgida.jpg|Rudbeckia_Fulgida_var_Fulgida.jpg|Rudbeckia-fulgida.png|Rudbeckia-fulgida-1.png,/nas/content/live/hgnp/wp-content/uploads/2025/06/Rudbeckia-fulgida-2.jpg|/nas/content/live/hgnp/wp-content/uploads/2025/06/Rudbeckia-fulgida-inat.jpg|/nas/content/live/hgnp/wp-content/uploads/2025/06/Rudbeckia-fulgida.jpg|/nas/content/live/hgnp/wp-content/uploads/2025/06/Rudbeckia_Fulgida_var_Fulgida.jpg|/nas/content/live/hgnp/wp-content/uploads/2025/06/Rudbeckia-fulgida.png|/nas/content/live/hgnp/wp-content/uploads/2025/06/Rudbeckia-fulgida-1.png,12834|12835|12836|12837|12838|12839,Rudbeckia-fulgida-2.jpg|Rudbeckia-fulgida-inat.jpg|Rudbeckia-fulgida.jpg|Rudbeckia_Fulgida_var_Fulgida.jpg|Rudbeckia-fulgida.png|Rudbeckia-fulgida-1.png,|||||,|||||,|||||,http://homegrownnationalpark.org/wp-content/uploads/2025/06/Rudbeckia-fulgida-2.jpg,,,,,,,,,"United States",Perennial,"8.1 - Mixed Wood Plains (USA)|8.2 - Central USA Plains|8.3 - SE USA Plains|8.4 - Ozark/Ouachita-Appalachian Forests","2–3 ft|3–4 ft|4–5 ft","Full Sun|Partial Sun","Container Friendly|Flower","Mid Summer through Fall",Average,"Rudbeckia fulgida","United States","Mid Summer through Fall","2–3 ft|3–4 ft|4–5 ft",2,4,N/A,N/A,http://homegrownnationalpark.org/wp-content/uploads/2025/06/Rudbeckia-fulgida-2.jpg|http://homegrownnationalpark.org/wp-content/uploads/2025/06/Rudbeckia-fulgida-inat.jpg|http://homegrownnationalpark.org/wp-content/uploads/2025/06/Rudbeckia-fulgida.jpg|http://homegrownnationalpark.org/wp-content/uploads/2025/06/Rudbeckia_Fulgida_var_Fulgida.jpg|http://homegrownnationalpark.org/wp-content/uploads/2025/06/Rudbeckia-fulgida.png|http://homegrownnationalpark.org/wp-content/uploads/2025/06/Rudbeckia-fulgida-1.png
11237,"Black-Eyed Susan","This short-lived perennial, with 3-inch blooms, self-seeds and can tolerate a wide range of growing conditions. It has no serious pests or diseases and is deer-resistant.",,"2025-06-09 10:34:11",plant,https://homegrownnationalpark.org/plant/black-eyed-susan/,http://homegrownnationalpark.org/wp-content/uploads/2025/06/Rudbeckia-hirta-inat.jpeg|http://homegrownnationalpark.org/wp-content/uploads/2025/06/Rudbeckia-hirta.jpg|http://homegrownnationalpark.org/wp-content/uploads/2025/06/Rudbeckia_hirta5-rotated-1.jpeg|http://homegrownnationalpark.org/wp-content/uploads/2025/06/Rudbeckia-hirta.png|http://homegrownnationalpark.org/wp-content/uploads/2025/06/Rudbeckia-hirta-1.png,Rudbeckia-hirta-inat.jpeg|Rudbeckia-hirta.jpg|Rudbeckia_hirta5-rotated-1.jpeg|Rudbeckia-hirta.png|Rudbeckia-hirta-1.png,/nas/content/live/hgnp/wp-content/uploads/2025/06/Rudbeckia-hirta-inat.jpeg|/nas/content/live/hgnp/wp-content/uploads/2025/06/Rudbeckia-hirta.jpg|/nas/content/live/hgnp/wp-content/uploads/2025/06/Rudbeckia_hirta5-rotated-1.jpeg|/nas/content/live/hgnp/wp-content/uploads/2025/06/Rudbeckia-hirta.png|/nas/content/live/hgnp/wp-content/uploads/2025/06/Rudbeckia-hirta-1.png,12841|12842|12843|12844|12845,Rudbeckia-hirta-inat.jpeg|Rudbeckia-hirta.jpg|Rudbeckia_hirta5-rotated-1.jpeg|Rudbeckia-hirta.png|Rudbeckia-hirta-1.png,||||,||||,||||,http://homegrownnationalpark.org/wp-content/uploads/2025/06/Rudbeckia-hirta-inat.jpeg,,,,,,,,,"Canada|United States","Short-lived Perennial","5.2 - Mixed Wood Shield|5.3 - Atlantic Highlands|8.1 - Mixed Wood Plains (USA)|8.1 - Mixed Wood Plains (Canada)|8.2 - Central USA Plains|8.3 - SE USA Plains|8.4 - Ozark/Ouachita-Appalachian Forests|8.5 - Mississippi Alluvial &amp; SE USA Coastal Plains|9.2 - Temperate Prairies|15.4 - Everglades","2–3 ft|3–4 ft","Full Sun","Container Friendly|Flower","Summer through Fall",Average|Low,"Rudbeckia hirta","United States|Canada","Summer through Fall","2–3 ft|3–4 ft",2,3,N/A,N/A,http://homegrownnationalpark.org/wp-content/uploads/2025/06/Rudbeckia-hirta-inat.jpeg|http://homegrownnationalpark.org/wp-content/uploads/2025/06/Rudbeckia-hirta.jpg|http://homegrownnationalpark.org/wp-content/uploads/2025/06/Rudbeckia_hirta5-rotated-1.jpeg|http://homegrownnationalpark.org/wp-content/uploads/2025/06/Rudbeckia-hirta.png|http://homegrownnationalpark.org/wp-content/uploads/2025/06/Rudbeckia-hirta-1.png
11238,"Cutleaf Coneflower","This 3-4 inch flower grows will in a large pot with support, and its attractive seedheads extend the season of interest into the winter. It has no serious pests or diseases and is deer-resistant.",,"2025-06-09 10:34:11",plant,https://homegrownnationalpark.org/plant/cutleaf-coneflower/,http://homegrownnationalpark.org/wp-content/uploads/2025/06/Rudbeckia-laciniata-2.jpg|http://homegrownnationalpark.org/wp-content/uploads/2025/06/Rudbeckia-laciniata-inat.jpeg|http://homegrownnationalpark.org/wp-content/uploads/2025/06/Rudbeckia-laciniata.jpg|http://homegrownnationalpark.org/wp-content/uploads/2025/06/Rudbeckia-laciniata.png|http://homegrownnationalpark.org/wp-content/uploads/2025/06/Rudbeckia-laciniata-1.png,Rudbeckia-laciniata-2.jpg|Rudbeckia-laciniata-inat.jpeg|Rudbeckia-laciniata.jpg|Rudbeckia-laciniata.png|Rudbeckia-laciniata-1.png,/nas/content/live/hgnp/wp-content/uploads/2025/06/Rudbeckia-laciniata-2.jpg|/nas/content/live/hgnp/wp-content/uploads/2025/06/Rudbeckia-laciniata-inat.jpeg|/nas/content/live/hgnp/wp-content/uploads/2025/06/Rudbeckia-laciniata.jpg|/nas/content/live/hgnp/wp-content/uploads/2025/06/Rudbeckia-laciniata.png|/nas/content/live/hgnp/wp-content/uploads/2025/06/Rudbeckia-laciniata-1.png,12846|12847|12848|12849|12850,Rudbeckia-laciniata-2.jpg|Rudbeckia-laciniata-inat.jpeg|Rudbeckia-laciniata.jpg|Rudbeckia-laciniata.png|Rudbeckia-laciniata-1.png,||||,||||,||||,http://homegrownnationalpark.org/wp-content/uploads/2025/06/Rudbeckia-laciniata-2.jpg,,,,,,,,,"United States",Perennial,"5.2 - Mixed Wood Shield|5.3 - Atlantic Highlands|8.1 - Mixed Wood Plains (USA)|8.2 - Central USA Plains|9.2 - Temperate Prairies|13.1 - Upper Gila Mountains","3–4 ft|4–5 ft|5–7 ft|7–10 ft","Full Sun|Partial Sun","Container Friendly|Flower","Mid Summer through Fall",Average|High,"Rudbeckia laciniata","United States","Mid Summer through Fall","3–4 ft|4–5 ft|5–7 ft|7–10 ft",3,9,N/A,N/A,http://homegrownnationalpark.org/wp-content/uploads/2025/06/Rudbeckia-laciniata-2.jpg|http://homegrownnationalpark.org/wp-content/uploads/2025/06/Rudbeckia-laciniata-inat.jpeg|http://homegrownnationalpark.org/wp-content/uploads/2025/06/Rudbeckia-laciniata.jpg|http://homegrownnationalpark.org/wp-content/uploads/2025/06/Rudbeckia-laciniata.png|http://homegrownnationalpark.org/wp-content/uploads/2025/06/Rudbeckia-laciniata-1.png
11239,"Western Coneflower","This unique flower has a large central cone with abundant pollen and nectar. Deadheading promotes further blooms, and this species is deer-resistant with no serious pests or diseases.",,"2025-06-09 10:34:34",plant,https://homegrownnationalpark.org/plant/western-coneflower/,http://homegrownnationalpark.org/wp-content/uploads/2025/06/Rudbeckia-occidentalis-inat.jpeg|http://homegrownnationalpark.org/wp-content/uploads/2025/06/Rudbeckia-occidentalis.png|http://homegrownnationalpark.org/wp-content/uploads/2025/06/Rudbeckia-occidentalis-1.png,Rudbeckia-occidentalis-inat.jpeg|Rudbeckia-occidentalis.png|Rudbeckia-occidentalis-1.png,/nas/content/live/hgnp/wp-content/uploads/2025/06/Rudbeckia-occidentalis-inat.jpeg|/nas/content/live/hgnp/wp-content/uploads/2025/06/Rudbeckia-occidentalis.png|/nas/content/live/hgnp/wp-content/uploads/2025/06/Rudbeckia-occidentalis-1.png,12851|12852|12853,Rudbeckia-occidentalis-inat.jpeg|Rudbeckia-occidentalis.png|Rudbeckia-occidentalis-1.png,||,||,||,http://homegrownnationalpark.org/wp-content/uploads/2025/06/Rudbeckia-occidentalis-inat.jpeg,,,,,,,,,"United States",Perennial,"6.2 - Western Cordillera|7.1 - Marine West Coast Forests (Lower 48)|10.1 - Cold Deserts","3–4 ft|4–5 ft","Full Sun","Container Friendly|Flower","Summer through Fall",Average,"Rudbeckia occidentalis","United States","Summer through Fall","3–4 ft|4–5 ft",3,4,N/A,N/A,http://homegrownnationalpark.org/wp-content/uploads/2025/06/Rudbeckia-occidentalis-inat.jpeg|http://homegrownnationalpark.org/wp-content/uploads/2025/06/Rudbeckia-occidentalis.png|http://homegrownnationalpark.org/wp-content/uploads/2025/06/Rudbeckia-occidentalis-1.png
11240,"Brown-Eyed Susan","This low-maintenance plant is disease and deer-resistant. Flowers are long lasting and are excellent cut flowers. Deadheading can be used to promote longer blooming and reduce self-seeding.",,"2025-06-09 10:34:11",plant,https://homegrownnationalpark.org/plant/brown-eyed-susan/,http://homegrownnationalpark.org/wp-content/uploads/2025/06/Rudbeckia-triloba-inat.jpeg|http://homegrownnationalpark.org/wp-content/uploads/2025/06/Rudbeckia-triloba.png|http://homegrownnationalpark.org/wp-content/uploads/2025/06/Rudbeckia-triloba-1.png,Rudbeckia-triloba-inat.jpeg|Rudbeckia-triloba.png|Rudbeckia-triloba-1.png,/nas/content/live/hgnp/wp-content/uploads/2025/06/Rudbeckia-triloba-inat.jpeg|/nas/content/live/hgnp/wp-content/uploads/2025/06/Rudbeckia-triloba.png|/nas/content/live/hgnp/wp-content/uploads/2025/06/Rudbeckia-triloba-1.png,12854|12855|12856,Rudbeckia-triloba-inat.jpeg|Rudbeckia-triloba.png|Rudbeckia-triloba-1.png,||,||,||,http://homegrownnationalpark.org/wp-content/uploads/2025/06/Rudbeckia-triloba-inat.jpeg,,,,,,,,,"United States",Perennial,"8.1 - Mixed Wood Plains (USA)|8.2 - Central USA Plains|8.3 - SE USA Plains|8.4 - Ozark/Ouachita-Appalachian Forests|8.5 - Mississippi Alluvial &amp; SE USA Coastal Plains","3–4 ft|4–5 ft","Full Sun","Container Friendly|Flower","Mid-Late Summer through Fall",Average,"Rudbeckia triloba","United States","Mid-Late Summer through Fall","3–4 ft|4–5 ft",3,4,N/A,N/A,http://homegrownnationalpark.org/wp-content/uploads/2025/06/Rudbeckia-triloba-inat.jpeg|http://homegrownnationalpark.org/wp-content/uploads/2025/06/Rudbeckia-triloba.png|http://homegrownnationalpark.org/wp-content/uploads/2025/06/Rudbeckia-triloba-1.png
11241,"White Goldenrod","This plant is attractive to pollinators and birds while being resistant to deer. Once established, this plant is drought-tolerant. Deadheading should be used to avoid self-seeding.",,"2025-06-09 10:34:11",plant,https://homegrownnationalpark.org/plant/white-goldenrod/,http://homegrownnationalpark.org/wp-content/uploads/2025/06/solidago-bicolor-inat.jpeg|http://homegrownnationalpark.org/wp-content/uploads/2025/06/Solidago-bicolor.png|http://homegrownnationalpark.org/wp-content/uploads/2025/06/Solidago-bicolor-1.png,solidago-bicolor-inat.jpeg|Solidago-bicolor.png|Solidago-bicolor-1.png,/nas/content/live/hgnp/wp-content/uploads/2025/06/solidago-bicolor-inat.jpeg|/nas/content/live/hgnp/wp-content/uploads/2025/06/Solidago-bicolor.png|/nas/content/live/hgnp/wp-content/uploads/2025/06/Solidago-bicolor-1.png,12857|12858|12859,solidago-bicolor-inat.jpeg|Solidago-bicolor.png|Solidago-bicolor-1.png,||,||,||,http://homegrownnationalpark.org/wp-content/uploads/2025/06/solidago-bicolor-inat.jpeg,,,,,,,,,"United States",Perennial,"8.1 - Mixed Wood Plains (USA)|8.3 - SE USA Plains|8.4 - Ozark/Ouachita-Appalachian Forests","1–2 ft|2–3 ft|3–4 ft","Full Sun|Partial Sun","Container Friendly|Flower","Mid-Late Summer through Fall",Low|Average,"Solidago bicolor","United States","Mid-Late Summer through Fall","1–2 ft|2–3 ft|3–4 ft",1,3,N/A,N/A,http://homegrownnationalpark.org/wp-content/uploads/2025/06/solidago-bicolor-inat.jpeg|http://homegrownnationalpark.org/wp-content/uploads/2025/06/Solidago-bicolor.png|http://homegrownnationalpark.org/wp-content/uploads/2025/06/Solidago-bicolor-1.png
11242,"Wreath Goldenrod","This plant bears a profusion of flowers in late summer that are highly attractive to a variety of species. This less-aggressive goldenrod is deer-resistant with no serious pests or diseases.",,"2025-06-09 10:34:11",plant,https://homegrownnationalpark.org/plant/wreath-goldenrod/,http://homegrownnationalpark.org/wp-content/uploads/2025/06/Solidago-caesia-inat.jpg|http://homegrownnationalpark.org/wp-content/uploads/2025/06/Solidago-caesia.png|http://homegrownnationalpark.org/wp-content/uploads/2025/06/Solidago-caesia-1.png,Solidago-caesia-inat.jpg|Solidago-caesia.png|Solidago-caesia-1.png,/nas/content/live/hgnp/wp-content/uploads/2025/06/Solidago-caesia-inat.jpg|/nas/content/live/hgnp/wp-content/uploads/2025/06/Solidago-caesia.png|/nas/content/live/hgnp/wp-content/uploads/2025/06/Solidago-caesia-1.png,12860|12861|12862,Solidago-caesia-inat.jpg|Solidago-caesia.png|Solidago-caesia-1.png,||,||,||,http://homegrownnationalpark.org/wp-content/uploads/2025/06/Solidago-caesia-inat.jpg,,,,,,,,,"United States",Perennial,"8.1 - Mixed Wood Plains (USA)|8.3 - SE USA Plains|8.4 - Ozark/Ouachita-Appalachian Forests|8.5 - Mississippi Alluvial &amp; SE USA Coastal Plains","1–2 ft|2–3 ft|3–4 ft","Full Sun|Partial Sun","Container Friendly|Flower","Late Summer through Fall",Low|Average,"Solidago caesia","United States","Late Summer through Fall","1–2 ft|2–3 ft|3–4 ft",1,3,N/A,N/A,http://homegrownnationalpark.org/wp-content/uploads/2025/06/Solidago-caesia-inat.jpg|http://homegrownnationalpark.org/wp-content/uploads/2025/06/Solidago-caesia.png|http://homegrownnationalpark.org/wp-content/uploads/2025/06/Solidago-caesia-1.png
11243,"Old Field Goldenrod","This plant is a less-aggressive, shorter alternative to tall goldenrod. Its showy, yellow flowers are attractive to birds and pollinators and provides a splash of color to late season. It can tolerate poor, dry soil.",,"2025-06-09 10:34:11",plant,https://homegrownnationalpark.org/plant/old-field-goldenrod/,http://homegrownnationalpark.org/wp-content/uploads/2025/06/solidago-nemoralis-inat.jpg|http://homegrownnationalpark.org/wp-content/uploads/2025/06/Solidago-nemoralis.png|http://homegrownnationalpark.org/wp-content/uploads/2025/06/Solidago-nemoralis-1.png,solidago-nemoralis-inat.jpg|Solidago-nemoralis.png|Solidago-nemoralis-1.png,/nas/content/live/hgnp/wp-content/uploads/2025/06/solidago-nemoralis-inat.jpg|/nas/content/live/hgnp/wp-content/uploads/2025/06/Solidago-nemoralis.png|/nas/content/live/hgnp/wp-content/uploads/2025/06/Solidago-nemoralis-1.png,12863|12864|12865,solidago-nemoralis-inat.jpg|Solidago-nemoralis.png|Solidago-nemoralis-1.png,||,||,||,http://homegrownnationalpark.org/wp-content/uploads/2025/06/solidago-nemoralis-inat.jpg,,,,,,,,,"United States",Perennial,"5.2 - Mixed Wood Shield|5.3 - Atlantic Highlands|8.1 - Mixed Wood Plains (USA)|8.2 - Central USA Plains|8.3 - SE USA Plains|8.4 - Ozark/Ouachita-Appalachian Forests|9.2 - Temperate Prairies","1–2 ft|2–3 ft","Full Sun","Container Friendly|Flower","Summer through Fall",Low|Average,"Solidago nemoralis","United States","Summer through Fall","1–2 ft|2–3 ft",1,2,N/A,N/A,http://homegrownnationalpark.org/wp-content/uploads/2025/06/solidago-nemoralis-inat.jpg|http://homegrownnationalpark.org/wp-content/uploads/2025/06/Solidago-nemoralis.png|http://homegrownnationalpark.org/wp-content/uploads/2025/06/Solidago-nemoralis-1.png
11244,"Wrinkleleaf Goldenrod","This compact goldenrod has arching sprays of bright yellow flowers that support over 100 species of insects. This species is deer-resistant with no serious pests or diseases.",,"2025-06-09 10:34:11",plant,https://homegrownnationalpark.org/plant/wrinkleleaf-goldenrod/,http://homegrownnationalpark.org/wp-content/uploads/2025/06/Solidago-rugosa-inat.jpeg|http://homegrownnationalpark.org/wp-content/uploads/2025/06/Solidago-rugosa.png|http://homegrownnationalpark.org/wp-content/uploads/2025/06/Solidago-rugosa-1.png,Solidago-rugosa-inat.jpeg|Solidago-rugosa.png|Solidago-rugosa-1.png,/nas/content/live/hgnp/wp-content/uploads/2025/06/Solidago-rugosa-inat.jpeg|/nas/content/live/hgnp/wp-content/uploads/2025/06/Solidago-rugosa.png|/nas/content/live/hgnp/wp-content/uploads/2025/06/Solidago-rugosa-1.png,12866|12867|12868,Solidago-rugosa-inat.jpeg|Solidago-rugosa.png|Solidago-rugosa-1.png,||,||,||,http://homegrownnationalpark.org/wp-content/uploads/2025/06/Solidago-rugosa-inat.jpeg,,,,,,,,,"United States",Perennial,"5.3 - Atlantic Highlands|8.1 - Mixed Wood Plains (USA)|8.3 - SE USA Plains|8.4 - Ozark/Ouachita-Appalachian Forests","3–4 ft|4–5 ft|5–7 ft","Full Sun","Container Friendly|Flower","Late Summer through Fall",Average|High,"Solidago rugosa","United States","Late Summer through Fall","3–4 ft|4–5 ft|5–7 ft",3,5,N/A,N/A,http://homegrownnationalpark.org/wp-content/uploads/2025/06/Solidago-rugosa-inat.jpeg|http://homegrownnationalpark.org/wp-content/uploads/2025/06/Solidago-rugosa.png|http://homegrownnationalpark.org/wp-content/uploads/2025/06/Solidago-rugosa-1.png
11245,"Stiff Goldenrod","A beautiful late-season bloom that produces thick clusters of yellow flowers. It is attractive to pollinators and seed birds. It is deer-resistant and thrives in poor, dry soil.",,"2025-06-09 10:34:11",plant,https://homegrownnationalpark.org/plant/stiff-goldenrod/,http://homegrownnationalpark.org/wp-content/uploads/2025/06/solidago-rigida-inat.jpeg|http://homegrownnationalpark.org/wp-content/uploads/2025/06/Solidago-rigida.png|http://homegrownnationalpark.org/wp-content/uploads/2025/06/Solidago-rigida-1.png,solidago-rigida-inat.jpeg|Solidago-rigida.png|Solidago-rigida-1.png,/nas/content/live/hgnp/wp-content/uploads/2025/06/solidago-rigida-inat.jpeg|/nas/content/live/hgnp/wp-content/uploads/2025/06/Solidago-rigida.png|/nas/content/live/hgnp/wp-content/uploads/2025/06/Solidago-rigida-1.png,12869|12870|12871,solidago-rigida-inat.jpeg|Solidago-rigida.png|Solidago-rigida-1.png,||,||,||,http://homegrownnationalpark.org/wp-content/uploads/2025/06/solidago-rigida-inat.jpeg,,,,,,,,,"United States",Perennial,"9.2 - Temperate Prairies|9.3 - West-Central Semi-Arid Prairies","3–4 ft|4–5 ft|5–7 ft","Full Sun","Container Friendly|Flower","Late Summer through Fall",Average|Low,"Solidago rigida","United States","Late Summer through Fall","3–4 ft|4–5 ft|5–7 ft",3,5,N/A,N/A,http://homegrownnationalpark.org/wp-content/uploads/2025/06/solidago-rigida-inat.jpeg|http://homegrownnationalpark.org/wp-content/uploads/2025/06/Solidago-rigida.png|http://homegrownnationalpark.org/wp-content/uploads/2025/06/Solidago-rigida-1.png
11246,"Desert or Globe Mallow","This bushy plant has striking flowers that are typically orange, but other varieties are available. Disease and drought-resistant. Cut back the plant after it flowers to get more blooms.",,"2025-06-09 10:34:11",plant,https://homegrownnationalpark.org/plant/desert-or-globe-mallow/,http://homegrownnationalpark.org/wp-content/uploads/2025/06/Sphaeralcea-ambigua-2.jpg|http://homegrownnationalpark.org/wp-content/uploads/2025/06/Sphaeralcea-ambigua-3.jpg|http://homegrownnationalpark.org/wp-content/uploads/2025/06/Sphaeralcea-ambigua-inat.jpeg|http://homegrownnationalpark.org/wp-content/uploads/2025/06/Sphaeralcea-ambigua.jpg|http://homegrownnationalpark.org/wp-content/uploads/2025/06/Sphaeralcea-ambigua.png|http://homegrownnationalpark.org/wp-content/uploads/2025/06/Sphaeralcea-ambigua-1.png,Sphaeralcea-ambigua-2.jpg|Sphaeralcea-ambigua-3.jpg|Sphaeralcea-ambigua-inat.jpeg|Sphaeralcea-ambigua.jpg|Sphaeralcea-ambigua.png|Sphaeralcea-ambigua-1.png,/nas/content/live/hgnp/wp-content/uploads/2025/06/Sphaeralcea-ambigua-2.jpg|/nas/content/live/hgnp/wp-content/uploads/2025/06/Sphaeralcea-ambigua-3.jpg|/nas/content/live/hgnp/wp-content/uploads/2025/06/Sphaeralcea-ambigua-inat.jpeg|/nas/content/live/hgnp/wp-content/uploads/2025/06/Sphaeralcea-ambigua.jpg|/nas/content/live/hgnp/wp-content/uploads/2025/06/Sphaeralcea-ambigua.png|/nas/content/live/hgnp/wp-content/uploads/2025/06/Sphaeralcea-ambigua-1.png,12872|12873|12874|12875|12876|12877,Sphaeralcea-ambigua-2.jpg|Sphaeralcea-ambigua-3.jpg|Sphaeralcea-ambigua-inat.jpeg|Sphaeralcea-ambigua.jpg|Sphaeralcea-ambigua.png|Sphaeralcea-ambigua-1.png,|||||,|||||,|||||,http://homegrownnationalpark.org/wp-content/uploads/2025/06/Sphaeralcea-ambigua-2.jpg,,,,,,,,,"United States",Perennial,"9.3 - West-Central Semi-Arid Prairies|10.2 - Warm Deserts|12.1 - Western Sierra Madre Piedmont","2–3 ft|3–4 ft|4–5 ft","Full Sun","Container Friendly|Flower","Spring through Fall",Low,"Sphaeralcea ambigua","United States","Spring through Fall","2–3 ft|3–4 ft|4–5 ft",2,4,N/A,N/A,http://homegrownnationalpark.org/wp-content/uploads/2025/06/Sphaeralcea-ambigua-2.jpg|http://homegrownnationalpark.org/wp-content/uploads/2025/06/Sphaeralcea-ambigua-3.jpg|http://homegrownnationalpark.org/wp-content/uploads/2025/06/Sphaeralcea-ambigua-inat.jpeg|http://homegrownnationalpark.org/wp-content/uploads/2025/06/Sphaeralcea-ambigua.jpg|http://homegrownnationalpark.org/wp-content/uploads/2025/06/Sphaeralcea-ambigua.png|http://homegrownnationalpark.org/wp-content/uploads/2025/06/Sphaeralcea-ambigua-1.png
11247,"Pacific Aster","This species boasts a profusion of star-shaped flowers that provide a late-season food source for a variety of pollinators. Cut back in early spring to encourage bushiness. No serious pests or diseases and deer-resistant.",,"2025-06-09 10:34:34",plant,https://homegrownnationalpark.org/plant/pacific-aster/,http://homegrownnationalpark.org/wp-content/uploads/2025/06/Symphyotrichum-chilense-inat.jpg|http://homegrownnationalpark.org/wp-content/uploads/2025/06/Symphyotrichum-chilense.png|http://homegrownnationalpark.org/wp-content/uploads/2025/06/Symphyotrichum-chilense-1.png,Symphyotrichum-chilense-inat.jpg|Symphyotrichum-chilense.png|Symphyotrichum-chilense-1.png,/nas/content/live/hgnp/wp-content/uploads/2025/06/Symphyotrichum-chilense-inat.jpg|/nas/content/live/hgnp/wp-content/uploads/2025/06/Symphyotrichum-chilense.png|/nas/content/live/hgnp/wp-content/uploads/2025/06/Symphyotrichum-chilense-1.png,12878|12879|12880,Symphyotrichum-chilense-inat.jpg|Symphyotrichum-chilense.png|Symphyotrichum-chilense-1.png,||,||,||,http://homegrownnationalpark.org/wp-content/uploads/2025/06/Symphyotrichum-chilense-inat.jpg,,,,,,,,,"United States",Perennial,"7.1 - Marine West Coast Forests (Lower 48)|11.1 - Mediterranean California","1–2 ft|2–3 ft|3–4 ft|4–5 ft","Full Sun|Partial Sun","Container Friendly|Flower","Mid Summer through Fall",Low,"Symphyotrichum chilense","United States","Mid Summer through Fall","1–2 ft|2–3 ft|3–4 ft|4–5 ft",1,4,N/A,N/A,http://homegrownnationalpark.org/wp-content/uploads/2025/06/Symphyotrichum-chilense-inat.jpg|http://homegrownnationalpark.org/wp-content/uploads/2025/06/Symphyotrichum-chilense.png|http://homegrownnationalpark.org/wp-content/uploads/2025/06/Symphyotrichum-chilense-1.png
11248,"Blue Wood Aster","This densely flowering plant is a stunning late-season choice, providing nectar to butterflies and visual interest. This species is generally pest-free and deer-resistant.",,"2025-06-09 10:34:11",plant,https://homegrownnationalpark.org/plant/blue-wood-aster/,http://homegrownnationalpark.org/wp-content/uploads/2025/06/Symphyotrichum-cordifolium-inat.jpeg|http://homegrownnationalpark.org/wp-content/uploads/2025/06/Symphyotrichum-cordifolium.png|http://homegrownnationalpark.org/wp-content/uploads/2025/06/Symphyotrichum-cordifolium-1.png,Symphyotrichum-cordifolium-inat.jpeg|Symphyotrichum-cordifolium.png|Symphyotrichum-cordifolium-1.png,/nas/content/live/hgnp/wp-content/uploads/2025/06/Symphyotrichum-cordifolium-inat.jpeg|/nas/content/live/hgnp/wp-content/uploads/2025/06/Symphyotrichum-cordifolium.png|/nas/content/live/hgnp/wp-content/uploads/2025/06/Symphyotrichum-cordifolium-1.png,12881|12882|12883,Symphyotrichum-cordifolium-inat.jpeg|Symphyotrichum-cordifolium.png|Symphyotrichum-cordifolium-1.png,||,||,||,http://homegrownnationalpark.org/wp-content/uploads/2025/06/Symphyotrichum-cordifolium-inat.jpeg,,,,,,,,,"United States",Perennial,"8.1 - Mixed Wood Plains (USA)|8.3 - SE USA Plains|8.4 - Ozark/Ouachita-Appalachian Forests","2–3 ft|3–4 ft|4–5 ft|5–7 ft","Full Sun|Partial Sun","Container Friendly|Flower","Late Summer through Fall",Low|Average,"Symphyotrichum cordifolium","United States","Late Summer through Fall","2–3 ft|3–4 ft|4–5 ft|5–7 ft",2,5,N/A,N/A,http://homegrownnationalpark.org/wp-content/uploads/2025/06/Symphyotrichum-cordifolium-inat.jpeg|http://homegrownnationalpark.org/wp-content/uploads/2025/06/Symphyotrichum-cordifolium.png|http://homegrownnationalpark.org/wp-content/uploads/2025/06/Symphyotrichum-cordifolium-1.png
11249,"First Snow Heath Aster","This beautiful, low-lying plant produces a spray of small white flowers and loves to drape over the sides of containers. It is low-maintenance and resistant to mildew and many pests.",,"2025-06-09 10:34:34",plant,https://homegrownnationalpark.org/plant/first-snow-heath-aster/,http://homegrownnationalpark.org/wp-content/uploads/2025/06/Symphyotrichum-ericoides-2.jpg,Symphyotrichum-ericoides-2.jpg,/nas/content/live/hgnp/wp-content/uploads/2025/06/Symphyotrichum-ericoides-2.jpg,12884,Symphyotrichum-ericoides-2.jpg,,,,http://homegrownnationalpark.org/wp-content/uploads/2025/06/Symphyotrichum-ericoides-2.jpg,,,,,,,,,"United States|Canada",Perennial,"8.1 - Mixed Wood Plains (USA)|9.2 - Temperate Prairies|9.3 - West-Central Semi-Arid Prairies|9.4 - South Central Semi-Arid Prairies|13.1 - Upper Gila Mountains","1–2 ft|2–3 ft","Full Sun","Container Friendly|Flower","Late Summer through Fall",Low|Average,"Symphyotrichum ericoides","United States|Canada","Late Summer through Fall","1–2 ft|2–3 ft",1,2,N/A,N/A,
11251,"Calico Aster","This plant produces unique white flowers with berry-like centers late summer through fall. It is a great source of nectar to butterflies and bees. Susceptible to powdery mildew.",,"2025-06-09 10:34:11",plant,https://homegrownnationalpark.org/plant/calico-aster/,http://homegrownnationalpark.org/wp-content/uploads/2025/06/Symphyotrichum-lateriflorum-inat.jpg|http://homegrownnationalpark.org/wp-content/uploads/2025/06/Symphyotrichum-lateriflorum.png|http://homegrownnationalpark.org/wp-content/uploads/2025/06/Symphyotrichum-lateriflorum-1.png,Symphyotrichum-lateriflorum-inat.jpg|Symphyotrichum-lateriflorum.png|Symphyotrichum-lateriflorum-1.png,/nas/content/live/hgnp/wp-content/uploads/2025/06/Symphyotrichum-lateriflorum-inat.jpg|/nas/content/live/hgnp/wp-content/uploads/2025/06/Symphyotrichum-lateriflorum.png|/nas/content/live/hgnp/wp-content/uploads/2025/06/Symphyotrichum-lateriflorum-1.png,12889|12890|12891,Symphyotrichum-lateriflorum-inat.jpg|Symphyotrichum-lateriflorum.png|Symphyotrichum-lateriflorum-1.png,||,||,||,http://homegrownnationalpark.org/wp-content/uploads/2025/06/Symphyotrichum-lateriflorum-inat.jpg,,,,,,,,,"United States",Perennial,"5.2 - Mixed Wood Shield|5.3 - Atlantic Highlands|8.1 - Mixed Wood Plains (USA)|8.2 - Central USA Plains|8.3 - SE USA Plains|8.4 - Ozark/Ouachita-Appalachian Forests","1–2 ft|2–3 ft","Full Sun|Partial Sun","Container Friendly|Flower","Late Summer through Fall",Average,"Symphyotrichum lateriflorum","United States","Late Summer through Fall","1–2 ft|2–3 ft",1,2,N/A,N/A,http://homegrownnationalpark.org/wp-content/uploads/2025/06/Symphyotrichum-lateriflorum-inat.jpg|http://homegrownnationalpark.org/wp-content/uploads/2025/06/Symphyotrichum-lateriflorum.png|http://homegrownnationalpark.org/wp-content/uploads/2025/06/Symphyotrichum-lateriflorum-1.png
11252,"New England Aster","This easy-to-grow plant produces daisy-like flowers with a yellow or red center that attracts pollinators. Do not worry if flowers close at night or in cloudy weather; they will perk up once the sun returns. Resistant to deer and rabbits.",,"2025-06-09 10:34:11",plant,https://homegrownnationalpark.org/plant/new-england-aster/,http://homegrownnationalpark.org/wp-content/uploads/2025/06/Symphyotrichum-novae-angliae-inat.jpg|http://homegrownnationalpark.org/wp-content/uploads/2025/06/Symphyotrichum-novae-angliae.png|http://homegrownnationalpark.org/wp-content/uploads/2025/06/Symphyotrichum-novae-angliae-1.png,Symphyotrichum-novae-angliae-inat.jpg|Symphyotrichum-novae-angliae.png|Symphyotrichum-novae-angliae-1.png,/nas/content/live/hgnp/wp-content/uploads/2025/06/Symphyotrichum-novae-angliae-inat.jpg|/nas/content/live/hgnp/wp-content/uploads/2025/06/Symphyotrichum-novae-angliae.png|/nas/content/live/hgnp/wp-content/uploads/2025/06/Symphyotrichum-novae-angliae-1.png,12892|12893|12894,Symphyotrichum-novae-angliae-inat.jpg|Symphyotrichum-novae-angliae.png|Symphyotrichum-novae-angliae-1.png,||,||,||,http://homegrownnationalpark.org/wp-content/uploads/2025/06/Symphyotrichum-novae-angliae-inat.jpg,,,,,,,,,"United States",Perennial,"8.1 - Mixed Wood Plains (USA)|8.2 - Central USA Plains|8.4 - Ozark/Ouachita-Appalachian Forests|9.2 - Temperate Prairies","4–5 ft|5–7 ft","Full Sun|Partial Sun","Container Friendly|Flower","Late Summer through Fall",Average,"Symphyotrichum novae-angliae","United States","Late Summer through Fall","4–5 ft|5–7 ft",4,6,N/A,N/A,http://homegrownnationalpark.org/wp-content/uploads/2025/06/Symphyotrichum-novae-angliae-inat.jpg|http://homegrownnationalpark.org/wp-content/uploads/2025/06/Symphyotrichum-novae-angliae.png|http://homegrownnationalpark.org/wp-content/uploads/2025/06/Symphyotrichum-novae-angliae-1.png
11253,"Aromatic Aster","Colorful and aromatic, this plant produces many blue-purple flower, and the foliage emits a pleasant scent when crushed. It attracts birds and butterflies while being unattractive to deer and rabbits.",,"2025-06-09 10:34:34",plant,https://homegrownnationalpark.org/plant/aromatic-aster/,http://homegrownnationalpark.org/wp-content/uploads/2025/06/Symphyotrichum-oblongifolium-inat.jpeg|http://homegrownnationalpark.org/wp-content/uploads/2025/06/Symphyotrichum-oblongifolium-1.png|http://homegrownnationalpark.org/wp-content/uploads/2025/06/Symphyotrichum-oblongifolium-2.png,Symphyotrichum-oblongifolium-inat.jpeg|Symphyotrichum-oblongifolium-1.png|Symphyotrichum-oblongifolium-2.png,/nas/content/live/hgnp/wp-content/uploads/2025/06/Symphyotrichum-oblongifolium-inat.jpeg|/nas/content/live/hgnp/wp-content/uploads/2025/06/Symphyotrichum-oblongifolium-1.png|/nas/content/live/hgnp/wp-content/uploads/2025/06/Symphyotrichum-oblongifolium-2.png,12895|12896|12897,Symphyotrichum-oblongifolium-inat.jpeg|Symphyotrichum-oblongifolium-1.png|Symphyotrichum-oblongifolium-2.png,||,||,||,http://homegrownnationalpark.org/wp-content/uploads/2025/06/Symphyotrichum-oblongifolium-inat.jpeg,,,,,,,,,"United States",Perennial,"9.2 - Temperate Prairies|9.3 - West-Central Semi-Arid Prairies|9.4 - South Central Semi-Arid Prairies","1–2 ft|2–3 ft","Full Sun","Container Friendly|Flower","Late Summer through Fall",Average|Low,"Symphyotrichum oblongifolium","United States","Late Summer through Fall","1–2 ft|2–3 ft",1,2,N/A,N/A,http://homegrownnationalpark.org/wp-content/uploads/2025/06/Symphyotrichum-oblongifolium-inat.jpeg|http://homegrownnationalpark.org/wp-content/uploads/2025/06/Symphyotrichum-oblongifolium-1.png|http://homegrownnationalpark.org/wp-content/uploads/2025/06/Symphyotrichum-oblongifolium-2.png
11254,"Prairie Ironweed","This flower adds a pop of purple color and will rebloom with deadheading. Although it sometimes may need support, this species is deer-resistant and is typically unaffected by serious diseases or pests.",,"2025-06-09 10:34:11",plant,https://homegrownnationalpark.org/plant/prairie-ironweed/,http://homegrownnationalpark.org/wp-content/uploads/2025/06/Vernonia-fasciculata-inat.jpeg|http://homegrownnationalpark.org/wp-content/uploads/2025/06/Vernonia_Fasciculata-1-scaled-1.jpg|http://homegrownnationalpark.org/wp-content/uploads/2025/06/Vernonia-fasciculata.png|http://homegrownnationalpark.org/wp-content/uploads/2025/06/Vernonia-fasciculata-1.png,Vernonia-fasciculata-inat.jpeg|Vernonia_Fasciculata-1-scaled-1.jpg|Vernonia-fasciculata.png|Vernonia-fasciculata-1.png,/nas/content/live/hgnp/wp-content/uploads/2025/06/Vernonia-fasciculata-inat.jpeg|/nas/content/live/hgnp/wp-content/uploads/2025/06/Vernonia_Fasciculata-1-scaled-1.jpg|/nas/content/live/hgnp/wp-content/uploads/2025/06/Vernonia-fasciculata.png|/nas/content/live/hgnp/wp-content/uploads/2025/06/Vernonia-fasciculata-1.png,12898|12899|12900|12901,Vernonia-fasciculata-inat.jpeg|Vernonia_Fasciculata-1-scaled-1.jpg|Vernonia-fasciculata.png|Vernonia-fasciculata-1.png,|||,|||,|||,http://homegrownnationalpark.org/wp-content/uploads/2025/06/Vernonia-fasciculata-inat.jpeg,,,,,,,,,"United States",Perennial,"9.2 - Temperate Prairies","2–3 ft|3–4 ft|4–5 ft|5–7 ft","Full Sun","Container Friendly|Flower","Mid Summer through Fall",Average|High,"Vernonia fasciculata","United States","Mid Summer through Fall","2–3 ft|3–4 ft|4–5 ft|5–7 ft",2,6,N/A,N/A,http://homegrownnationalpark.org/wp-content/uploads/2025/06/Vernonia-fasciculata-inat.jpeg|http://homegrownnationalpark.org/wp-content/uploads/2025/06/Vernonia_Fasciculata-1-scaled-1.jpg|http://homegrownnationalpark.org/wp-content/uploads/2025/06/Vernonia-fasciculata.png|http://homegrownnationalpark.org/wp-content/uploads/2025/06/Vernonia-fasciculata-1.png
11255,"Purple Mountain Saxifrage","A beautiful, low-growing perennial that, when flowering, produces fuchsia flowers with orange anthers. The foliage is evergreen and forms a mat of dark green leaves, making it perfect for pots and containers.",,"2025-06-09 10:34:34",plant,https://homegrownnationalpark.org/plant/purple-mountain-saxifrage/,http://homegrownnationalpark.org/wp-content/uploads/2025/06/Saxifraga-oppositifolia-inat.jpg|http://homegrownnationalpark.org/wp-content/uploads/2025/06/Saxifraga-oppositifolia.png|http://homegrownnationalpark.org/wp-content/uploads/2025/06/Saxifraga-oppositifolia-1.png,Saxifraga-oppositifolia-inat.jpg|Saxifraga-oppositifolia.png|Saxifraga-oppositifolia-1.png,/nas/content/live/hgnp/wp-content/uploads/2025/06/Saxifraga-oppositifolia-inat.jpg|/nas/content/live/hgnp/wp-content/uploads/2025/06/Saxifraga-oppositifolia.png|/nas/content/live/hgnp/wp-content/uploads/2025/06/Saxifraga-oppositifolia-1.png,12902|12903|12904,Saxifraga-oppositifolia-inat.jpg|Saxifraga-oppositifolia.png|Saxifraga-oppositifolia-1.png,||,||,||,http://homegrownnationalpark.org/wp-content/uploads/2025/06/Saxifraga-oppositifolia-inat.jpg,,,,,,,,,"United States",Perennial,"2.2 - Alaska Tundra|2.3 - Brooks Range Tundra|3.1 - Alaska Boreal Interior|3.2 - Taiga Cordillera|6.1 - Boreal Cordillera|6.2 - Western Cordillera|7.1 - Marine West Coast Forests (Alaska)","&lt; 1 ft","Partial Sun","Container Friendly|Flower|Groundcover",Fall|Spring|Summer|Winter,Average|Low,"Saxifraga oppositifolia","United States",Spring|Summer|Fall|Winter,"&lt; 1 ft",0.08,0.17,N/A,N/A,http://homegrownnationalpark.org/wp-content/uploads/2025/06/Saxifraga-oppositifolia-inat.jpg|http://homegrownnationalpark.org/wp-content/uploads/2025/06/Saxifraga-oppositifolia.png|http://homegrownnationalpark.org/wp-content/uploads/2025/06/Saxifraga-oppositifolia-1.png
11256,"White Yarrow","This pleasantly aromatic plant produces flat clusters of white flowers that butterflies love! Cutting back can promote re-flowering. It is deer and rabbit-resistant, but is toxic to dogs, cats and horses when ingested.",,"2025-06-09 10:34:34",plant,https://homegrownnationalpark.org/plant/white-yarrow/,http://homegrownnationalpark.org/wp-content/uploads/2025/06/Achillea-millefolium-inat.jpeg|http://homegrownnationalpark.org/wp-content/uploads/2025/06/Achillea-millefolium.png|http://homegrownnationalpark.org/wp-content/uploads/2025/06/Achillea-millefolium-1.png,Achillea-millefolium-inat.jpeg|Achillea-millefolium.png|Achillea-millefolium-1.png,/nas/content/live/hgnp/wp-content/uploads/2025/06/Achillea-millefolium-inat.jpeg|/nas/content/live/hgnp/wp-content/uploads/2025/06/Achillea-millefolium.png|/nas/content/live/hgnp/wp-content/uploads/2025/06/Achillea-millefolium-1.png,12905|12906|12907,Achillea-millefolium-inat.jpeg|Achillea-millefolium.png|Achillea-millefolium-1.png,||,||,||,http://homegrownnationalpark.org/wp-content/uploads/2025/06/Achillea-millefolium-inat.jpeg,,,,,,,,,"United States|Canada",Perennial,"2.2 - Alaska Tundra|2.3 - Brooks Range Tundra|3.1 - Alaska Boreal Interior|3.2 - Taiga Cordillera|5.2 - Mixed Wood Shield|5.3 - Atlantic Highlands|6.1 - Boreal Cordillera|6.2 - Western Cordillera|7.1 - Marine West Coast Forests (Lower 48)|7.1 - Marine West Coast Forests (Alaska)|8.1 - Mixed Wood Plains (USA)|8.2 - Central USA Plains|8.3 - SE USA Plains|8.4 - Ozark/Ouachita-Appalachian Forests|9.2 - Temperate Prairies|9.3 - West-Central Semi-Arid Prairies|10.1 - Cold Deserts|10.2 - Warm Deserts|11.1 - Mediterranean California|12.1 - Western Sierra Madre Piedmont|13.1 - Upper Gila Mountains","2–3 ft|3–4 ft","Full Sun|Partial Sun","Container Friendly|Flower|Groundcover",Summer,Low,"Achillea millefolium","United States|Canada",Summer,"2–3 ft|3–4 ft",2,3,N/A,N/A,http://homegrownnationalpark.org/wp-content/uploads/2025/06/Achillea-millefolium-inat.jpeg|http://homegrownnationalpark.org/wp-content/uploads/2025/06/Achillea-millefolium.png|http://homegrownnationalpark.org/wp-content/uploads/2025/06/Achillea-millefolium-1.png
11257,Fireweed,"A stunning plant with vibrant purple-pink flowers that attracts pollinators. Virtually pest and disease-free. Spent flowerheads should be trimmed to prevent seeding.",,"2025-06-09 10:34:34",plant,https://homegrownnationalpark.org/plant/fireweed/,http://homegrownnationalpark.org/wp-content/uploads/2025/06/Chamaenerion-angustifolium-inat.jpg|http://homegrownnationalpark.org/wp-content/uploads/2025/06/Chamaenerion-angustifolium.png|http://homegrownnationalpark.org/wp-content/uploads/2025/06/Chamaenerion-angustifolium-1.png,Chamaenerion-angustifolium-inat.jpg|Chamaenerion-angustifolium.png|Chamaenerion-angustifolium-1.png,/nas/content/live/hgnp/wp-content/uploads/2025/06/Chamaenerion-angustifolium-inat.jpg|/nas/content/live/hgnp/wp-content/uploads/2025/06/Chamaenerion-angustifolium.png|/nas/content/live/hgnp/wp-content/uploads/2025/06/Chamaenerion-angustifolium-1.png,12908|12909|12910,Chamaenerion-angustifolium-inat.jpg|Chamaenerion-angustifolium.png|Chamaenerion-angustifolium-1.png,||,||,||,http://homegrownnationalpark.org/wp-content/uploads/2025/06/Chamaenerion-angustifolium-inat.jpg,,,,,,,,,"Canada|United States",Perennial,"2.2 - Alaska Tundra|2.3 - Brooks Range Tundra|3.1 - Alaska Boreal Interior|3.2 - Taiga Cordillera|5.2 - Mixed Wood Shield|5.3 - Atlantic Highlands|6.1 - Boreal Cordillera|6.2 - Western Cordillera|7.1 - Marine West Coast Forests (Lower 48)|7.1 - Marine West Coast Forests (Alaska)|8.1 - Mixed Wood Plains (USA)|10.1 - Cold Deserts|13.1 - Upper Gila Mountains","2–3 ft|3–4 ft|4–5 ft|5–7 ft","Full Sun|Partial Sun","Container Friendly|Flower",Summer,Average,"Chamaenerion angustifolium","United States|Canada",Summer,"2–3 ft|3–4 ft|4–5 ft|5–7 ft",2,5,N/A,N/A,http://homegrownnationalpark.org/wp-content/uploads/2025/06/Chamaenerion-angustifolium-inat.jpg|http://homegrownnationalpark.org/wp-content/uploads/2025/06/Chamaenerion-angustifolium.png|http://homegrownnationalpark.org/wp-content/uploads/2025/06/Chamaenerion-angustifolium-1.png
11258,"Shrubby Cinquefoil","This compact, long-blooming shrub produces masses of bright yellow flowers. It’s pest-free, deer-resistant, and adaptable to a wide range of well-draining soils. Trim old stems to encourage fresh growth.",,"2025-06-09 10:34:34",plant,https://homegrownnationalpark.org/plant/shrubby-cinquefoil/,http://homegrownnationalpark.org/wp-content/uploads/2025/06/Potentilla-fruticosa-inat.jpg|http://homegrownnationalpark.org/wp-content/uploads/2025/06/Dasiphora-fruticosa.png|http://homegrownnationalpark.org/wp-content/uploads/2025/06/Dasiphora-fruticosa-1.png,Potentilla-fruticosa-inat.jpg|Dasiphora-fruticosa.png|Dasiphora-fruticosa-1.png,/nas/content/live/hgnp/wp-content/uploads/2025/06/Potentilla-fruticosa-inat.jpg|/nas/content/live/hgnp/wp-content/uploads/2025/06/Dasiphora-fruticosa.png|/nas/content/live/hgnp/wp-content/uploads/2025/06/Dasiphora-fruticosa-1.png,12911|12912|12913,Potentilla-fruticosa-inat.jpg|Dasiphora-fruticosa.png|Dasiphora-fruticosa-1.png,||,||,||,http://homegrownnationalpark.org/wp-content/uploads/2025/06/Potentilla-fruticosa-inat.jpg,,,,,,,,,"Canada|United States",Perennial,"2.2 - Alaska Tundra|2.3 - Brooks Range Tundra|3.1 - Alaska Boreal Interior|3.2 - Taiga Cordillera|5.2 - Mixed Wood Shield|6.1 - Boreal Cordillera|6.2 - Western Cordillera|7.1 - Marine West Coast Forests (Alaska)|8.1 - Mixed Wood Plains (USA)|10.1 - Cold Deserts|13.1 - Upper Gila Mountains","2–3 ft|3–4 ft|4–5 ft","Full Sun|Partial Sun","Container Friendly|Flower|Shrub","Spring through Fall",Average,"Dasiphora fruticosa","United States|Canada","Spring through Fall","2–3 ft|3–4 ft|4–5 ft",2,4,N/A,N/A,http://homegrownnationalpark.org/wp-content/uploads/2025/06/Potentilla-fruticosa-inat.jpg|http://homegrownnationalpark.org/wp-content/uploads/2025/06/Dasiphora-fruticosa.png|http://homegrownnationalpark.org/wp-content/uploads/2025/06/Dasiphora-fruticosa-1.png
11259,"Coastal Wallflower","This perennial produces yellow-orange flowers that are attractive to pollinators. Once established, Coastal Wallflower is drought tolerant.",,"2025-06-09 10:34:34",plant,https://homegrownnationalpark.org/plant/coastal-wallflower/,http://homegrownnationalpark.org/wp-content/uploads/2025/06/Erysimum-capitatum-inat.jpg|http://homegrownnationalpark.org/wp-content/uploads/2025/06/Erysimum-capitatum.png|http://homegrownnationalpark.org/wp-content/uploads/2025/06/Erysimum-capitatum-1.png,Erysimum-capitatum-inat.jpg|Erysimum-capitatum.png|Erysimum-capitatum-1.png,/nas/content/live/hgnp/wp-content/uploads/2025/06/Erysimum-capitatum-inat.jpg|/nas/content/live/hgnp/wp-content/uploads/2025/06/Erysimum-capitatum.png|/nas/content/live/hgnp/wp-content/uploads/2025/06/Erysimum-capitatum-1.png,12914|12915|12916,Erysimum-capitatum-inat.jpg|Erysimum-capitatum.png|Erysimum-capitatum-1.png,||,||,||,http://homegrownnationalpark.org/wp-content/uploads/2025/06/Erysimum-capitatum-inat.jpg,,,,,,,,,"Canada|United States",Annual|Perennial,"2.2 - Alaska Tundra|2.3 - Brooks Range Tundra|3.1 - Alaska Boreal Interior|3.2 - Taiga Cordillera|6.1 - Boreal Cordillera|6.2 - Western Cordillera|7.1 - Marine West Coast Forests (Lower 48)|7.1 - Marine West Coast Forests (Alaska)|10.1 - Cold Deserts|10.2 - Warm Deserts|11.1 - Mediterranean California|12.1 - Western Sierra Madre Piedmont|13.1 - Upper Gila Mountains","1–2 ft|2–3 ft","Full Sun|Partial Sun","Container Friendly|Flower","Late Spring through Early-Mid Summer",Low|Average,"Erysimum capitatum","United States|Canada","Late Spring through Early-Mid Summer","1–2 ft|2–3 ft",1,2,N/A,N/A,http://homegrownnationalpark.org/wp-content/uploads/2025/06/Erysimum-capitatum-inat.jpg|http://homegrownnationalpark.org/wp-content/uploads/2025/06/Erysimum-capitatum.png|http://homegrownnationalpark.org/wp-content/uploads/2025/06/Erysimum-capitatum-1.png
11260,"Alpine Forget-Me-Not","Compact and easy-to-care for, this compact, showy perennial blooms each summer with clusters of small blue flowers. It is resistant to most pests.",,"2025-06-09 10:34:34",plant,https://homegrownnationalpark.org/plant/alpine-forget-me-not/,http://homegrownnationalpark.org/wp-content/uploads/2025/06/Myosotis-asiatica-inat.jpg|http://homegrownnationalpark.org/wp-content/uploads/2025/06/Myosotis-asiatica.png|http://homegrownnationalpark.org/wp-content/uploads/2025/06/Myosotis-asiatica-1.png,Myosotis-asiatica-inat.jpg|Myosotis-asiatica.png|Myosotis-asiatica-1.png,/nas/content/live/hgnp/wp-content/uploads/2025/06/Myosotis-asiatica-inat.jpg|/nas/content/live/hgnp/wp-content/uploads/2025/06/Myosotis-asiatica.png|/nas/content/live/hgnp/wp-content/uploads/2025/06/Myosotis-asiatica-1.png,12917|12918|12919,Myosotis-asiatica-inat.jpg|Myosotis-asiatica.png|Myosotis-asiatica-1.png,||,||,||,http://homegrownnationalpark.org/wp-content/uploads/2025/06/Myosotis-asiatica-inat.jpg,,,,,,,,,"United States",Perennial,"2.2 - Alaska Tundra|2.3 - Brooks Range Tundra|3.1 - Alaska Boreal Interior|3.2 - Taiga Cordillera|6.1 - Boreal Cordillera|7.1 - Marine West Coast Forests (Alaska)","1–2 ft|2–3 ft","Full Sun","Container Friendly|Flower",Summer,Average,"Myosotis asiatica","United States",Summer,"1–2 ft|2–3 ft",1,2,N/A,N/A,http://homegrownnationalpark.org/wp-content/uploads/2025/06/Myosotis-asiatica-inat.jpg|http://homegrownnationalpark.org/wp-content/uploads/2025/06/Myosotis-asiatica.png|http://homegrownnationalpark.org/wp-content/uploads/2025/06/Myosotis-asiatica-1.png
11261,"Canadian Columbine","These beautiful red flowers are perfect for attracting hummingbirds and butterflies. They do best in well draining soil, and are ignored by deer and rabbits.",,"2025-06-09 10:34:34",plant,https://homegrownnationalpark.org/plant/canadian-columbine/,http://homegrownnationalpark.org/wp-content/uploads/2025/06/Aquilegia-canadensis-inat.jpeg|http://homegrownnationalpark.org/wp-content/uploads/2025/06/Aquilegia-canadensis.png|http://homegrownnationalpark.org/wp-content/uploads/2025/06/Aquilegia-canadensis-1.png,Aquilegia-canadensis-inat.jpeg|Aquilegia-canadensis.png|Aquilegia-canadensis-1.png,/nas/content/live/hgnp/wp-content/uploads/2025/06/Aquilegia-canadensis-inat.jpeg|/nas/content/live/hgnp/wp-content/uploads/2025/06/Aquilegia-canadensis.png|/nas/content/live/hgnp/wp-content/uploads/2025/06/Aquilegia-canadensis-1.png,12920|12921|12922,Aquilegia-canadensis-inat.jpeg|Aquilegia-canadensis.png|Aquilegia-canadensis-1.png,||,||,||,http://homegrownnationalpark.org/wp-content/uploads/2025/06/Aquilegia-canadensis-inat.jpeg,,,,,,,,,"Canada|United States",Perennial,"5.2 - Mixed Wood Shield|5.3 - Atlantic Highlands|8.1 - Mixed Wood Plains (USA)|8.2 - Central USA Plains|8.4 - Ozark/Ouachita-Appalachian Forests","2–3 ft|3–4 ft","Full Sun|Partial Sun","Container Friendly|Flower","Late Spring through Early Summer",Low|Average,"Aquilegia canadensis","United States|Canada","Late Spring through Early Summer","2–3 ft|3–4 ft",2,3,N/A,N/A,http://homegrownnationalpark.org/wp-content/uploads/2025/06/Aquilegia-canadensis-inat.jpeg|http://homegrownnationalpark.org/wp-content/uploads/2025/06/Aquilegia-canadensis.png|http://homegrownnationalpark.org/wp-content/uploads/2025/06/Aquilegia-canadensis-1.png
11263,"Crooked Aster","This perennial produces many small lavender flowers in late summer through the fall, attracting many pollinators. The foliage is also a food source to native caterpillars.",,"2025-06-09 10:34:34",plant,https://homegrownnationalpark.org/plant/crooked-aster/,http://homegrownnationalpark.org/wp-content/uploads/2025/06/Symphyotrichum-prenanthoides-inat.jpg|http://homegrownnationalpark.org/wp-content/uploads/2025/06/Symphyotrichum-prenanthoides.png|http://homegrownnationalpark.org/wp-content/uploads/2025/06/Symphyotrichum-prenanthoides-1.png,Symphyotrichum-prenanthoides-inat.jpg|Symphyotrichum-prenanthoides.png|Symphyotrichum-prenanthoides-1.png,/nas/content/live/hgnp/wp-content/uploads/2025/06/Symphyotrichum-prenanthoides-inat.jpg|/nas/content/live/hgnp/wp-content/uploads/2025/06/Symphyotrichum-prenanthoides.png|/nas/content/live/hgnp/wp-content/uploads/2025/06/Symphyotrichum-prenanthoides-1.png,12923|12924|12925,Symphyotrichum-prenanthoides-inat.jpg|Symphyotrichum-prenanthoides.png|Symphyotrichum-prenanthoides-1.png,||,||,||,http://homegrownnationalpark.org/wp-content/uploads/2025/06/Symphyotrichum-prenanthoides-inat.jpg,,,,,,,,,"United States",Perennial,"5.3 - Atlantic Highlands","1–2 ft|2–3 ft|3–4 ft|4–5 ft","Full Sun|Partial Sun","Container Friendly|Flower","Late Summer through Fall",Average,"Symphyotrichum prenanthoides","United States","Late Summer through Fall","1–2 ft|2–3 ft|3–4 ft|4–5 ft",1,4,N/A,N/A,http://homegrownnationalpark.org/wp-content/uploads/2025/06/Symphyotrichum-prenanthoides-inat.jpg|http://homegrownnationalpark.org/wp-content/uploads/2025/06/Symphyotrichum-prenanthoides.png|http://homegrownnationalpark.org/wp-content/uploads/2025/06/Symphyotrichum-prenanthoides-1.png
11265,"Smooth Aster","These small and densely-blooming blooming flowers are a striking blue to purple color with a golden-yellow center. This species has no serious pests or diseases.",,"2025-06-09 10:34:34",plant,https://homegrownnationalpark.org/plant/smooth-aster/,http://homegrownnationalpark.org/wp-content/uploads/2025/06/Symphyotrichum-laeve-inat.jpg,Symphyotrichum-laeve-inat.jpg,/nas/content/live/hgnp/wp-content/uploads/2025/06/Symphyotrichum-laeve-inat.jpg,12926,Symphyotrichum-laeve-inat.jpg,,,,http://homegrownnationalpark.org/wp-content/uploads/2025/06/Symphyotrichum-laeve-inat.jpg,,,,,,,,,"Canada|United States",Perennial,"5.3 - Atlantic Highlands|8.1 - Mixed Wood Plains (USA)|8.2 - Central USA Plains|9.2 - Temperate Prairies|9.3 - West-Central Semi-Arid Prairies","2–3 ft|3–4 ft|4–5 ft","Full Sun","Container Friendly|Flower","Late Summer through Fall",Low|Average,"Symphyotrichum laeve","United States|Canada","Late Summer through Fall","2–3 ft|3–4 ft|4–5 ft",2,4,N/A,N/A,
11266,"Ten-Petaled Sunflower","A smaller alternative to the giant sunflower, this plant is attractive to many pollinators and the seeds are enjoyed by animals in the fall. Trimming in the spring can promote a bushier plant with fuller bloom.",,"2025-06-09 10:34:34",plant,https://homegrownnationalpark.org/plant/ten-petaled-sunflower/,http://homegrownnationalpark.org/wp-content/uploads/2025/06/Helianthus-decapetalus-inat.jpeg|http://homegrownnationalpark.org/wp-content/uploads/2025/06/Helianthus-decapetalus.png|http://homegrownnationalpark.org/wp-content/uploads/2025/06/Helianthus-decapetalus-1.png,Helianthus-decapetalus-inat.jpeg|Helianthus-decapetalus.png|Helianthus-decapetalus-1.png,/nas/content/live/hgnp/wp-content/uploads/2025/06/Helianthus-decapetalus-inat.jpeg|/nas/content/live/hgnp/wp-content/uploads/2025/06/Helianthus-decapetalus.png|/nas/content/live/hgnp/wp-content/uploads/2025/06/Helianthus-decapetalus-1.png,12929|12930|12931,Helianthus-decapetalus-inat.jpeg|Helianthus-decapetalus.png|Helianthus-decapetalus-1.png,||,||,||,http://homegrownnationalpark.org/wp-content/uploads/2025/06/Helianthus-decapetalus-inat.jpeg,,,,,,,,,"United States|Canada",Perennial,"5.3 - Atlantic Highlands|8.1 - Mixed Wood Plains (USA)|8.2 - Central USA Plains","3–4 ft|4–5 ft|5–7 ft","Partial Sun","Container Friendly|Flower","Late Summer through Fall",Average,"Helianthus decapetalus","United States|Canada","Late Summer through Fall","3–4 ft|4–5 ft|5–7 ft",3,5,N/A,N/A,http://homegrownnationalpark.org/wp-content/uploads/2025/06/Helianthus-decapetalus-inat.jpeg|http://homegrownnationalpark.org/wp-content/uploads/2025/06/Helianthus-decapetalus.png|http://homegrownnationalpark.org/wp-content/uploads/2025/06/Helianthus-decapetalus-1.png
11268,"Spotted Joe-Pye Weed","This plant produces beautiful purple clusters of flowers that are fragrant and loved by pollinators. The seeds heads remain through winter and provide an attractive food source for birds.",,"2025-06-09 10:34:34",plant,https://homegrownnationalpark.org/plant/spotted-joe-pye-weed/,http://homegrownnationalpark.org/wp-content/uploads/2025/06/Eupatorium-maculatum-inat.jpeg|http://homegrownnationalpark.org/wp-content/uploads/2025/06/Eutrochium-maculatum.png|http://homegrownnationalpark.org/wp-content/uploads/2025/06/Eutrochium-maculatum-1.png,Eupatorium-maculatum-inat.jpeg|Eutrochium-maculatum.png|Eutrochium-maculatum-1.png,/nas/content/live/hgnp/wp-content/uploads/2025/06/Eupatorium-maculatum-inat.jpeg|/nas/content/live/hgnp/wp-content/uploads/2025/06/Eutrochium-maculatum.png|/nas/content/live/hgnp/wp-content/uploads/2025/06/Eutrochium-maculatum-1.png,12935|12936|12937,Eupatorium-maculatum-inat.jpeg|Eutrochium-maculatum.png|Eutrochium-maculatum-1.png,||,||,||,http://homegrownnationalpark.org/wp-content/uploads/2025/06/Eupatorium-maculatum-inat.jpeg,,,,,,,,,"United States|Canada",Perennial,"5.2 - Mixed Wood Shield|5.3 - Atlantic Highlands|8.1 - Mixed Wood Plains (USA)|8.2 - Central USA Plains|9.2 - Temperate Prairies|13.1 - Upper Gila Mountains","5–7 ft","Full Sun|Partial Sun","Container Friendly|Flower","Mid-Late Summer through Fall",Average,"Eutrochium maculatum","United States|Canada","Mid-Late Summer through Fall","5–7 ft",5,6,N/A,N/A,http://homegrownnationalpark.org/wp-content/uploads/2025/06/Eupatorium-maculatum-inat.jpeg|http://homegrownnationalpark.org/wp-content/uploads/2025/06/Eutrochium-maculatum.png|http://homegrownnationalpark.org/wp-content/uploads/2025/06/Eutrochium-maculatum-1.png
11269,"Late Boneset","Late Bonest's white flowers are a great source of food for pollinators late in the season. This plant has no serious insect or disease problems and is deer-resistant. Deadhead to prevent seed-spreading.",,"2025-06-09 10:34:34",plant,https://homegrownnationalpark.org/plant/late-boneset/,http://homegrownnationalpark.org/wp-content/uploads/2025/06/Eupatorium-serotinum-inat.jpg|http://homegrownnationalpark.org/wp-content/uploads/2025/06/Eupatorium-serotinum.png|http://homegrownnationalpark.org/wp-content/uploads/2025/06/Eupatorium-serotinum-1.png,Eupatorium-serotinum-inat.jpg|Eupatorium-serotinum.png|Eupatorium-serotinum-1.png,/nas/content/live/hgnp/wp-content/uploads/2025/06/Eupatorium-serotinum-inat.jpg|/nas/content/live/hgnp/wp-content/uploads/2025/06/Eupatorium-serotinum.png|/nas/content/live/hgnp/wp-content/uploads/2025/06/Eupatorium-serotinum-1.png,12938|12939|12940,Eupatorium-serotinum-inat.jpg|Eupatorium-serotinum.png|Eupatorium-serotinum-1.png,||,||,||,http://homegrownnationalpark.org/wp-content/uploads/2025/06/Eupatorium-serotinum-inat.jpg,,,,,,,,,"United States",Perennial,"8.2 - Central USA Plains|8.3 - SE USA Plains|8.4 - Ozark/Ouachita-Appalachian Forests|8.5 - Mississippi Alluvial &amp; SE USA Coastal Plains|9.5 - Texas-Lousiana Coastal Plains|9.6 - Tamaulipas-Texas Semi-Arid Plains|15.4 - Everglades","3–4 ft|4–5 ft|5–7 ft","Full Sun|Partial Sun","Container Friendly|Flower",Fall,Average,"Eupatorium serotinum","United States",Fall,"3–4 ft|4–5 ft|5–7 ft",3,6,N/A,N/A,http://homegrownnationalpark.org/wp-content/uploads/2025/06/Eupatorium-serotinum-inat.jpg|http://homegrownnationalpark.org/wp-content/uploads/2025/06/Eupatorium-serotinum.png|http://homegrownnationalpark.org/wp-content/uploads/2025/06/Eupatorium-serotinum-1.png
11270,"Scarlet Strawberry","This plant produces small white flowers that give way to edible red fruits. Propagation is possible through trimming and transplanting runners. It is susceptible to some foliage diseases and mildew.",,"2025-06-09 10:34:34",plant,https://homegrownnationalpark.org/plant/scarlet-strawberry/,http://homegrownnationalpark.org/wp-content/uploads/2025/06/Fragaria-virginiana-inat.jpeg|http://homegrownnationalpark.org/wp-content/uploads/2025/06/Fragaria-virginiana.png|http://homegrownnationalpark.org/wp-content/uploads/2025/06/Fragaria-virginiana-1.png,Fragaria-virginiana-inat.jpeg|Fragaria-virginiana.png|Fragaria-virginiana-1.png,/nas/content/live/hgnp/wp-content/uploads/2025/06/Fragaria-virginiana-inat.jpeg|/nas/content/live/hgnp/wp-content/uploads/2025/06/Fragaria-virginiana.png|/nas/content/live/hgnp/wp-content/uploads/2025/06/Fragaria-virginiana-1.png,12941|12942|12943,Fragaria-virginiana-inat.jpeg|Fragaria-virginiana.png|Fragaria-virginiana-1.png,||,||,||,http://homegrownnationalpark.org/wp-content/uploads/2025/06/Fragaria-virginiana-inat.jpeg,,,,,,,,,"United States|Canada",Perennial,"2.2 - Alaska Tundra|2.3 - Brooks Range Tundra|3.1 - Alaska Boreal Interior|3.2 - Taiga Cordillera|5.2 - Mixed Wood Shield|5.3 - Atlantic Highlands|6.1 - Boreal Cordillera|6.2 - Western Cordillera|7.1 - Marine West Coast Forests (Lower 48)|7.1 - Marine West Coast Forests (Alaska)|8.1 - Mixed Wood Plains (USA)|8.2 - Central USA Plains|8.3 - SE USA Plains|8.4 - Ozark/Ouachita-Appalachian Forests|9.2 - Temperate Prairies|10.1 - Cold Deserts|12.1 - Western Sierra Madre Piedmont|13.1 - Upper Gila Mountains","&lt; 1 ft","Full Sun|Partial Sun","Container Friendly|Flower|Groundcover","Late Spring through Early Summer",Average,"Fragaria virginiana","United States|Canada","Late Spring through Early Summer","&lt; 1 ft",0.33,0.58,N/A,N/A,http://homegrownnationalpark.org/wp-content/uploads/2025/06/Fragaria-virginiana-inat.jpeg|http://homegrownnationalpark.org/wp-content/uploads/2025/06/Fragaria-virginiana.png|http://homegrownnationalpark.org/wp-content/uploads/2025/06/Fragaria-virginiana-1.png
11761,"Yellow Rabbitbrush","This hardy and drought-tolerant shrub brings vibrant color to the garden. It showcases clusters of bright yellow flowers, attracting pollinators such as bees and butterflies. This plant is also used for erosion control, and is good forage for cattle, sheep, and horses.",,"2025-06-09 10:33:01",plant,https://homegrownnationalpark.org/plant/yellow-rabbitbrush/,http://homegrownnationalpark.org/wp-content/uploads/2025/06/Chrysothamnus-viscidiflorus_Flowers.jpeg|http://homegrownnationalpark.org/wp-content/uploads/2025/06/Chrysothamnus-viscidiflorus_Flowers2.jpeg|http://homegrownnationalpark.org/wp-content/uploads/2025/06/Chrysothamnus-viscidiflorus_Leaves-1.jpg|http://homegrownnationalpark.org/wp-content/uploads/2025/06/Chrysothamnus-viscidiflorus_ZoomedOut-1.jpeg|http://homegrownnationalpark.org/wp-content/uploads/2025/06/Chrysothamnus-viscidiflorus.png|http://homegrownnationalpark.org/wp-content/uploads/2025/06/Chrysothamnus-viscidiflorus-1.png,Chrysothamnus-viscidiflorus_Flowers.jpeg|Chrysothamnus-viscidiflorus_Flowers2.jpeg|Chrysothamnus-viscidiflorus_Leaves-1.jpg|Chrysothamnus-viscidiflorus_ZoomedOut-1.jpeg|Chrysothamnus-viscidiflorus.png|Chrysothamnus-viscidiflorus-1.png,/nas/content/live/hgnp/wp-content/uploads/2025/06/Chrysothamnus-viscidiflorus_Flowers.jpeg|/nas/content/live/hgnp/wp-content/uploads/2025/06/Chrysothamnus-viscidiflorus_Flowers2.jpeg|/nas/content/live/hgnp/wp-content/uploads/2025/06/Chrysothamnus-viscidiflorus_Leaves-1.jpg|/nas/content/live/hgnp/wp-content/uploads/2025/06/Chrysothamnus-viscidiflorus_ZoomedOut-1.jpeg|/nas/content/live/hgnp/wp-content/uploads/2025/06/Chrysothamnus-viscidiflorus.png|/nas/content/live/hgnp/wp-content/uploads/2025/06/Chrysothamnus-viscidiflorus-1.png,12944|12945|12946|12947|12948|12949,Chrysothamnus-viscidiflorus_Flowers.jpeg|Chrysothamnus-viscidiflorus_Flowers2.jpeg|Chrysothamnus-viscidiflorus_Leaves-1.jpg|Chrysothamnus-viscidiflorus_ZoomedOut-1.jpeg|Chrysothamnus-viscidiflorus.png|Chrysothamnus-viscidiflorus-1.png,|||||,|||||,|||||,http://homegrownnationalpark.org/wp-content/uploads/2025/06/Chrysothamnus-viscidiflorus_Flowers.jpeg,,,,,,,,,"United States",Perennial,"6.2 - Western Cordillera|10.1 - Cold Deserts","1–2 ft|2–3 ft|3–4 ft","Full Sun",Shrub,,Low,"Chrysothamnus viscidiflorus","United States",,"1–2 ft|2–3 ft|3–4 ft",1,3,1,3,http://homegrownnationalpark.org/wp-content/uploads/2025/06/Chrysothamnus-viscidiflorus_Flowers.jpeg|http://homegrownnationalpark.org/wp-content/uploads/2025/06/Chrysothamnus-viscidiflorus_Flowers2.jpeg|http://homegrownnationalpark.org/wp-content/uploads/2025/06/Chrysothamnus-viscidiflorus_Leaves-1.jpg|http://homegrownnationalpark.org/wp-content/uploads/2025/06/Chrysothamnus-viscidiflorus_ZoomedOut-1.jpeg|http://homegrownnationalpark.org/wp-content/uploads/2025/06/Chrysothamnus-viscidiflorus.png|http://homegrownnationalpark.org/wp-content/uploads/2025/06/Chrysothamnus-viscidiflorus-1.png
12496,"Black Spruce","This low maintenance evergreen conifer has a slender, conical shape with a spiraling crown. It produces small, egg-shaped cones that persist on the tree for years.",,"2025-06-09 10:33:23",plant,https://homegrownnationalpark.org/plant/black-spruce/,,,,,,,,,,,,,,,,,,"Canada|United States",Perennial,"3.1 - Alaska Boreal Interior|3.2 - Taiga Cordillera|5.2 - Mixed Wood Shield|5.3 - Atlantic Highlands|6.1 - Boreal Cordillera|8.1 - Mixed Wood Plains (USA)|8.1 - Mixed Wood Plains (Canada)","30–50 ft|50+ ft","Full Sun",Tree,,Average,"Picea mariana","United States|Canada",,"30–50 ft|50+ ft",30,50,20,30,
12497,"Saskatoon Serviceberry","This versatile shrub to small tree has fragrant spring blossoms, edible berries, and attractive foliage. The berries are a purplish-blue color and make delicious jams and jellies.",,"2025-06-09 10:33:23",plant,https://homegrownnationalpark.org/plant/saskatoon-serviceberry/,,,,,,,,,,,,,,,,,,"United States",Perennial,"6.2 - Western Cordillera|7.1 - Marine West Coast Forests (Lower 48)|9.3 - West-Central Semi-Arid Prairies|10.1 - Cold Deserts","10–15 ft","Full Sun|Partial Sun",Shrub|Tree,,Average,"Amelanchier alnifolia","United States",,"10–15 ft",10,15,10,15,
12498,"White Spruce","This popular evergreen tree is prized for its conical shape and the blue-green needles remain vibrant throughout the year. This highly adaptable tree is often used as a Christmas tree.",,"2025-06-09 10:33:23",plant,https://homegrownnationalpark.org/plant/white-spruce/,,,,,,,,,,,,,,,,,,"Canada|United States",Perennial,"3.1 - Alaska Boreal Interior|3.2 - Taiga Cordillera|5.2 - Mixed Wood Shield|5.3 - Atlantic Highlands|6.1 - Boreal Cordillera|8.1 - Mixed Wood Plains (Canada)","50+ ft","Full Sun",Tree,,Average,"Picea glauca","United States|Canada",,"50+ ft",50,70,10,20,
12499,"Western Columbine","This showy, red flower is loved by hummingbirds and butterflies while being ignored by deer. Needs well draining soil. Deadhead to prevent seeding.",,"2025-06-09 10:33:23",plant,https://homegrownnationalpark.org/plant/western-columbine/,,,,,,,,,,,,,,,,,,"United States",Perennial,"7.1 - Marine West Coast Forests (Lower 48)|7.1 - Marine West Coast Forests (Alaska)|11.1 - Mediterranean California","1–2 ft|2–3 ft","Full Sun|Partial Sun","Container Friendly|Flower",,Average,"Aquilegia formosa","United States",,"1–2 ft|2–3 ft",1,3,N/A,N/A,
12500,"Cascade Penstemon","This plant is semi-evergreen with purple, trumpet-like, blossoms that are attractive to bees. Flowers should be deadheaded when spent to prevent seeding.",,"2025-06-09 10:33:23",plant,https://homegrownnationalpark.org/plant/cascade-penstemon/,,,,,,,,,,,,,,,,,,"United States",Perennial,"7.1 - Marine West Coast Forests (Lower 48)","1–2 ft","Full Sun","Container Friendly|Flower",,Average|High,"Penstemon serrulatus","United States",,"1–2 ft",1,2,N/A,N/A,
12501,"White Heath Aster","This densely-blooming and compact plant resembles a spreading Juniper shrub when not in bloom. This low maintenance species does not have any serious pests or diseases.",,"2025-06-09 10:34:11",plant,https://homegrownnationalpark.org/plant/white-heath-aster/,http://homegrownnationalpark.org/wp-content/uploads/2025/06/Symphyotrichum-ericoides-2.jpg|http://homegrownnationalpark.org/wp-content/uploads/2025/06/Symphyotrichum-ericoides-inat.jpg|http://homegrownnationalpark.org/wp-content/uploads/2025/06/Symphyotrichum-ericoides.jpg|http://homegrownnationalpark.org/wp-content/uploads/2025/06/Symphyotrichum-ericoides.png|http://homegrownnationalpark.org/wp-content/uploads/2025/06/Symphyotrichum-ericoides-1.png,Symphyotrichum-ericoides-2.jpg|Symphyotrichum-ericoides-inat.jpg|Symphyotrichum-ericoides.jpg|Symphyotrichum-ericoides.png|Symphyotrichum-ericoides-1.png,/nas/content/live/hgnp/wp-content/uploads/2025/06/Symphyotrichum-ericoides-2.jpg|/nas/content/live/hgnp/wp-content/uploads/2025/06/Symphyotrichum-ericoides-inat.jpg|/nas/content/live/hgnp/wp-content/uploads/2025/06/Symphyotrichum-ericoides.jpg|/nas/content/live/hgnp/wp-content/uploads/2025/06/Symphyotrichum-ericoides.png|/nas/content/live/hgnp/wp-content/uploads/2025/06/Symphyotrichum-ericoides-1.png,12884|12885|12886|12887|12888,Symphyotrichum-ericoides-2.jpg|Symphyotrichum-ericoides-inat.jpg|Symphyotrichum-ericoides.jpg|Symphyotrichum-ericoides.png|Symphyotrichum-ericoides-1.png,||||,||||,||||,,,,,,,,,,"United States",Perennial,"9.2 - Temperate Prairies|9.3 - West-Central Semi-Arid Prairies|9.4 - South Central Semi-Arid Prairies|13.1 - Upper Gila Mountains","1–2 ft|2–3 ft|3–4 ft","Full Sun|Partial Sun","Container Friendly|Flower","Late Summer through Fall",Average|Low,"Symphyotrichum ericoides","United States","Late Summer through Fall","1–2 ft|2–3 ft|3–4 ft",1,3,N/A,N/A,http://homegrownnationalpark.org/wp-content/uploads/2025/06/Symphyotrichum-ericoides-2.jpg|http://homegrownnationalpark.org/wp-content/uploads/2025/06/Symphyotrichum-ericoides-inat.jpg|http://homegrownnationalpark.org/wp-content/uploads/2025/06/Symphyotrichum-ericoides.jpg|http://homegrownnationalpark.org/wp-content/uploads/2025/06/Symphyotrichum-ericoides.png|http://homegrownnationalpark.org/wp-content/uploads/2025/06/Symphyotrichum-ericoides-1.png
12502,"Smoother Aster","These small and densely-blooming blooming flowers are a striking blue to purple color with a golden-yellow center. This species has no serious pests or diseases.",,"2025-06-09 10:34:11",plant,https://homegrownnationalpark.org/plant/smoother-aster/,http://homegrownnationalpark.org/wp-content/uploads/2025/06/Symphyotrichum-laeve-inat.jpg|http://homegrownnationalpark.org/wp-content/uploads/2025/06/Symphyotrichum-laeve.png|http://homegrownnationalpark.org/wp-content/uploads/2025/06/Symphyotrichum-laeve-1.png,Symphyotrichum-laeve-inat.jpg|Symphyotrichum-laeve.png|Symphyotrichum-laeve-1.png,/nas/content/live/hgnp/wp-content/uploads/2025/06/Symphyotrichum-laeve-inat.jpg|/nas/content/live/hgnp/wp-content/uploads/2025/06/Symphyotrichum-laeve.png|/nas/content/live/hgnp/wp-content/uploads/2025/06/Symphyotrichum-laeve-1.png,12926|12927|12928,Symphyotrichum-laeve-inat.jpg|Symphyotrichum-laeve.png|Symphyotrichum-laeve-1.png,||,||,||,,,,,,,,,,"United States",Perennial,"8.2 - Central USA Plains|8.4 - Ozark/Ouachita-Appalachian Forests|9.2 - Temperate Prairies|9.3 - West-Central Semi-Arid Prairies","2–3 ft|3–4 ft|4–5 ft","Full Sun","Container Friendly|Flower","Late Summer through Fall",Average|Low,"Symphyotrichum laeve","United States","Late Summer through Fall","2–3 ft|3–4 ft|4–5 ft",2,4,N/A,N/A,http://homegrownnationalpark.org/wp-content/uploads/2025/06/Symphyotrichum-laeve-inat.jpg|http://homegrownnationalpark.org/wp-content/uploads/2025/06/Symphyotrichum-laeve.png|http://homegrownnationalpark.org/wp-content/uploads/2025/06/Symphyotrichum-laeve-1.png
