Id,DateCreated,DateModified,MerchantId,MerchantAvatar,MerchantCampaignName,Name,Description,TargetUrl,StartDate,EndDate
119302,2023-11-29 13:04:15.357,2023-11-29 13:04:15.357,88314,https://c.cfjump.com/Avatars/95fbec9f-d9c9-48ec-b18c-bd0b2e85f3a6.png,A Life Plus,Free Delivery over $50,,https://t.cfjump.com/90610/o/119302,2023-11-29 00:00:00.000,
119303,2023-11-29 13:04:45.217,2024-05-23 19:57:04.527,88314,https://c.cfjump.com/Avatars/95fbec9f-d9c9-48ec-b18c-bd0b2e85f3a6.png,A Life Plus,Sign up to our email list and get 15% off your first order,,https://t.cfjump.com/90610/o/119303,2023-11-29 00:00:00.000,
125496,2024-05-23 19:57:22.510,2024-05-23 19:57:22.510,88314,https://c.cfjump.com/Avatars/95fbec9f-d9c9-48ec-b18c-bd0b2e85f3a6.png,A Life Plus,✔️ NO CONTRACTS   ✔️ NO MINIMUM ORDERS,,https://t.cfjump.com/90610/o/125496,2024-05-23 00:00:00.000,
126234,2024-06-14 15:43:57.103,2026-01-23 15:12:19.610,89821,https://c.cfjump.com/Avatars/a6a7f3c4-3130-4d3e-ac91-c39db229b9d9.png,Above The Collar,FREE Shipping over $60,,https://t.cfjump.com/90610/o/126234,2024-06-14 00:00:00.000,
126274,2024-06-18 09:07:46.387,2026-03-03 09:46:31.230,89821,https://c.cfjump.com/Avatars/a6a7f3c4-3130-4d3e-ac91-c39db229b9d9.png,Above The Collar,"Receive $10 off your first order when you sign up for exclusive offers, promos and freebies.",,https://t.cfjump.com/90610/o/126274,2024-06-18 00:00:00.000,
53309,2019-03-18 13:27:15.217,2021-06-01 12:04:48.657,62977,https://c.cfjump.com/Avatars/408e07c3-b8c4-4e63-982a-5e6f39dfea4d.png,Adulttoymegastore,Free economy delivery over $100 AUD,,https://t.cfjump.com/90610/o/53309,2019-03-18 00:00:00.000,
126184,2024-06-13 11:39:23.733,2024-06-13 11:39:23.733,62977,https://c.cfjump.com/Avatars/408e07c3-b8c4-4e63-982a-5e6f39dfea4d.png,Adulttoymegastore,Reduced to Clear,,https://t.cfjump.com/90610/o/126184,2024-06-13 00:00:00.000,
138775,2025-05-15 07:13:29.580,2025-05-15 07:13:29.580,62977,https://c.cfjump.com/Avatars/408e07c3-b8c4-4e63-982a-5e6f39dfea4d.png,Adulttoymegastore,"HUGE Savings on 40,000+ Pleasure and Wellness Products",,https://t.cfjump.com/90610/o/138775,2025-05-15 00:00:00.000,
139911,2025-06-30 13:40:51.063,2025-06-30 13:40:51.063,62977,https://c.cfjump.com/Avatars/408e07c3-b8c4-4e63-982a-5e6f39dfea4d.png,Adulttoymegastore,😍FREE Toy With Essentials Bundle Purchase,,https://t.cfjump.com/90610/o/139911,2025-06-30 00:00:00.000,
140200,2025-07-10 06:53:32.047,2025-07-10 06:53:32.047,62977,https://c.cfjump.com/Avatars/408e07c3-b8c4-4e63-982a-5e6f39dfea4d.png,Adulttoymegastore,FREE Satisfyer Pro 2 with Essentials Bundle,,https://t.cfjump.com/90610/o/140200,2025-07-10 00:00:00.000,
140201,2025-07-10 06:54:49.797,2025-07-10 06:54:49.797,62977,https://c.cfjump.com/Avatars/408e07c3-b8c4-4e63-982a-5e6f39dfea4d.png,Adulttoymegastore,FREE Kama Dual Stim Toy with Essentials Bundle,,https://t.cfjump.com/90610/o/140201,2025-07-10 00:00:00.000,
140202,2025-07-10 06:55:26.470,2025-07-10 06:55:26.470,62977,https://c.cfjump.com/Avatars/408e07c3-b8c4-4e63-982a-5e6f39dfea4d.png,Adulttoymegastore,FREE Vibrating Cock Ring with Essentials Bundle,,https://t.cfjump.com/90610/o/140202,2025-07-10 00:00:00.000,
144475,2025-11-11 07:43:09.847,2025-11-11 07:43:09.847,62977,https://c.cfjump.com/Avatars/408e07c3-b8c4-4e63-982a-5e6f39dfea4d.png,Adulttoymegastore,ORDER NOW: The Ultimate Adult Advent Calendar 🎄🥵,,https://t.cfjump.com/90610/o/144475,2025-11-11 00:00:00.000,
145886,2025-12-24 06:42:29.030,2025-12-24 06:42:29.043,62977,https://c.cfjump.com/Avatars/408e07c3-b8c4-4e63-982a-5e6f39dfea4d.png,Adulttoymegastore,"2026 New Years Sale: Big Brands, BIGGER Discounts🎉",,https://t.cfjump.com/90610/o/145886,2026-01-01 00:00:00.000,
147077,2026-02-27 07:00:15.897,2026-02-27 07:00:15.897,62977,https://c.cfjump.com/Avatars/408e07c3-b8c4-4e63-982a-5e6f39dfea4d.png,Adulttoymegastore,📢5 MILLION DOLLAR Stocktake Sale - Up to 90% Off,,https://t.cfjump.com/90610/o/147077,2026-02-27 00:00:00.000,2026-03-16 23:59:59.000
115040,2023-09-20 16:14:47.183,2023-10-10 16:32:52.873,87838,https://c.cfjump.com/Avatars/a7267e51-7474-479d-8823-8c9286f9006b.png,Advwin,"Buy overs $500,Get FREE Laptop Stand",,https://t.cfjump.com/90610/o/115040,2023-09-20 00:00:00.000,
115041,2023-09-20 16:15:38.217,2023-10-10 16:32:56.547,87838,https://c.cfjump.com/Avatars/a7267e51-7474-479d-8823-8c9286f9006b.png,Advwin,Buy $300 Save $15OFF,,https://t.cfjump.com/90610/o/115041,2023-09-20 00:00:00.000,
115042,2023-09-20 16:17:15.000,2023-10-10 16:33:01.950,87838,https://c.cfjump.com/Avatars/a7267e51-7474-479d-8823-8c9286f9006b.png,Advwin,Buy $200 Save $10 OFF,,https://t.cfjump.com/90610/o/115042,2023-09-20 00:00:00.000,
115043,2023-09-20 16:17:39.157,2023-10-10 16:32:47.247,87838,https://c.cfjump.com/Avatars/a7267e51-7474-479d-8823-8c9286f9006b.png,Advwin,Extra 5% off,,https://t.cfjump.com/90610/o/115043,2023-09-20 00:00:00.000,
115734,2023-10-10 16:33:45.873,2023-10-10 16:33:45.873,87838,https://c.cfjump.com/Avatars/a7267e51-7474-479d-8823-8c9286f9006b.png,Advwin,Buy $500 Save $30 OFF,,https://t.cfjump.com/90610/o/115734,2023-10-10 00:00:00.000,
142059,2025-09-04 20:23:03.910,2025-09-04 20:23:03.910,92570,https://c.cfjump.com/Avatars/04f461dc-b42f-4824-8e98-9d3c81053780.png,AllClear Travel Insurance,Specialist Travel Insurance for all,,https://t.cfjump.com/90610/o/142059,2025-09-04 00:00:00.000,
142060,2025-09-04 20:23:28.613,2025-09-04 20:23:28.613,92570,https://c.cfjump.com/Avatars/04f461dc-b42f-4824-8e98-9d3c81053780.png,AllClear Travel Insurance,Emergency Assistance 24/7,,https://t.cfjump.com/90610/o/142060,2025-09-04 00:00:00.000,
143508,2025-10-22 09:51:18.120,2025-10-22 09:51:18.120,92570,https://c.cfjump.com/Avatars/04f461dc-b42f-4824-8e98-9d3c81053780.png,AllClear Travel Insurance,Multi-Award Winning Travel Insurance,,https://t.cfjump.com/90610/o/143508,2025-10-22 00:00:00.000,
143510,2025-10-22 09:52:50.353,2025-10-22 09:52:50.353,92570,https://c.cfjump.com/Avatars/04f461dc-b42f-4824-8e98-9d3c81053780.png,AllClear Travel Insurance,Winner: 2025 Mozo Experts Choice Exceptional Value Cruise Travel Insurance,,https://t.cfjump.com/90610/o/143510,2025-10-22 00:00:00.000,
143511,2025-10-22 09:53:10.417,2025-10-22 09:53:10.433,92570,https://c.cfjump.com/Avatars/04f461dc-b42f-4824-8e98-9d3c81053780.png,AllClear Travel Insurance,Winner: 2025 WeMoney Awards Best for Seniors Travel Insurance,,https://t.cfjump.com/90610/o/143511,2025-10-22 00:00:00.000,
143512,2025-10-22 09:53:22.557,2025-10-22 09:53:22.557,92570,https://c.cfjump.com/Avatars/04f461dc-b42f-4824-8e98-9d3c81053780.png,AllClear Travel Insurance,Winner: WeMoney Awards 2025 Best for Specialist Cover,,https://t.cfjump.com/90610/o/143512,2025-10-22 00:00:00.000,
143513,2025-10-22 09:53:57.463,2025-10-22 09:53:57.463,92570,https://c.cfjump.com/Avatars/04f461dc-b42f-4824-8e98-9d3c81053780.png,AllClear Travel Insurance,Get comprehensive travel cover with no upper age limits and go on your next trip with peace of mind,,https://t.cfjump.com/90610/o/143513,2025-10-22 00:00:00.000,
109746,2023-05-09 15:53:35.863,2023-05-09 15:53:35.863,85422,https://c.cfjump.com/Avatars/d67dcc1b-b693-45b9-a090-e2539d57a0ea.png,Altina Drinks,Shop our bundles and mix packs today! ,,https://t.cfjump.com/90610/o/109746,2023-05-09 00:00:00.000,
115997,2023-10-18 09:06:11.017,2023-10-18 09:06:11.017,85422,https://c.cfjump.com/Avatars/d67dcc1b-b693-45b9-a090-e2539d57a0ea.png,Altina Drinks,$10 off ALTINA ENTERTAINERS' BUNDLE,"No code needed
Valid until stock lasts",https://t.cfjump.com/90610/o/115997,2023-10-18 00:00:00.000,
117137,2023-11-09 13:48:09.060,2023-11-09 13:48:09.060,85422,https://c.cfjump.com/Avatars/d67dcc1b-b693-45b9-a090-e2539d57a0ea.png,Altina Drinks,Save $20 on THE ALTINA TASTER PACK,End date TBC,https://t.cfjump.com/90610/o/117137,2023-11-09 00:00:00.000,
117138,2023-11-09 13:50:20.077,2023-11-09 13:50:20.077,85422,https://c.cfjump.com/Avatars/d67dcc1b-b693-45b9-a090-e2539d57a0ea.png,Altina Drinks,Save $8 on ALTINA ROSÉ ALL DAY BUNDLE,End date TBC,https://t.cfjump.com/90610/o/117138,2023-11-09 00:00:00.000,
135212,2025-02-19 11:05:31.640,2025-02-19 11:05:31.640,85422,https://c.cfjump.com/Avatars/d67dcc1b-b693-45b9-a090-e2539d57a0ea.png,Altina Drinks,Free Shipping on orders over $140.  Flat rate $8 shipping for all other orders,T&Cs apply,https://t.cfjump.com/90610/o/135212,2025-02-19 00:00:00.000,
128825,2024-09-13 15:11:08.683,2024-09-13 15:11:08.683,84193,https://c.cfjump.com/Avatars/545957ea-deca-4a89-9af8-bf75d946e8ee.png,AMF Magnetics,Shop our Best Sellers ,,https://t.cfjump.com/90610/o/128825,2024-09-13 00:00:00.000,
128826,2024-09-13 15:11:32.217,2024-09-16 15:00:49.523,84193,https://c.cfjump.com/Avatars/545957ea-deca-4a89-9af8-bf75d946e8ee.png,AMF Magnetics,Free shipping Australia wide for all orders ,,https://t.cfjump.com/90610/o/128826,2024-09-13 00:00:00.000,
128827,2024-09-13 15:12:22.717,2024-09-13 15:12:22.717,84193,https://c.cfjump.com/Avatars/545957ea-deca-4a89-9af8-bf75d946e8ee.png,AMF Magnetics,Join us for 10% OFF your first order!,,https://t.cfjump.com/90610/o/128827,2024-09-13 00:00:00.000,
104958,2022-12-01 10:09:57.303,2022-12-01 10:10:39.413,71708,https://c.cfjump.com/Avatars/a54049ec-300d-4e6a-8502-0fa6fbd58a12.png,Ark Swimwear,Model search ,,https://t.cfjump.com/90610/o/104958,2022-12-01 00:00:00.000,
99231,2022-07-26 15:12:35.760,2025-08-12 08:10:26.333,80434,https://c.cfjump.com/Avatars/52bb6075-49b1-4bb9-ae88-30efbb629baf.png,Arms Of Eve,Free Shipping on orders over $79.00* (Australian customers only),,https://t.cfjump.com/90610/o/99231,2022-07-26 00:00:00.000,
122995,2024-03-14 05:08:28.773,2025-08-12 08:11:01.023,80434,https://c.cfjump.com/Avatars/52bb6075-49b1-4bb9-ae88-30efbb629baf.png,Arms Of Eve,Sign up to Arms Of Eve Tribe and get 10% off,Sign up to Arms Of Eve Tribe and get 10% off,https://t.cfjump.com/90610/o/122995,2024-03-14 00:00:00.000,
141964,2025-09-02 20:36:36.837,2025-09-02 20:36:36.837,80434,https://c.cfjump.com/Avatars/52bb6075-49b1-4bb9-ae88-30efbb629baf.png,Arms Of Eve,Discover sale styles at Arms Of Eve,,https://t.cfjump.com/90610/o/141964,2025-09-02 00:00:00.000,
84821,2021-08-26 13:13:42.520,2021-08-26 13:13:42.520,75358,https://c.cfjump.com/Avatars/7469c85c-2fae-44f2-9c64-9ecf30d1b95f.png,AROMABABY,Buy Now Pay Later with Afterpay,,https://t.cfjump.com/90610/o/84821,2021-08-26 00:00:00.000,
142275,2025-09-11 15:10:29.250,2025-09-11 15:10:29.250,92604,https://c.cfjump.com/Avatars/9f046522-02e6-40ac-b7ad-fc2b0d919b57.png,Ashaya,3-Step PMS Relief Ritual,,https://t.cfjump.com/90610/o/142275,2025-09-11 00:00:00.000,
142276,2025-09-11 15:10:52.377,2025-10-07 14:40:15.513,92604,https://c.cfjump.com/Avatars/9f046522-02e6-40ac-b7ad-fc2b0d919b57.png,Ashaya, Join Our Community & Get 15% OFF,,https://t.cfjump.com/90610/o/142276,2025-09-11 00:00:00.000,
142277,2025-09-11 15:11:52.783,2025-09-11 15:11:52.783,92604,https://c.cfjump.com/Avatars/9f046522-02e6-40ac-b7ad-fc2b0d919b57.png,Ashaya,Shop Our Best Sellers,,https://t.cfjump.com/90610/o/142277,2025-09-11 00:00:00.000,
142278,2025-09-11 15:13:49.657,2025-09-11 15:13:49.657,92604,https://c.cfjump.com/Avatars/9f046522-02e6-40ac-b7ad-fc2b0d919b57.png,Ashaya,"Vegan, Cruelty-Free, and Consciously Created",,https://t.cfjump.com/90610/o/142278,2025-09-11 00:00:00.000,
142279,2025-09-11 15:14:13.783,2025-09-11 15:14:13.783,92604,https://c.cfjump.com/Avatars/9f046522-02e6-40ac-b7ad-fc2b0d919b57.png,Ashaya,Crafted in Australia with Global Ingredients,,https://t.cfjump.com/90610/o/142279,2025-09-11 00:00:00.000,
43474,2018-07-03 15:32:05.757,2022-07-01 12:39:05.853,57654,https://c.cfjump.com/Avatars/16ccc019-c98e-4697-98dd-6bce0e950b64.png,AURA Home,Free Shipping for all orders over $200 within Australia,,https://t.cfjump.com/90610/o/43474,2018-07-03 00:00:00.000,
43476,2018-07-03 15:32:24.227,2018-07-03 15:32:24.227,57654,https://c.cfjump.com/Avatars/16ccc019-c98e-4697-98dd-6bce0e950b64.png,AURA Home,Free 30 day returns within Australia,,https://t.cfjump.com/90610/o/43476,2018-07-03 00:00:00.000,
97988,2022-06-21 10:18:57.140,2022-06-21 10:18:57.140,57654,https://c.cfjump.com/Avatars/16ccc019-c98e-4697-98dd-6bce0e950b64.png,AURA Home,Shop Our Best Sellers,,https://t.cfjump.com/90610/o/97988,2022-06-21 00:00:00.000,
97989,2022-06-21 10:19:36.767,2022-06-21 10:19:36.767,57654,https://c.cfjump.com/Avatars/16ccc019-c98e-4697-98dd-6bce0e950b64.png,AURA Home,Shop New Chambray Bedlinen,,https://t.cfjump.com/90610/o/97989,2022-06-21 00:00:00.000,
97990,2022-06-21 10:19:59.953,2025-01-08 14:36:59.613,57654,https://c.cfjump.com/Avatars/16ccc019-c98e-4697-98dd-6bce0e950b64.png,AURA Home,Shop Halo Organic Cotton Bedding,,https://t.cfjump.com/90610/o/97990,2022-06-21 00:00:00.000,
97991,2022-06-21 10:20:35.237,2022-06-21 10:20:35.237,57654,https://c.cfjump.com/Avatars/16ccc019-c98e-4697-98dd-6bce0e950b64.png,AURA Home,Shop Maison Linen Cotton Bed Linen,,https://t.cfjump.com/90610/o/97991,2022-06-21 00:00:00.000,
97992,2022-06-21 10:21:05.520,2022-06-21 10:21:05.520,57654,https://c.cfjump.com/Avatars/16ccc019-c98e-4697-98dd-6bce0e950b64.png,AURA Home,Shop New Velvet Bedding Collection	,,https://t.cfjump.com/90610/o/97992,2022-06-21 00:00:00.000,
97993,2022-06-21 10:21:39.190,2022-06-21 10:29:30.187,57654,https://c.cfjump.com/Avatars/16ccc019-c98e-4697-98dd-6bce0e950b64.png,AURA Home,Shop Outdoor Living Collection,,https://t.cfjump.com/90610/o/97993,2022-06-21 00:00:00.000,
97994,2022-06-21 10:22:20.803,2022-06-21 10:22:20.803,57654,https://c.cfjump.com/Avatars/16ccc019-c98e-4697-98dd-6bce0e950b64.png,AURA Home,Shop New Printed Bed Linen Collection,,https://t.cfjump.com/90610/o/97994,2022-06-21 00:00:00.000,
97995,2022-06-21 10:23:01.380,2022-06-21 10:23:01.380,57654,https://c.cfjump.com/Avatars/16ccc019-c98e-4697-98dd-6bce0e950b64.png,AURA Home,Shop Paros Sustainably Sourced Bath Towel Collection,,https://t.cfjump.com/90610/o/97995,2022-06-21 00:00:00.000,
97998,2022-06-21 10:24:14.477,2022-06-21 10:24:14.477,57654,https://c.cfjump.com/Avatars/16ccc019-c98e-4697-98dd-6bce0e950b64.png,AURA Home,Shop Waffle Bath Towel Collection,,https://t.cfjump.com/90610/o/97998,2022-06-21 00:00:00.000,
97999,2022-06-21 10:24:46.163,2022-06-21 10:24:46.163,57654,https://c.cfjump.com/Avatars/16ccc019-c98e-4697-98dd-6bce0e950b64.png,AURA Home,Shop Our New Furniture Collection,,https://t.cfjump.com/90610/o/97999,2022-06-21 00:00:00.000,
98000,2022-06-21 10:25:39.383,2022-06-21 10:25:39.383,57654,https://c.cfjump.com/Avatars/16ccc019-c98e-4697-98dd-6bce0e950b64.png,AURA Home,Shop Our New Bed Head Collection,,https://t.cfjump.com/90610/o/98000,2022-06-21 00:00:00.000,
98001,2022-06-21 10:28:05.123,2022-06-21 10:28:05.123,57654,https://c.cfjump.com/Avatars/16ccc019-c98e-4697-98dd-6bce0e950b64.png,AURA Home,Shop New Lamps & Lanterns,,https://t.cfjump.com/90610/o/98001,2022-06-21 00:00:00.000,
98002,2022-06-21 10:28:59.500,2022-06-21 10:28:59.500,57654,https://c.cfjump.com/Avatars/16ccc019-c98e-4697-98dd-6bce0e950b64.png,AURA Home,Shop New Pendant Lights,,https://t.cfjump.com/90610/o/98002,2022-06-21 00:00:00.000,
98003,2022-06-21 10:30:14.483,2022-06-21 10:30:14.483,57654,https://c.cfjump.com/Avatars/16ccc019-c98e-4697-98dd-6bce0e950b64.png,AURA Home,Shop New Arrivals,,https://t.cfjump.com/90610/o/98003,2022-06-21 00:00:00.000,
98004,2022-06-21 10:31:29.140,2022-06-21 10:31:29.140,57654,https://c.cfjump.com/Avatars/16ccc019-c98e-4697-98dd-6bce0e950b64.png,AURA Home,Shop Luxury Scented Soy Candles	,,https://t.cfjump.com/90610/o/98004,2022-06-21 00:00:00.000,
98005,2022-06-21 10:32:40.080,2022-06-21 10:32:40.080,57654,https://c.cfjump.com/Avatars/16ccc019-c98e-4697-98dd-6bce0e950b64.png,AURA Home,"Shop Luxury Bath, Body & Hand Wash",,https://t.cfjump.com/90610/o/98005,2022-06-21 00:00:00.000,
98007,2022-06-21 10:34:25.957,2022-06-21 10:34:25.957,57654,https://c.cfjump.com/Avatars/16ccc019-c98e-4697-98dd-6bce0e950b64.png,AURA Home,Shop Sofa Cushions,,https://t.cfjump.com/90610/o/98007,2022-06-21 00:00:00.000,
98008,2022-06-21 10:34:57.177,2022-06-21 10:34:57.177,57654,https://c.cfjump.com/Avatars/16ccc019-c98e-4697-98dd-6bce0e950b64.png,AURA Home,Shop Luxury Throws ,,https://t.cfjump.com/90610/o/98008,2022-06-21 00:00:00.000,
98009,2022-06-21 10:35:16.193,2022-06-21 10:35:16.193,57654,https://c.cfjump.com/Avatars/16ccc019-c98e-4697-98dd-6bce0e950b64.png,AURA Home,Shop Hand Made Rugs,,https://t.cfjump.com/90610/o/98009,2022-06-21 00:00:00.000,
98010,2022-06-21 10:35:39.473,2022-06-21 10:35:39.473,57654,https://c.cfjump.com/Avatars/16ccc019-c98e-4697-98dd-6bce0e950b64.png,AURA Home,Shop the Latest in Home Decor,,https://t.cfjump.com/90610/o/98010,2022-06-21 00:00:00.000,
98011,2022-06-21 10:36:31.117,2022-06-21 10:37:00.367,57654,https://c.cfjump.com/Avatars/16ccc019-c98e-4697-98dd-6bce0e950b64.png,AURA Home,Shop Pure Linen Table Linen,,https://t.cfjump.com/90610/o/98011,2022-06-21 00:00:00.000,
98013,2022-06-21 10:38:48.023,2022-06-21 10:38:48.023,57654,https://c.cfjump.com/Avatars/16ccc019-c98e-4697-98dd-6bce0e950b64.png,AURA Home,Shop Baskets & Storage,,https://t.cfjump.com/90610/o/98013,2022-06-21 00:00:00.000,
98014,2022-06-21 10:39:28.947,2022-06-21 10:39:28.947,57654,https://c.cfjump.com/Avatars/16ccc019-c98e-4697-98dd-6bce0e950b64.png,AURA Home,Shop Luxury Laundry Accessories,,https://t.cfjump.com/90610/o/98014,2022-06-21 00:00:00.000,
98015,2022-06-21 10:39:51.370,2022-06-21 10:39:51.370,57654,https://c.cfjump.com/Avatars/16ccc019-c98e-4697-98dd-6bce0e950b64.png,AURA Home,Shop Wedding Gifts,,https://t.cfjump.com/90610/o/98015,2022-06-21 00:00:00.000,
98016,2022-06-21 10:40:14.247,2022-06-21 10:40:14.247,57654,https://c.cfjump.com/Avatars/16ccc019-c98e-4697-98dd-6bce0e950b64.png,AURA Home,Shop Housewarming Gifts,,https://t.cfjump.com/90610/o/98016,2022-06-21 00:00:00.000,
98017,2022-06-21 10:40:44.653,2022-06-21 10:40:44.653,57654,https://c.cfjump.com/Avatars/16ccc019-c98e-4697-98dd-6bce0e950b64.png,AURA Home,Shop Gifts for Mum,,https://t.cfjump.com/90610/o/98017,2022-06-21 00:00:00.000,
98018,2022-06-21 10:41:08.557,2022-06-21 10:41:08.557,57654,https://c.cfjump.com/Avatars/16ccc019-c98e-4697-98dd-6bce0e950b64.png,AURA Home,Shop Gifts for Him,,https://t.cfjump.com/90610/o/98018,2022-06-21 00:00:00.000,
98019,2022-06-21 10:41:34.560,2022-06-21 10:41:34.560,57654,https://c.cfjump.com/Avatars/16ccc019-c98e-4697-98dd-6bce0e950b64.png,AURA Home,Shop Gifts under $100,,https://t.cfjump.com/90610/o/98019,2022-06-21 00:00:00.000,
98020,2022-06-21 10:41:56.480,2022-06-21 10:41:56.480,57654,https://c.cfjump.com/Avatars/16ccc019-c98e-4697-98dd-6bce0e950b64.png,AURA Home,Shop Gifts under $50,,https://t.cfjump.com/90610/o/98020,2022-06-21 00:00:00.000,
133969,2025-01-08 14:34:49.990,2025-01-08 14:34:49.990,57654,https://c.cfjump.com/Avatars/16ccc019-c98e-4697-98dd-6bce0e950b64.png,AURA Home,Shop New Evie Stonewash Bedding Collection,,https://t.cfjump.com/90610/o/133969,2025-01-08 00:00:00.000,
133970,2025-01-08 14:35:26.710,2025-01-08 14:35:26.710,57654,https://c.cfjump.com/Avatars/16ccc019-c98e-4697-98dd-6bce0e950b64.png,AURA Home,Shop Emile Pure Linen Bedding Collection,,https://t.cfjump.com/90610/o/133970,2025-01-08 00:00:00.000,
133971,2025-01-08 14:36:00.473,2025-01-08 14:36:00.490,57654,https://c.cfjump.com/Avatars/16ccc019-c98e-4697-98dd-6bce0e950b64.png,AURA Home,Shop Jaipur Pure Cotton Bedding Collection,,https://t.cfjump.com/90610/o/133971,2025-01-08 00:00:00.000,
133972,2025-01-08 14:36:44.397,2025-01-08 14:36:44.397,57654,https://c.cfjump.com/Avatars/16ccc019-c98e-4697-98dd-6bce0e950b64.png,AURA Home,Shop Classic Stripe Bedlinen,,https://t.cfjump.com/90610/o/133972,2025-01-08 00:00:00.000,
133973,2025-01-08 14:38:32.257,2025-01-08 14:38:32.257,57654,https://c.cfjump.com/Avatars/16ccc019-c98e-4697-98dd-6bce0e950b64.png,AURA Home,Shop Sustainable Towel Collection,,https://t.cfjump.com/90610/o/133973,2025-01-08 00:00:00.000,
133974,2025-01-08 14:39:03.647,2025-01-08 14:39:03.647,57654,https://c.cfjump.com/Avatars/16ccc019-c98e-4697-98dd-6bce0e950b64.png,AURA Home,Shop Haven Luxury Towel Collection,,https://t.cfjump.com/90610/o/133974,2025-01-08 00:00:00.000,
133975,2025-01-08 14:39:32.427,2025-01-08 14:39:32.427,57654,https://c.cfjump.com/Avatars/16ccc019-c98e-4697-98dd-6bce0e950b64.png,AURA Home,Shop Australian Cotton Luxury Towel Collection,,https://t.cfjump.com/90610/o/133975,2025-01-08 00:00:00.000,
133976,2025-01-08 14:39:54.363,2025-01-08 14:39:54.363,57654,https://c.cfjump.com/Avatars/16ccc019-c98e-4697-98dd-6bce0e950b64.png,AURA Home,Shop Australian Cotton Wave Towels,,https://t.cfjump.com/90610/o/133976,2025-01-08 00:00:00.000,
133977,2025-01-08 14:40:23.333,2025-01-08 14:40:23.333,57654,https://c.cfjump.com/Avatars/16ccc019-c98e-4697-98dd-6bce0e950b64.png,AURA Home,Shop Australian Cotton Beach Towels,,https://t.cfjump.com/90610/o/133977,2025-01-08 00:00:00.000,
139139,2025-05-27 10:43:54.123,2025-05-27 10:43:54.123,57654,https://c.cfjump.com/Avatars/16ccc019-c98e-4697-98dd-6bce0e950b64.png,AURA Home,Shop Emile Pure Linen Bedding,,https://t.cfjump.com/90610/o/139139,2025-05-27 00:00:00.000,
139140,2025-05-27 10:44:26.653,2025-05-27 10:44:26.653,57654,https://c.cfjump.com/Avatars/16ccc019-c98e-4697-98dd-6bce0e950b64.png,AURA Home,Shop Evie Stonewash Bedding,,https://t.cfjump.com/90610/o/139140,2025-05-27 00:00:00.000,
139141,2025-05-27 10:44:58.077,2025-05-27 10:44:58.077,57654,https://c.cfjump.com/Avatars/16ccc019-c98e-4697-98dd-6bce0e950b64.png,AURA Home,Shop Velvet Coverlets,,https://t.cfjump.com/90610/o/139141,2025-05-27 00:00:00.000,
139142,2025-05-27 10:45:23.577,2025-05-27 10:45:23.577,57654,https://c.cfjump.com/Avatars/16ccc019-c98e-4697-98dd-6bce0e950b64.png,AURA Home,Shop Luxury Velvet Cushions,,https://t.cfjump.com/90610/o/139142,2025-05-27 00:00:00.000,
147194,2026-03-03 13:24:30.237,2026-03-03 13:24:30.237,57654,https://c.cfjump.com/Avatars/16ccc019-c98e-4697-98dd-6bce0e950b64.png,AURA Home,AURA FRENZY 20% OFF,20% OFF AURA HOME BRANDED PRODUCT ONLY. USE CODE FRENZY AT CHECKOUT. NEW CUSTOMERS ONLY,https://t.cfjump.com/90610/o/147194,2026-03-03 00:00:00.000,2026-03-09 23:59:59.000
1229,2014-07-14 16:35:02.873,2014-07-14 16:35:02.873,14839,https://c.cfjump.com/Avatars/f96bf8c9-da98-43a3-ba69-65e428cd9a2d.png,Aussie Health Products,Clearance Sale,,https://t.cfjump.com/90610/o/1229,2014-07-14 00:00:00.000,
1230,2014-07-14 16:35:34.747,2014-07-22 09:21:33.500,14839,https://c.cfjump.com/Avatars/f96bf8c9-da98-43a3-ba69-65e428cd9a2d.png,Aussie Health Products,Wide Selection of Products on Sale,,https://t.cfjump.com/90610/o/1230,2014-07-14 00:00:00.000,
96078,2022-05-02 16:51:27.530,2025-06-02 09:51:00.000,49527,https://c.cfjump.com/Avatars/03d064d6-1776-4e4e-8ee0-a1043c0a6c8e.png,Babycentral Australia,Free Shipping on orders over $99,"FREE Shipping*
Available on all standard orders when you spend over $99 and under 5kg to Australian delivery addresses",https://t.cfjump.com/90610/o/96078,2022-05-02 00:00:00.000,
96079,2022-05-02 16:52:11.000,2025-06-03 17:31:16.127,49527,https://c.cfjump.com/Avatars/03d064d6-1776-4e4e-8ee0-a1043c0a6c8e.png,Babycentral Australia,Sign up to our mailing list and save 15% off your first order,,https://t.cfjump.com/90610/o/96079,2022-05-02 00:00:00.000,
62938,2020-01-21 10:36:47.147,2020-02-11 15:33:48.813,66324,https://c.cfjump.com/Avatars/3dbde33d-8235-4982-acf4-715d9109dcef.png,BannerBuzz AU,Free Shipping on Orders in Australia Over $99 at BannerBuzz.com.au!,,https://t.cfjump.com/90610/o/62938,2020-01-21 00:00:00.000,
62939,2020-01-21 10:38:36.820,2020-01-21 10:38:36.820,66324,https://c.cfjump.com/Avatars/3dbde33d-8235-4982-acf4-715d9109dcef.png,BannerBuzz AU,Shop with BannerBuzz.com.au for advertising banner stands. Our portable banner stands and displays are available in a variety of shapes and sizes to suit your needs - Shop Now!,Shop with BannerBuzz.com.au for advertising banner stands. Our portable banner stands and displays are available in a variety of shapes and sizes to suit your needs - Shop Now!,https://t.cfjump.com/90610/o/62939,2020-01-21 00:00:00.000,
62941,2020-01-21 10:39:54.883,2020-01-21 10:39:54.883,66324,https://c.cfjump.com/Avatars/3dbde33d-8235-4982-acf4-715d9109dcef.png,BannerBuzz AU,Shop All of Your Custom Marketing Material Needs at BannerBuzz.com.au!,Shop All of Your Custom Marketing Material Needs at BannerBuzz.com.au!,https://t.cfjump.com/90610/o/62941,2020-01-21 00:00:00.000,
63411,2020-02-11 15:33:15.970,2020-08-15 00:12:23.147,66324,https://c.cfjump.com/Avatars/3dbde33d-8235-4982-acf4-715d9109dcef.png,BannerBuzz AU,"Banners, Signs, Graphics, Hardware & More. We’ve got it all. And the cherry on top? They’re all completely customizable.",,https://t.cfjump.com/90610/o/63411,2020-02-11 00:00:00.000,
91577,2022-01-16 05:09:45.247,2022-01-16 05:09:45.247,66324,https://c.cfjump.com/Avatars/3dbde33d-8235-4982-acf4-715d9109dcef.png,BannerBuzz AU,Increase safety measures at home and workplace with top-quality sneeze guards at BannerBuzz.com.au. Save 10% above $350. Use Code BBAOV350.,,https://t.cfjump.com/90610/o/91577,2022-01-16 00:00:00.000,
91578,2022-01-16 05:09:59.323,2022-01-16 05:09:59.323,66324,https://c.cfjump.com/Avatars/3dbde33d-8235-4982-acf4-715d9109dcef.png,BannerBuzz AU,"Shop sneeze guards to segregate counters, seating, work stations, tables, etc. for more safety at BannerBuzz.com.au. Use code BBAOV350 & save 10% over $350.",,https://t.cfjump.com/90610/o/91578,2022-01-16 00:00:00.000,
91579,2022-01-16 05:10:12.903,2022-10-04 18:13:22.903,66324,https://c.cfjump.com/Avatars/3dbde33d-8235-4982-acf4-715d9109dcef.png,BannerBuzz AU,"Get Custom Signage for your business @ Bannerbuzz AU, Shop & save 10% above $350. Use Code BBAOV350 ","Min Buy $350
Max Discount $75 or 10% ",https://t.cfjump.com/90610/o/91579,2022-01-16 00:00:00.000,
101130,2022-09-14 15:21:08.903,2022-09-14 15:21:33.887,81244,https://c.cfjump.com/Avatars/b95393df-c321-4706-9e5f-82946da2d8e5.png,Bargain Avenue,Interest free payment with Zip Pay.,,https://t.cfjump.com/90610/o/101130,2022-09-14 00:00:00.000,
101134,2022-09-14 15:43:58.973,2022-09-14 15:43:58.973,81244,https://c.cfjump.com/Avatars/b95393df-c321-4706-9e5f-82946da2d8e5.png,Bargain Avenue,Subscribe To Our Newsletter And Get A $10 Discount Code,,https://t.cfjump.com/90610/o/101134,2022-09-14 00:00:00.000,
101145,2022-09-14 23:45:37.760,2022-09-14 23:45:37.760,81244,https://c.cfjump.com/Avatars/b95393df-c321-4706-9e5f-82946da2d8e5.png,Bargain Avenue,Interest free payment with Afterpay.,,https://t.cfjump.com/90610/o/101145,2022-09-14 00:00:00.000,
108185,2023-03-20 15:55:40.773,2025-04-29 07:44:47.140,84266,https://c.cfjump.com/Avatars/f8260d1f-aa51-48d9-9265-5e6f54a6d328.png,Beauty Affairs,FREE SHIPPING ON ALL ORDERS $179+,Free shipping on all orders above AUD $179. Includes international orders. ,https://t.cfjump.com/90610/o/108185,2023-03-20 00:00:00.000,
108186,2023-03-20 15:56:22.367,2023-03-20 15:56:22.367,84266,https://c.cfjump.com/Avatars/f8260d1f-aa51-48d9-9265-5e6f54a6d328.png,Beauty Affairs,Luxury fragrances starting at $28,,https://t.cfjump.com/90610/o/108186,2023-03-20 00:00:00.000,
108843,2023-04-05 15:20:04.400,2023-04-05 15:20:30.277,84266,https://c.cfjump.com/Avatars/f8260d1f-aa51-48d9-9265-5e6f54a6d328.png,Beauty Affairs,Luxury skincare starting at $25	,,https://t.cfjump.com/90610/o/108843,2023-04-05 00:00:00.000,
108844,2023-04-05 15:20:37.090,2023-04-05 15:20:37.090,84266,https://c.cfjump.com/Avatars/f8260d1f-aa51-48d9-9265-5e6f54a6d328.png,Beauty Affairs,Luxury lipsticks starting at $25	,,https://t.cfjump.com/90610/o/108844,2023-04-05 00:00:00.000,
108845,2023-04-05 15:20:44.557,2023-04-05 15:20:44.557,84266,https://c.cfjump.com/Avatars/f8260d1f-aa51-48d9-9265-5e6f54a6d328.png,Beauty Affairs,Luxury haircare starting at $25	,,https://t.cfjump.com/90610/o/108845,2023-04-05 00:00:00.000,
109139,2023-04-18 10:09:57.897,2023-04-18 10:09:57.897,84266,https://c.cfjump.com/Avatars/f8260d1f-aa51-48d9-9265-5e6f54a6d328.png,Beauty Affairs,Up to 20% off Luxe Set Category,,https://t.cfjump.com/90610/o/109139,2023-04-18 00:00:00.000,
109588,2023-05-03 14:08:09.043,2023-05-03 14:08:09.043,84266,https://c.cfjump.com/Avatars/f8260d1f-aa51-48d9-9265-5e6f54a6d328.png,Beauty Affairs,Up to 70% off Bespoke Luxury Services,,https://t.cfjump.com/90610/o/109588,2023-05-03 00:00:00.000,
127815,2024-08-13 13:41:11.213,2025-12-09 10:03:43.190,84266,https://c.cfjump.com/Avatars/f8260d1f-aa51-48d9-9265-5e6f54a6d328.png,Beauty Affairs,"Luxury ""Try Before You Buy"" Products ONLY at Beauty Affairs!",Pay $9.95 and get 5 free product samples tailored to your skin type. $9.95 is redeemable as a voucher on full-size products. ,https://t.cfjump.com/90610/o/127815,2024-08-13 00:00:00.000,
131638,2024-11-19 06:50:40.820,2025-12-09 09:55:29.690,84266,https://c.cfjump.com/Avatars/f8260d1f-aa51-48d9-9265-5e6f54a6d328.png,Beauty Affairs,50% First Booking at  Medispa!,Book your first Medispa appointment with us for an initial offer of 50% off. Can be used with MEDISPA50. Promo code can only be used once and is only valid for Medispa services. ,https://t.cfjump.com/90610/o/131638,2024-11-19 00:00:00.000,
136117,2025-03-10 13:38:17.110,2025-12-09 09:56:01.690,84266,https://c.cfjump.com/Avatars/f8260d1f-aa51-48d9-9265-5e6f54a6d328.png,Beauty Affairs,Get a free sample with every order!,Free sample with all orders. Requires purchase to redeem. ,https://t.cfjump.com/90610/o/136117,2025-03-10 00:00:00.000,
136118,2025-03-10 13:40:51.817,2025-04-29 07:45:02.737,84266,https://c.cfjump.com/Avatars/f8260d1f-aa51-48d9-9265-5e6f54a6d328.png,Beauty Affairs,Free gift with orders $199+,Free gift with orders valued over $199. Value is AUD. Subject to availability.,https://t.cfjump.com/90610/o/136118,2025-03-10 00:00:00.000,
136119,2025-03-10 13:41:22.833,2025-03-10 13:41:22.833,84266,https://c.cfjump.com/Avatars/f8260d1f-aa51-48d9-9265-5e6f54a6d328.png,Beauty Affairs,Exclusive gift with orders over $249,A luxury full-size gift is available with orders over $249. Value in AUD. ,https://t.cfjump.com/90610/o/136119,2025-03-10 00:00:00.000,
146833,2026-02-16 12:04:29.380,2026-02-16 12:04:29.380,84266,https://c.cfjump.com/Avatars/f8260d1f-aa51-48d9-9265-5e6f54a6d328.png,Beauty Affairs,$10 Off First Purchase,,https://t.cfjump.com/90610/o/146833,2026-02-16 00:00:00.000,
146968,2026-02-20 18:37:54.187,2026-02-20 18:37:54.187,84266,https://c.cfjump.com/Avatars/f8260d1f-aa51-48d9-9265-5e6f54a6d328.png,Beauty Affairs,Free Lipsticks when you spend $199,,https://t.cfjump.com/90610/o/146968,2026-02-20 00:00:00.000,
146969,2026-02-20 18:38:27.047,2026-02-20 18:38:27.047,84266,https://c.cfjump.com/Avatars/f8260d1f-aa51-48d9-9265-5e6f54a6d328.png,Beauty Affairs,Free full size Facial Cleansing Kits when you spend $249,,https://t.cfjump.com/90610/o/146969,2026-02-20 00:00:00.000,
146970,2026-02-20 18:38:50.483,2026-02-20 18:38:50.483,84266,https://c.cfjump.com/Avatars/f8260d1f-aa51-48d9-9265-5e6f54a6d328.png,Beauty Affairs,Free Sample when you spend $1,,https://t.cfjump.com/90610/o/146970,2026-02-20 00:00:00.000,
146971,2026-02-20 18:39:24.373,2026-02-20 18:39:24.373,84266,https://c.cfjump.com/Avatars/f8260d1f-aa51-48d9-9265-5e6f54a6d328.png,Beauty Affairs,Get Free Delivery when you spend $179,,https://t.cfjump.com/90610/o/146971,2026-02-20 00:00:00.000,
136076,2025-03-07 18:37:44.523,2025-08-04 20:04:57.950,83335,https://c.cfjump.com/Avatars/170cbf92-ef7a-434a-957b-0de64cec9b64.png,Beauty Amora AU,New members exclusive offer - 15% OFF no min. spend,Use code [BUFIRST] to enjoy 15% OFF no min. spend on your first shopping,https://t.cfjump.com/90610/o/136076,2025-03-07 00:00:00.000,
147242,2026-03-04 14:25:08.550,2026-03-04 14:25:08.550,83335,https://c.cfjump.com/Avatars/170cbf92-ef7a-434a-957b-0de64cec9b64.png,Beauty Amora AU,Paypal Frenzy - 13% OFF no min. spend | 15% OFF + SKIN1004 Ampoule on orders $79+,Use code [AFPAY] to enjoy 13% OFF no min. spend and 15% OFF with Free Gift: SKIN1004 - Madagascar Centella Ampoule - 100ml on orders $79+. For Limited Time Only & All free gifts are subject to availability on a 'whilst stocks last' basis.,https://t.cfjump.com/90610/o/147242,2026-03-04 00:00:00.000,2026-03-09 23:59:59.000
47541,2018-10-02 15:18:51.067,2018-10-02 15:19:43.917,60466,https://c.cfjump.com/Avatars/7d08865a-8ac5-489f-ae2c-9036511ea73d.png,Beer Cartel,Fast Flat Rate Shipping.,"$9.99 per case in NSW/ACT
$14.99 per case for other States
Dispatched 4pm daily",https://t.cfjump.com/90610/o/47541,2018-10-02 00:00:00.000,
47542,2018-10-02 15:18:59.083,2018-10-02 15:20:26.420,60466,https://c.cfjump.com/Avatars/7d08865a-8ac5-489f-ae2c-9036511ea73d.png,Beer Cartel,"Stocking Over 1,100 Craft Beers","Australia's Largest Range Online,
Stocking Over 1,100 Craft Beers.",https://t.cfjump.com/90610/o/47542,2018-10-02 00:00:00.000,
97917,2022-06-16 16:22:29.360,2022-06-16 16:22:29.360,76993,https://c.cfjump.com/Avatars/c2f33370-a9bf-4562-819b-c324bb87d9b2.png,Best Restaurants AU,Valid for 3 years ,,https://t.cfjump.com/90610/o/97917,2022-06-16 00:00:00.000,
97918,2022-06-16 16:22:44.687,2022-06-16 16:22:44.687,76993,https://c.cfjump.com/Avatars/c2f33370-a9bf-4562-819b-c324bb87d9b2.png,Best Restaurants AU,Instant email delivery option,,https://t.cfjump.com/90610/o/97918,2022-06-16 00:00:00.000,
97919,2022-06-16 16:24:07.033,2025-03-13 10:27:11.967,76993,https://c.cfjump.com/Avatars/c2f33370-a9bf-4562-819b-c324bb87d9b2.png,Best Restaurants AU,Accepted at over 400 Restaurants Australia-wide,"Best Restaurants Gift Card
400+ Restaurants",https://t.cfjump.com/90610/o/97919,2022-06-16 00:00:00.000,
97920,2022-06-16 16:25:16.033,2022-06-16 16:25:16.033,76993,https://c.cfjump.com/Avatars/c2f33370-a9bf-4562-819b-c324bb87d9b2.png,Best Restaurants AU,Theme e-gift cards available ,,https://t.cfjump.com/90610/o/97920,2022-06-16 00:00:00.000,
98630,2022-07-08 09:35:41.637,2025-03-13 10:27:36.687,76993,https://c.cfjump.com/Avatars/c2f33370-a9bf-4562-819b-c324bb87d9b2.png,Best Restaurants AU,Best Restaurants Gift Cards starting from $10,,https://t.cfjump.com/90610/o/98630,2022-07-08 00:00:00.000,
136376,2025-03-13 11:04:32.600,2025-03-13 11:04:32.600,90285,https://c.cfjump.com/Avatars/9d43d810-ad2e-4399-a2c1-4a7c76fd00c6.png,Best Restaurants NZ,Accepted at Aotearoa's favourite Restaurants,,https://t.cfjump.com/90610/o/136376,2025-03-13 00:00:00.000,
145951,2026-01-05 14:56:24.527,2026-01-05 14:56:31.010,93140,https://c.cfjump.com/Avatars/545b6639-24fd-4239-a642-f245c4222f18.png,Betty Basics,Free Shipping On Orders Over $50,,https://t.cfjump.com/90610/o/145951,2026-01-05 00:00:00.000,
145952,2026-01-05 14:56:53.637,2026-01-05 14:56:53.637,93140,https://c.cfjump.com/Avatars/545b6639-24fd-4239-a642-f245c4222f18.png,Betty Basics,Shop The Betty Basics Sale,,https://t.cfjump.com/90610/o/145952,2026-01-05 00:00:00.000,
145953,2026-01-05 14:57:21.090,2026-01-05 14:57:21.090,93140,https://c.cfjump.com/Avatars/545b6639-24fd-4239-a642-f245c4222f18.png,Betty Basics,Shop The Betty Basics Two Piece Sets,,https://t.cfjump.com/90610/o/145953,2026-01-05 00:00:00.000,
145954,2026-01-05 14:58:23.980,2026-01-05 14:58:23.980,93140,https://c.cfjump.com/Avatars/545b6639-24fd-4239-a642-f245c4222f18.png,Betty Basics,The Basics Shop - Earn Rewards When You Shop,Sign up to the Betty Basics reward program,https://t.cfjump.com/90610/o/145954,2026-01-05 00:00:00.000,
145955,2026-01-05 15:00:05.433,2026-01-05 15:00:05.433,93140,https://c.cfjump.com/Avatars/545b6639-24fd-4239-a642-f245c4222f18.png,Betty Basics,Make A Difference By Shopping Betty Basics,"Betty Cares Foundation is funded through a donation of sales from the Betty Basics Essentials clothing range.

A percentage of every item purchased from the Betty Basics Essentials range directly funds the Betty Cares Foundation and the clothing packs donated to women in crisis.",https://t.cfjump.com/90610/o/145955,2026-01-05 00:00:00.000,
146946,2026-02-19 14:36:24.347,2026-02-19 14:36:24.347,93140,https://c.cfjump.com/Avatars/545b6639-24fd-4239-a642-f245c4222f18.png,Betty Basics,Buy 3 - Save 20% on Essentials,,https://t.cfjump.com/90610/o/146946,2026-02-19 00:00:00.000,
101651,2022-09-27 07:50:18.393,2022-09-27 07:50:18.393,81438,https://c.cfjump.com/Avatars/73c2652d-8a77-46a1-83d2-f98349e36627.png,Bevilles Jewellers,Up to 60% Diamonds Super Buy,,https://t.cfjump.com/90610/o/101651,2022-09-27 00:00:00.000,
101797,2022-09-30 07:18:23.160,2024-07-29 14:11:51.510,81438,https://c.cfjump.com/Avatars/73c2652d-8a77-46a1-83d2-f98349e36627.png,Bevilles Jewellers,Free Shipping over $80,,https://t.cfjump.com/90610/o/101797,2022-09-30 00:00:00.000,
101798,2022-09-30 07:18:31.957,2022-09-30 07:18:31.957,81438,https://c.cfjump.com/Avatars/73c2652d-8a77-46a1-83d2-f98349e36627.png,Bevilles Jewellers,90-Day Exchanges,,https://t.cfjump.com/90610/o/101798,2022-09-30 00:00:00.000,
101799,2022-09-30 07:18:40.177,2022-09-30 07:18:40.177,81438,https://c.cfjump.com/Avatars/73c2652d-8a77-46a1-83d2-f98349e36627.png,Bevilles Jewellers,Secure Payment Methods,,https://t.cfjump.com/90610/o/101799,2022-09-30 00:00:00.000,
101800,2022-09-30 07:18:55.847,2022-09-30 07:18:55.847,81438,https://c.cfjump.com/Avatars/73c2652d-8a77-46a1-83d2-f98349e36627.png,Bevilles Jewellers,"Subscribe to our newsletter to be the first to hear about our new stock landing, promotion, exclusive offers and more. ",,https://t.cfjump.com/90610/o/101800,2022-09-30 00:00:00.000,
101801,2022-09-30 07:19:09.113,2022-09-30 07:19:09.113,81438,https://c.cfjump.com/Avatars/73c2652d-8a77-46a1-83d2-f98349e36627.png,Bevilles Jewellers,Free Returns for 14 days,,https://t.cfjump.com/90610/o/101801,2022-09-30 00:00:00.000,
147111,2026-02-27 14:36:49.193,2026-02-27 14:37:57.240,81438,https://c.cfjump.com/Avatars/73c2652d-8a77-46a1-83d2-f98349e36627.png,Bevilles Jewellers,Buy 2 Watches and Get $25 Off,"- Online only.
- Excludes Daniel Wellington, Ice, Jag, Maserati, Philip, Police, Sekonda, Thomas Sabo, Ania Haie, Bronzallure & Georgini. 
- Discount applies automatically at cart.",https://t.cfjump.com/90610/o/147111,2026-02-27 00:00:00.000,
147113,2026-02-27 14:40:43.977,2026-02-27 14:52:01.337,81438,https://c.cfjump.com/Avatars/73c2652d-8a77-46a1-83d2-f98349e36627.png,Bevilles Jewellers,Sign Up Eternity Club and Get $25 Off Your First Oder,"$25 off discount applies to new customers who sign up to Eternity Club and use the provided promotional code. Discount applies to orders with a minumum spend of $100 only. This discount cannot be used to purchase gift vouchers. You must be logged in to receive the discount. One use per customer only. Bevilles reserves the right to end this promotion without notice. Offer available in store and online. Required minimum spend of $100, excludes Shipping and selected items, Gift card excluded.",https://t.cfjump.com/90610/o/147113,2026-02-27 00:00:00.000,
147115,2026-02-27 14:46:40.663,2026-02-27 14:46:40.663,81438,https://c.cfjump.com/Avatars/73c2652d-8a77-46a1-83d2-f98349e36627.png,Bevilles Jewellers,BIRTHSTONE BUNDLE: Buy any 2 for $300.,"- Purchase any two items for $300 (usually $299 each – Save $298) from the listed SKUs: Bundle & Save (excluding 9S230028.M or 9S230028.Q, 9S23238.45 & 9S23256286) While stocks last. 

- Eligibility for the discounted bundle price applies at checkout only when 2 individual items are purchased in the same cart/transaction. 

- Cannot be redeemed for cash and cannot be used in conjunction with any other offer. No further discounts apply. Refunds will reflect the discounted price, not the original list price. Discounts are not applicable on returns. 

- Offer subject to our General T&Cs, Returns, and Privacy policies. Offer subject to change. ",https://t.cfjump.com/90610/o/147115,2026-02-27 00:00:00.000,
147109,2026-02-27 14:35:06.147,2026-02-27 14:47:41.697,81438,https://c.cfjump.com/Avatars/73c2652d-8a77-46a1-83d2-f98349e36627.png,Bevilles Jewellers,50% Off a Great Range of Jewellery,Exclusion and T&Cs apply. See website for full T&Cs.,https://t.cfjump.com/90610/o/147109,2026-02-27 00:00:00.000,2026-03-15 23:59:59.000
147110,2026-02-27 14:36:13.537,2026-02-27 14:48:05.257,81438,https://c.cfjump.com/Avatars/73c2652d-8a77-46a1-83d2-f98349e36627.png,Bevilles Jewellers,20% Off A Great Range of Casio & Seiko Watches,Exclusion and T&Cs apply. See website for full T&Cs.,https://t.cfjump.com/90610/o/147110,2026-02-27 00:00:00.000,2026-03-15 23:59:59.000
147114,2026-02-27 14:43:59.240,2026-02-27 14:48:34.413,81438,https://c.cfjump.com/Avatars/73c2652d-8a77-46a1-83d2-f98349e36627.png,Bevilles Jewellers,50% Off A Great Range Of Lab-Grown Diamond Rings,Exclusion and T&Cs apply. See website for full T&Cs.,https://t.cfjump.com/90610/o/147114,2026-02-27 00:00:00.000,2026-03-15 23:59:59.000
147116,2026-02-27 14:50:36.227,2026-02-27 14:50:36.227,81438,https://c.cfjump.com/Avatars/73c2652d-8a77-46a1-83d2-f98349e36627.png,Bevilles Jewellers,Up to 70% Off Hot Deals items,"Hot prices that won't last!
Whilst stock lasts. Exclusions and T&Cs Apply.",https://t.cfjump.com/90610/o/147116,2026-02-27 00:00:00.000,2026-03-15 23:59:59.000
127900,2024-08-15 19:55:37.787,2024-11-25 17:38:46.663,90254,https://c.cfjump.com/Avatars/3cd93739-c5e1-442c-9b47-c8c0ab145405.png,BLUETTI AU,Win Your 200 BLUETTI Bucks! Subscribe to our emails for updates on our latest innovations and exclusive coupons.,,https://t.cfjump.com/90610/o/127900,2024-08-15 00:00:00.000,
127901,2024-08-15 19:56:14.067,2024-08-15 19:56:14.067,90254,https://c.cfjump.com/Avatars/3cd93739-c5e1-442c-9b47-c8c0ab145405.png,BLUETTI AU,Afterpay Available,,https://t.cfjump.com/90610/o/127901,2024-08-15 00:00:00.000,
127903,2024-08-15 19:58:32.570,2024-08-15 19:58:32.570,90254,https://c.cfjump.com/Avatars/3cd93739-c5e1-442c-9b47-c8c0ab145405.png,BLUETTI AU,"AU Local Shipping, Fast, Free Shipping",,https://t.cfjump.com/90610/o/127903,2024-08-15 00:00:00.000,
127904,2024-08-15 19:59:23.303,2024-08-15 19:59:23.303,90254,https://c.cfjump.com/Avatars/3cd93739-c5e1-442c-9b47-c8c0ab145405.png,BLUETTI AU,Lifetime Customer Support,,https://t.cfjump.com/90610/o/127904,2024-08-15 00:00:00.000,
147204,2026-03-03 18:38:27.087,2026-03-03 18:38:27.087,90254,https://c.cfjump.com/Avatars/3cd93739-c5e1-442c-9b47-c8c0ab145405.png,BLUETTI AU,"⏰BLUETTI Elite 400 Coming Soon - 4 kWh Power, Moves Like Luggage",,https://t.cfjump.com/90610/o/147204,2026-03-03 00:00:00.000,2026-03-08 23:59:59.000
147253,2026-03-04 19:15:44.080,2026-03-04 19:15:44.080,90254,https://c.cfjump.com/Avatars/3cd93739-c5e1-442c-9b47-c8c0ab145405.png,BLUETTI AU,🔥BLUETTI AC180: $799 Historical Low + Extra 5% Off with Code AFF5OFF!,,https://t.cfjump.com/90610/o/147253,2026-03-04 00:00:00.000,2026-03-09 23:59:59.000
147205,2026-03-03 18:41:38.493,2026-03-03 18:42:53.243,90254,https://c.cfjump.com/Avatars/3cd93739-c5e1-442c-9b47-c8c0ab145405.png,BLUETTI AU,"BLUETTI Charger 2 - 1,200W Car + Solar Dual Charger | 🎉Extra 6% Off with AFFCharger2",No bidding on TM+,https://t.cfjump.com/90610/o/147205,2026-03-03 00:00:00.000,2026-03-31 23:59:59.000
140275,2025-07-15 09:19:03.250,2025-07-15 09:19:03.250,92245,https://c.cfjump.com/Avatars/da083d8c-bc41-4ed1-8d08-2ef13ae7eecf.png,Brooks NZ,Shop our Womens Shoes,,https://t.cfjump.com/90610/o/140275,2025-07-15 00:00:00.000,
140276,2025-07-15 09:19:20.000,2025-07-15 09:19:20.000,92245,https://c.cfjump.com/Avatars/da083d8c-bc41-4ed1-8d08-2ef13ae7eecf.png,Brooks NZ,Shop our Mens Shoes,,https://t.cfjump.com/90610/o/140276,2025-07-15 00:00:00.000,
140814,2025-08-06 09:07:39.763,2025-08-06 09:07:39.763,92245,https://c.cfjump.com/Avatars/da083d8c-bc41-4ed1-8d08-2ef13ae7eecf.png,Brooks NZ,Standard delivery FREE for orders over $150,,https://t.cfjump.com/90610/o/140814,2025-08-06 00:00:00.000,
140815,2025-08-06 09:08:50.233,2025-08-06 09:08:50.233,92245,https://c.cfjump.com/Avatars/da083d8c-bc41-4ed1-8d08-2ef13ae7eecf.png,Brooks NZ,Shop the all-time favourite soft and stable Ghost 16 on sale,,https://t.cfjump.com/90610/o/140815,2025-08-06 00:00:00.000,
140816,2025-08-06 09:09:53.403,2025-08-06 09:09:53.403,92245,https://c.cfjump.com/Avatars/da083d8c-bc41-4ed1-8d08-2ef13ae7eecf.png,Brooks NZ,Get your waterproof running shoes,,https://t.cfjump.com/90610/o/140816,2025-08-06 00:00:00.000,
108733,2023-04-04 10:17:42.073,2023-04-04 10:17:42.073,84419,https://c.cfjump.com/Avatars/84625a36-dddc-4502-97ae-75b88bb3a481.png,Brooks Running,Free Shipping on all orders above $50. Australia wide!,,https://t.cfjump.com/90610/o/108733,2023-04-04 00:00:00.000,
112325,2023-07-28 13:00:04.277,2023-07-28 13:00:04.277,84419,https://c.cfjump.com/Avatars/84625a36-dddc-4502-97ae-75b88bb3a481.png,Brooks Running,30% off BROOKS Jackets with code 'JACKETS',30% off all Full Price Jackets. Enter the code 'JACKETS' at checkout to activate the offer. Not valid in conjunction with other offers. ,https://t.cfjump.com/90610/o/112325,2023-07-28 00:00:00.000,
137273,2025-04-09 09:05:47.017,2025-04-09 09:05:47.017,91625,https://c.cfjump.com/Avatars/370904f5-ea52-4397-9023-63cfe8ec3ba6.png,BYOjet,Book your own unforgettable travel experiences,,https://t.cfjump.com/90610/o/137273,2025-04-09 00:00:00.000,
137274,2025-04-09 09:06:23.423,2025-04-09 09:06:23.423,91625,https://c.cfjump.com/Avatars/370904f5-ea52-4397-9023-63cfe8ec3ba6.png,BYOjet,Browse our Flight Deals,,https://t.cfjump.com/90610/o/137274,2025-04-09 00:00:00.000,
137564,2025-04-16 13:05:50.060,2025-04-16 13:05:50.060,91625,https://c.cfjump.com/Avatars/370904f5-ea52-4397-9023-63cfe8ec3ba6.png,BYOjet,Planning your next getaway? Find unbeatable deals on international and domestic flights,,https://t.cfjump.com/90610/o/137564,2025-04-16 00:00:00.000,
137565,2025-04-16 13:06:04.713,2025-04-16 13:06:04.713,91625,https://c.cfjump.com/Avatars/370904f5-ea52-4397-9023-63cfe8ec3ba6.png,BYOjet,Compare & Book Flights Worldwide with BYOjet,,https://t.cfjump.com/90610/o/137565,2025-04-16 00:00:00.000,
137566,2025-04-16 13:06:25.760,2025-04-16 13:06:25.760,91625,https://c.cfjump.com/Avatars/370904f5-ea52-4397-9023-63cfe8ec3ba6.png,BYOjet,Fly Further for Less with BYOjet,,https://t.cfjump.com/90610/o/137566,2025-04-16 00:00:00.000,
5976,2015-05-05 15:41:50.843,2015-05-05 15:41:50.843,21198,https://c.cfjump.com/Avatars/701cb532-cb0d-4ddd-bea9-3d589b812920.png,Camera House,Flat rate $9.95 Shipping Australia Wide!,,https://t.cfjump.com/90610/o/5976,2015-05-05 00:00:00.000,
134728,2025-02-04 10:28:17.723,2025-02-04 10:28:17.723,21198,https://c.cfjump.com/Avatars/701cb532-cb0d-4ddd-bea9-3d589b812920.png,Camera House,Free shipping over $99,,https://t.cfjump.com/90610/o/134728,2025-02-04 00:00:00.000,
146702,2026-02-10 20:10:21.690,2026-02-10 20:10:21.690,14574,https://c.cfjump.com/Avatars/1b3524be-62b8-408a-bb30-85d609379b25.png,Care You,Get Exclusive Deals When You Sign Up for our Newsletter!,,https://t.cfjump.com/90610/o/146702,2026-02-10 00:00:00.000,
146703,2026-02-10 20:10:56.737,2026-02-10 20:14:29.003,14574,https://c.cfjump.com/Avatars/1b3524be-62b8-408a-bb30-85d609379b25.png,Care You,Fast Shipping – Dispatch Within 24 Hours,"Delivery to Australia and New Zealand only.
We will ship your order within 24 hours after receiving your payment. We do not ship on Public Holidays.
See website for full T&Cs. 

",https://t.cfjump.com/90610/o/146703,2026-02-10 00:00:00.000,
95784,2022-04-21 15:45:09.103,2022-04-21 15:45:09.103,75880,https://c.cfjump.com/Avatars/12f9ff08-00c6-4409-9a7a-73e5d1d512c0.png,Casey's Toys,Casey's Toys - Our Famous Specials,,https://t.cfjump.com/90610/o/95784,2022-04-21 00:00:00.000,
114385,2023-09-04 10:39:59.617,2023-09-04 10:39:59.617,75880,https://c.cfjump.com/Avatars/12f9ff08-00c6-4409-9a7a-73e5d1d512c0.png,Casey's Toys,Lowest Price on Furby,"Head into Casey’s Toys for a dose of 90s nostalgia. Furby is back! And you’ll find him for the best price at Casey’s Toys.

The new Furby has quite the makeover, as cute as can be, with over 600 reactions and it’s own styling accessories too, it’s sure to be on every wish list for Christmas. Available online now.
",https://t.cfjump.com/90610/o/114385,2023-09-04 00:00:00.000,
125194,2024-05-13 18:15:08.913,2024-05-13 18:15:08.913,89551,https://c.cfjump.com/Avatars/42ffcc03-efe0-4c67-a139-96a19229db8d.png,CEMÔY,"LUMINOUS, YOUTHFUL-LOOKING EYES",,https://t.cfjump.com/90610/o/125194,2024-05-13 00:00:00.000,
125195,2024-05-13 18:15:33.100,2024-05-13 18:15:33.100,89551,https://c.cfjump.com/Avatars/42ffcc03-efe0-4c67-a139-96a19229db8d.png,CEMÔY,LUXURY SPF,,https://t.cfjump.com/90610/o/125195,2024-05-13 00:00:00.000,
125196,2024-05-13 18:16:01.507,2024-05-13 18:16:01.507,89551,https://c.cfjump.com/Avatars/42ffcc03-efe0-4c67-a139-96a19229db8d.png,CEMÔY,The Lumen Series,,https://t.cfjump.com/90610/o/125196,2024-05-13 00:00:00.000,
125197,2024-05-13 18:16:11.770,2024-05-13 18:16:11.770,89551,https://c.cfjump.com/Avatars/42ffcc03-efe0-4c67-a139-96a19229db8d.png,CEMÔY,Orbital Prestige Series,,https://t.cfjump.com/90610/o/125197,2024-05-13 00:00:00.000,
125198,2024-05-13 18:16:21.100,2024-05-13 18:16:21.100,89551,https://c.cfjump.com/Avatars/42ffcc03-efe0-4c67-a139-96a19229db8d.png,CEMÔY,Specialty Products,,https://t.cfjump.com/90610/o/125198,2024-05-13 00:00:00.000,
125199,2024-05-13 18:16:31.740,2024-05-13 18:16:31.740,89551,https://c.cfjump.com/Avatars/42ffcc03-efe0-4c67-a139-96a19229db8d.png,CEMÔY,21 Day Series,,https://t.cfjump.com/90610/o/125199,2024-05-13 00:00:00.000,
125200,2024-05-13 18:16:42.223,2024-05-13 18:16:42.223,89551,https://c.cfjump.com/Avatars/42ffcc03-efe0-4c67-a139-96a19229db8d.png,CEMÔY,Mask Collection,,https://t.cfjump.com/90610/o/125200,2024-05-13 00:00:00.000,
125201,2024-05-13 18:16:52.427,2024-05-13 18:16:52.427,89551,https://c.cfjump.com/Avatars/42ffcc03-efe0-4c67-a139-96a19229db8d.png,CEMÔY,Gift Kits,,https://t.cfjump.com/90610/o/125201,2024-05-13 00:00:00.000,
146689,2026-02-09 18:40:01.440,2026-02-09 18:40:01.440,59501,https://c.cfjump.com/Avatars/0e21d116-cfda-48cc-837b-fce3d853b17d.png,Cherub Baby Australia,Portable Bottle Warmer V2 - Clearance Sale,We’re running a clearance on this product with a generous discount designed to help you earn affiliate commissions effortlessly.,https://t.cfjump.com/90610/o/146689,2026-02-09 00:00:00.000,2026-03-31 23:59:59.000
35797,2017-12-18 19:49:24.317,2017-12-20 18:53:19.527,49287,https://c.cfjump.com/Avatars/5ec481f8-9c71-442f-9bf8-74a10603c379.png,ChicMe,Holiday sales 45% off sitewide ,No need to use promocode. There is no minimum order value. The promotion is available for all customers of the store.,https://t.cfjump.com/90610/o/35797,2017-12-18 00:00:00.000,
36105,2017-12-27 19:26:57.350,2017-12-27 19:26:57.350,49287,https://c.cfjump.com/Avatars/5ec481f8-9c71-442f-9bf8-74a10603c379.png,ChicMe,"perfect dress,upto 80% off ","dress,upto 80% off+Free shipping ",https://t.cfjump.com/90610/o/36105,2017-12-27 00:00:00.000,
46173,2018-08-28 16:42:30.130,2018-08-28 16:42:30.130,49287,https://c.cfjump.com/Avatars/5ec481f8-9c71-442f-9bf8-74a10603c379.png,ChicMe,"New Terms begins,Up to 55% off,Free Shipping","New Terms begins,Up to 55% off,Free Shipping,<link>Shop Now</link>!",https://t.cfjump.com/90610/o/46173,2018-08-28 00:00:00.000,
46327,2018-08-30 17:18:02.987,2018-08-30 17:18:02.987,49287,https://c.cfjump.com/Avatars/5ec481f8-9c71-442f-9bf8-74a10603c379.png,ChicMe,"Shining your evening,Up to 60% off,Shop Now!","Shining your evening,Up to 60% off,<link>Shop Now</link>!",https://t.cfjump.com/90610/o/46327,2018-08-30 00:00:00.000,
46529,2018-09-04 15:56:12.343,2018-09-04 15:56:12.343,49287,https://c.cfjump.com/Avatars/5ec481f8-9c71-442f-9bf8-74a10603c379.png,ChicMe,"Way to define the bottom,Up to 55% off,Shop Now!","Way to define the bottom,Up to 55% off+Free Shipping,<link>Shop Now</link>!",https://t.cfjump.com/90610/o/46529,2018-09-04 00:00:00.000,
46596,2018-09-05 17:24:45.553,2018-09-05 17:24:45.553,49287,https://c.cfjump.com/Avatars/5ec481f8-9c71-442f-9bf8-74a10603c379.png,ChicMe,"Way to define the top,Up to 55% off,Shop Now!","Way to define the top,Up to 55% off+Free Shipping,<link>Shop Now</link>!",https://t.cfjump.com/90610/o/46596,2018-09-05 00:00:00.000,
46847,2018-09-11 17:54:18.387,2018-09-11 17:54:18.387,49287,https://c.cfjump.com/Avatars/5ec481f8-9c71-442f-9bf8-74a10603c379.png,ChicMe,"Midi Dress Appealing,Up to 60% off,Shake your body","Midi Dress Appealing,Up to 60% off,Shake your body,<link>Shop Now</link>!",https://t.cfjump.com/90610/o/46847,2018-09-11 00:00:00.000,
46902,2018-09-12 19:12:30.593,2018-09-12 19:12:30.593,49287,https://c.cfjump.com/Avatars/5ec481f8-9c71-442f-9bf8-74a10603c379.png,ChicMe,"Choose Your Suitable Sets,Up to 60% off,Shop the Exclusive!","Choose Your Suitable Sets,Up to 60% off+Free Shipping,<link>Shop the Exclusive</link>!",https://t.cfjump.com/90610/o/46902,2018-09-12 00:00:00.000,
47143,2018-09-19 17:48:28.913,2018-09-19 17:48:28.913,49287,https://c.cfjump.com/Avatars/5ec481f8-9c71-442f-9bf8-74a10603c379.png,ChicMe,"Bring A Romantic Night For You,Up to 60% off,Shop Your Dress!","Bring A Romantic Night For You,From 50% off,Up to 60% off sitewide+Free Shipping,<link>Shop Your Dress</link>!",https://t.cfjump.com/90610/o/47143,2018-09-19 00:00:00.000,
47144,2018-09-19 17:50:51.183,2018-09-19 17:50:51.183,49287,https://c.cfjump.com/Avatars/5ec481f8-9c71-442f-9bf8-74a10603c379.png,ChicMe,"Shining Your Night,Up to 60% off,Shop the trendy!","Shining Your Night,From 50% off,Up to 60% off sitewide+Free Shipping,<link>Shop the trendy</link>!",https://t.cfjump.com/90610/o/47144,2018-09-19 00:00:00.000,
47657,2018-10-05 21:58:37.733,2018-10-05 22:01:36.897,49287,https://c.cfjump.com/Avatars/5ec481f8-9c71-442f-9bf8-74a10603c379.png,ChicMe,"Pick Up Your Autumn Style ,Up to 55% off，Shop the new!","Pick Up Your Autumn Style ,Up to 55% off+Free Shipping,<link>Shop the new</link>!",https://t.cfjump.com/90610/o/47657,2018-10-05 00:00:00.000,
50873,2018-12-17 21:20:16.620,2018-12-18 13:45:38.020,49287,https://c.cfjump.com/Avatars/5ec481f8-9c71-442f-9bf8-74a10603c379.png,ChicMe,TOP ALL UNDER $15.99,TOP ALL UNDER $15.99<link> shop now </link>,https://t.cfjump.com/90610/o/50873,2018-12-17 00:00:00.000,
50947,2018-12-18 13:51:50.097,2018-12-18 13:51:50.097,49287,https://c.cfjump.com/Avatars/5ec481f8-9c71-442f-9bf8-74a10603c379.png,ChicMe,DRESS ALL UNDER $15.99,"DRESS ALL UNDER $15.99,GREAT PRICE,<LINK>SHOP NOW </LINK>",https://t.cfjump.com/90610/o/50947,2018-12-18 00:00:00.000,
51432,2019-01-09 22:30:41.767,2019-01-09 22:30:41.767,49287,https://c.cfjump.com/Avatars/5ec481f8-9c71-442f-9bf8-74a10603c379.png,ChicMe,"PRINTED BLOUSE SALE,SITEWIDE 55% OFF,BEST DEAL,SURPEISE PRICE,BEST ITEM","PRINTED BLOUSE SALE,SITEWIDE 55% OFF,BEST DEAL,SURPEISE PRICE,BEST ITEM,<link>SHOP NOW</link>",https://t.cfjump.com/90610/o/51432,2019-01-09 00:00:00.000,
51468,2019-01-11 14:00:16.343,2019-01-11 14:00:16.343,49287,https://c.cfjump.com/Avatars/5ec481f8-9c71-442f-9bf8-74a10603c379.png,ChicMe,"NEW STYLES UP 60% OFF,BEST NEW PRODUCT,HURRY UP NOW","NEW STYLES UP 60% OFF,BEST NEW PRODUCT,HURRY UP,<LINK>SHOP NOW</LINK>",https://t.cfjump.com/90610/o/51468,2019-01-11 00:00:00.000,
51731,2019-01-22 21:56:43.617,2019-01-22 21:56:43.617,49287,https://c.cfjump.com/Avatars/5ec481f8-9c71-442f-9bf8-74a10603c379.png,ChicMe,"exclusive flash sale,up to 60% off","exclusive flash sale,up to 60% off,women best seller list,<link> shop now </link>",https://t.cfjump.com/90610/o/51731,2019-01-22 00:00:00.000,
52233,2019-02-09 13:25:13.173,2019-02-09 13:25:13.173,49287,https://c.cfjump.com/Avatars/5ec481f8-9c71-442f-9bf8-74a10603c379.png,ChicMe,"JUMPSUITS SALE,BEST SELLERS, SITEWIDE 55% OFF","JUMPSUITS SALE,BEST SELLERS,
SITEWIDE 55% OFF.<link> shop now </link>
",https://t.cfjump.com/90610/o/52233,2019-02-09 00:00:00.000,
52235,2019-02-09 13:30:55.850,2019-02-09 13:30:55.850,49287,https://c.cfjump.com/Avatars/5ec481f8-9c71-442f-9bf8-74a10603c379.png,ChicMe,"ship within 24hours in this collecton,MUST-BUY ITEM,","ship within 24hours in this collecton,MUST-BUY ITEM,<link> shop now </link>",https://t.cfjump.com/90610/o/52235,2019-02-09 00:00:00.000,
52890,2019-03-04 19:34:59.193,2019-03-04 19:34:59.193,49287,https://c.cfjump.com/Avatars/5ec481f8-9c71-442f-9bf8-74a10603c379.png,ChicMe,Exclusive PayPal Offer For Chicme,"Exclusive PayPal Offer,9 dollars off for 99 dollars,7 dollars for 79 dollars,4 dollars for 49 dollars,Fast Shipping worldwide,<link>Shop Now</link>!",https://t.cfjump.com/90610/o/52890,2019-03-04 00:00:00.000,
54243,2019-04-19 19:17:51.190,2019-04-19 19:18:23.050,49287,https://c.cfjump.com/Avatars/5ec481f8-9c71-442f-9bf8-74a10603c379.png,ChicMe,"Easter Big Sale Start,Extra 8% off Now,Join this Offer!","Easter Big Sale,Extra 8% off sitewide Based on Common Discount,Join this Offer Now,<LINK>Click Details</LINK>.",https://t.cfjump.com/90610/o/54243,2019-04-19 00:00:00.000,
54262,2019-04-22 18:22:58.683,2019-04-22 18:22:58.683,49287,https://c.cfjump.com/Avatars/5ec481f8-9c71-442f-9bf8-74a10603c379.png,ChicMe,"TOPS Wear Every Day Able,Get the Trend!","TOPS Wear Every Day Able,7% off $79,10% off $120,12% off $199,<LINK>Get the Trend</LINK>!",https://t.cfjump.com/90610/o/54262,2019-04-22 00:00:00.000,
54269,2019-04-22 20:47:34.423,2019-04-22 20:47:34.423,49287,https://c.cfjump.com/Avatars/5ec481f8-9c71-442f-9bf8-74a10603c379.png,ChicMe,"Dive In Styles,Low to $16.99,Pick Your Favorite!","Dive In Styles,Low to $16.99,58% off sitewide,<LINK>Pick Your Favorite</LINK>!",https://t.cfjump.com/90610/o/54269,2019-04-22 00:00:00.000,
54552,2019-05-03 18:40:45.677,2019-05-21 11:27:58.060,49287,https://c.cfjump.com/Avatars/5ec481f8-9c71-442f-9bf8-74a10603c379.png,ChicMe,"BUY 3 GET 1 FREE,DOWN TO $11.99,UP TO 62% OFF,WHY WAIT?","BUY 3 GET 1 FREE,DOWN TO $11.99,UP TO 62% OFF+FREE SHIPPING WORLDWIDE,<LINK>VIEW MORE</LINK>!",https://t.cfjump.com/90610/o/54552,2019-05-03 00:00:00.000,
54955,2019-05-20 17:18:36.403,2019-05-20 17:18:36.403,49287,https://c.cfjump.com/Avatars/5ec481f8-9c71-442f-9bf8-74a10603c379.png,ChicMe,"All Jumpsuit For Your Summer Wear,Down To US23.2 dollars,Up To 60% off Now","All Jumpsuit For Your Summer Wear,Down To US23.2 dollars,Up To 60% off Now,<link>View More</link>!",https://t.cfjump.com/90610/o/54955,2019-05-20 00:00:00.000,
54983,2019-05-21 12:32:55.963,2019-05-21 12:32:55.963,49287,https://c.cfjump.com/Avatars/5ec481f8-9c71-442f-9bf8-74a10603c379.png,ChicMe,"SHARE UP TO 50% OFF , GET $15,A BIG HIT FOR NEW MEMBER!","Share lucky draw with your friends who will get UP TO 50% OFF discount,And you'll get $15 when they make a purchase,the surprise for new customer,<link>View More</link>!",https://t.cfjump.com/90610/o/54983,2019-05-21 00:00:00.000,
55056,2019-05-22 15:35:57.200,2019-05-22 15:35:57.200,49287,https://c.cfjump.com/Avatars/5ec481f8-9c71-442f-9bf8-74a10603c379.png,ChicMe,"BUY 3 GET 1 FREE,Big Promotion Down To $11.99,UP TO 60% OFF,Update Your Wardrobe!","BUY 3 GET 1 FREE,Big Promotion Down To $11.99,UP TO 60% OFF,Update Your Wardrobe!Extra 10% off For New customer!<link>Shop Now</link>!",https://t.cfjump.com/90610/o/55056,2019-05-22 00:00:00.000,
55060,2019-05-22 18:32:48.520,2019-05-22 18:34:45.543,49287,https://c.cfjump.com/Avatars/5ec481f8-9c71-442f-9bf8-74a10603c379.png,ChicMe,"New Swimwear Appealing,Big Promotion Down To $17.99,UP TO 60% OFF,Discover More!","New Swimwear Appealing,Big Promotion Down To $17.99,UP TO 60% OFF,Free Shipping When Meet $59,Extra 10% off for New Customer!<link>Discover More</link>!",https://t.cfjump.com/90610/o/55060,2019-05-22 00:00:00.000,
55061,2019-05-22 18:37:24.080,2019-05-22 18:37:24.080,49287,https://c.cfjump.com/Avatars/5ec481f8-9c71-442f-9bf8-74a10603c379.png,ChicMe,"Casual Wearing Out Season,Start From $17.99,UP TO 65% OFF,View More!","Casual Wearing Out Season,Start From $17.99,UP TO 65% OFF,Free Shipping When Meet $59,Extra 10% off for New Customer!<link>View More</link>!",https://t.cfjump.com/90610/o/55061,2019-05-22 00:00:00.000,
55179,2019-05-28 11:19:15.087,2019-05-28 11:19:15.087,49287,https://c.cfjump.com/Avatars/5ec481f8-9c71-442f-9bf8-74a10603c379.png,ChicMe,"Holiday Specials Week,Start From $14.99,Extra 15% Off Bonus Sharing,Come And Buy!","Holiday Specials Week,Start From $14.99,Extra 15% Off Bonus Sharing,Come And <link>Buy</link>!",https://t.cfjump.com/90610/o/55179,2019-05-28 00:00:00.000,
55262,2019-05-29 17:24:27.630,2019-05-29 17:24:27.630,49287,https://c.cfjump.com/Avatars/5ec481f8-9c71-442f-9bf8-74a10603c379.png,ChicMe,"Pick Your Summer Gift,Swimwear Sale Start From US16.99 dollars,Up To 60% Off Sitewide,Meet Your Favorite!","Pick Your Summer Gift,Swimwear Sale Start From US16.99 dollars,Up To 60% Off Sitewide,Meet Your Favorite!<link>Shop Now</link>!",https://t.cfjump.com/90610/o/55262,2019-05-29 00:00:00.000,
55403,2019-06-04 16:49:35.760,2019-06-04 16:49:35.760,49287,https://c.cfjump.com/Avatars/5ec481f8-9c71-442f-9bf8-74a10603c379.png,ChicMe,"Office Style Gathering,Start At 21.99,Extra 15% Off For $59","Office Style Gathering,Start At $21.99,Extra 15% Off For $59+Free Shipping,<LINK>Shop Now</LINK>!",https://t.cfjump.com/90610/o/55403,2019-06-04 00:00:00.000,
55570,2019-06-11 17:07:32.503,2019-06-11 17:07:32.503,49287,https://c.cfjump.com/Avatars/5ec481f8-9c71-442f-9bf8-74a10603c379.png,ChicMe,"Best Sellers Of Tops,Start From $9.99,Join This Crazy Sale!","Best Sellers Of Tops,Start From $9.99+Free Shipping,Extra 15% Off For $59,Join This Crazy Sale!<LINK>SHOP LINK</LINK>!",https://t.cfjump.com/90610/o/55570,2019-06-11 00:00:00.000,
55945,2019-06-24 19:24:05.767,2019-06-24 19:24:05.767,49287,https://c.cfjump.com/Avatars/5ec481f8-9c71-442f-9bf8-74a10603c379.png,ChicMe,"For The Love Of New,Up To 60% Off Sitewide,Start At $15.99","For The Love Of New,Up To 60% Off Sitewide,Start At $15.99,Extra 7% For $79,10% Off For $120,12% Off For $199,<link>Shop Now</link>!",https://t.cfjump.com/90610/o/55945,2019-06-24 00:00:00.000,
56076,2019-07-01 18:42:17.123,2019-07-01 18:42:17.123,49287,https://c.cfjump.com/Avatars/5ec481f8-9c71-442f-9bf8-74a10603c379.png,ChicMe,"BUY 2 GET 15% OFF,Start At $15.99","BUY 2 GET 15% OFF,Start At $15.99+Free Shipping Worldwide,Up To 60% Off,<link>Shop Now</link>!",https://t.cfjump.com/90610/o/56076,2019-07-01 00:00:00.000,
56403,2019-07-15 17:21:40.217,2019-07-15 17:21:40.217,49287,https://c.cfjump.com/Avatars/5ec481f8-9c71-442f-9bf8-74a10603c379.png,ChicMe,"Simple Beauty,UP TO 60% OFF","Simple Beauty,UP TO 60% OFF,FREE SHIPPING ORDER OVER $59,$79+ 7% OFF, $120+ 10% OFF, $199+ 12% OFF,<LINK>Shop Now</LINK>!",https://t.cfjump.com/90610/o/56403,2019-07-15 00:00:00.000,
56404,2019-07-15 17:22:11.243,2019-07-15 17:22:11.243,49287,https://c.cfjump.com/Avatars/5ec481f8-9c71-442f-9bf8-74a10603c379.png,ChicMe,"Catch Your Eyes,From $15.99 TO $29.99","Catch Your Eyes,From $15.99 TO $29.99,55% Off sitewide,FREE SHIPPING ORDER OVER $59
$79+ 7% OFF, $120+ 10% OFF, $199+ 12% OFF,<LINK>Shop Now</LINK>!",https://t.cfjump.com/90610/o/56404,2019-07-15 00:00:00.000,
56405,2019-07-15 17:22:44.393,2019-07-15 17:22:44.393,49287,https://c.cfjump.com/Avatars/5ec481f8-9c71-442f-9bf8-74a10603c379.png,ChicMe,"Blue Rose For You,Up To 60% OFF","Blue Rose For You,Up To 60% OFF,FREE SHIPPING ORDER OVER $59,$79+ 7% OFF, $120+ 10% OFF, $199+ 12% OFF,<LINK>Shop Now</LINK>!",https://t.cfjump.com/90610/o/56405,2019-07-15 00:00:00.000,
57105,2019-08-06 13:06:35.633,2019-08-06 13:07:58.700,49287,https://c.cfjump.com/Avatars/5ec481f8-9c71-442f-9bf8-74a10603c379.png,ChicMe,"Getaway vibes,From $8.99,Up To 70% Off Now,Ready For Summer Vacation?","Getaway vibes,From $8.99,Up To 70% Off Now,7% Off $79,10% Off $120,12% Off $199,Ready For Summer Vacation?<link>Shop Now</link>!",https://t.cfjump.com/90610/o/57105,2019-08-06 00:00:00.000,
57106,2019-08-06 13:22:27.893,2019-08-06 13:22:27.893,49287,https://c.cfjump.com/Avatars/5ec481f8-9c71-442f-9bf8-74a10603c379.png,ChicMe,"Printed Shirts Affection,From $18.99,Up To 60% Off,Come And Buy!","Printed Shirts Affection,From $18.99,Up To 60% Off,$5 Off When Order Over $59,Come And <link>Buy</link>!
",https://t.cfjump.com/90610/o/57106,2019-08-06 00:00:00.000,
57107,2019-08-06 13:35:41.617,2019-08-06 13:35:41.617,49287,https://c.cfjump.com/Avatars/5ec481f8-9c71-442f-9bf8-74a10603c379.png,ChicMe,"Going In Lace Paradise,Start At $14.99,Meet Your Fantasy Dress!","Going In Lace Paradise,Start At $14.99,$5 Off When Order Over $59,Meet Your Fantasy Dress!<LINK>Shop Here</link>!
",https://t.cfjump.com/90610/o/57107,2019-08-06 00:00:00.000,
57108,2019-08-06 13:40:57.147,2019-08-06 13:41:28.617,49287,https://c.cfjump.com/Avatars/5ec481f8-9c71-442f-9bf8-74a10603c379.png,ChicMe,"Summer Maxi Dress Display,Extra 15% Off For $59 Order,Show Your Beauty!","Summer Maxi Dress Display,Extra 15% Off For $59 Order,Show Your Beauty!<LINK>Shop Here</link>!",https://t.cfjump.com/90610/o/57108,2019-08-06 00:00:00.000,
57109,2019-08-06 13:49:12.150,2019-08-06 13:49:12.150,49287,https://c.cfjump.com/Avatars/5ec481f8-9c71-442f-9bf8-74a10603c379.png,ChicMe,"Bright Color Matches With Bright Summer,Start At $14.99,Come And Choose!","Bright Color Matches With Bright Summer,Start At $14.99,Come And Choose!<link>Shop Now</link>!",https://t.cfjump.com/90610/o/57109,2019-08-06 00:00:00.000,
57731,2019-08-22 15:35:47.793,2019-08-22 15:35:47.793,49287,https://c.cfjump.com/Avatars/5ec481f8-9c71-442f-9bf8-74a10603c379.png,ChicMe,"Tops In The Early Fall,Up To 60% Off,Start At $16.99","Tops In The Early Fall,Up To 60% Off,Start At $16.99,Free Shipping Over $59,<link>Shop Now</link>!
",https://t.cfjump.com/90610/o/57731,2019-08-22 00:00:00.000,
57788,2019-08-26 11:36:50.930,2019-08-26 11:36:50.930,49287,https://c.cfjump.com/Avatars/5ec481f8-9c71-442f-9bf8-74a10603c379.png,ChicMe,Chicme 4th Anniversary!	,"Chicme 4th Anniversary,BUY 2 GET 10% OFF,BUY 3 GET 15% OFF,BUY 4 GET 20% OFF,Let us Celebrate It!<link>Shop Now</link>!",https://t.cfjump.com/90610/o/57788,2019-08-26 00:00:00.000,
57888,2019-08-28 15:25:39.193,2019-08-28 15:25:39.193,49287,https://c.cfjump.com/Avatars/5ec481f8-9c71-442f-9bf8-74a10603c379.png,ChicMe,Save Upwards Of 72% Sitewide+Buy 4 Get 20% Off,"Save Upwards Of 72% Sitewide+Buy 4 Get 20% Off,All Types Of Styles Gathering,Down To $9.99,Pick What You Like!<LINK>Click Here And Get Your Discount!</LINK>",https://t.cfjump.com/90610/o/57888,2019-08-28 00:00:00.000,
58010,2019-09-03 15:46:31.517,2019-09-03 15:46:31.517,49287,https://c.cfjump.com/Avatars/5ec481f8-9c71-442f-9bf8-74a10603c379.png,ChicMe,"Buy Any 2 Get Extra $5 Off,Save Up to 60% Off","How To Wear Today,Buy Any 2 Get Extra $5 Off,Start At $19.99,Save Up to 60% Off+Free Shipping,<link>Let's Shop</link>!",https://t.cfjump.com/90610/o/58010,2019-09-03 00:00:00.000,
58011,2019-09-03 15:46:59.177,2019-09-03 15:46:59.177,49287,https://c.cfjump.com/Avatars/5ec481f8-9c71-442f-9bf8-74a10603c379.png,ChicMe,"New Party Wear Trending,Buy 2 Get 10% OFF","New Party Wear Trending,Buy 2 Get 10% OFF,Free Shipping Over $59,<LINK>Let's Shop</LINK>!
",https://t.cfjump.com/90610/o/58011,2019-09-03 00:00:00.000,
58012,2019-09-03 15:47:33.930,2019-09-03 15:47:33.930,49287,https://c.cfjump.com/Avatars/5ec481f8-9c71-442f-9bf8-74a10603c379.png,ChicMe,"From $9.99, Tops Hot on Sale,Save Up To 72% Off","From $9.99, Tops Hot on Sale,Save Up To 72% Off,Pre-autumn Sales Starting,<LINK>Shop At Chicme.com</LINK>!
",https://t.cfjump.com/90610/o/58012,2019-09-03 00:00:00.000,
58013,2019-09-03 15:49:22.723,2019-09-03 15:49:22.723,49287,https://c.cfjump.com/Avatars/5ec481f8-9c71-442f-9bf8-74a10603c379.png,ChicMe,We are ready for fall!Buy 3 Get 15% Off+Free Shipping,"We are ready for fall,Buy 2 Get 10% OFF,Buy 3 Get 15% OFF,Free Shipping Over $59,<LINK>Shop At Chicme.com</LINK>!",https://t.cfjump.com/90610/o/58013,2019-09-03 00:00:00.000,
58072,2019-09-04 19:40:31.637,2019-09-04 19:40:31.637,49287,https://c.cfjump.com/Avatars/5ec481f8-9c71-442f-9bf8-74a10603c379.png,ChicMe,"Closet Classics,BUY 3 GET 15% OFF,From $16.99+Free Shipping Over $59","Closet Classics,BUY 3 GET 15% OFF,From $16.99+Free Shipping Over $59,<link>Shop At Chicme.com</link>!",https://t.cfjump.com/90610/o/58072,2019-09-04 00:00:00.000,
58211,2019-09-10 16:43:51.923,2019-09-10 16:43:51.923,49287,https://c.cfjump.com/Avatars/5ec481f8-9c71-442f-9bf8-74a10603c379.png,ChicMe,"FALL DENIM TRENDS,BUY 2 GET 10% OFF,BUY 3 GET 15% OFF","FALL DENIM TRENDS,BUY 2 GET 10% OFF,BUY 3 GET 15% OFF,Free Shipping Over $59,<LINK>SHOP NOW</LINK>!
",https://t.cfjump.com/90610/o/58211,2019-09-10 00:00:00.000,
58238,2019-09-11 18:06:41.920,2019-09-11 18:06:41.920,49287,https://c.cfjump.com/Avatars/5ec481f8-9c71-442f-9bf8-74a10603c379.png,ChicMe,"Cozy in Warm Feeling,BUY 2 GET 10% OFF,BUY 3 GET 15% OFF","Cozy in Warm Feeling,BUY 2 GET 10% OFF,BUY 3 GET 15% OFF,Free Shipping Over $59,<LINK>Shop At Chicme.com</LINK>!",https://t.cfjump.com/90610/o/58238,2019-09-11 00:00:00.000,
58239,2019-09-11 19:09:03.463,2019-09-11 19:09:03.463,49287,https://c.cfjump.com/Avatars/5ec481f8-9c71-442f-9bf8-74a10603c379.png,ChicMe,"Bright Sequin Show,Up To 60% Off,Buy 3 Get 15% Off,Free Shipping Over $59","Bright Sequin Show,Up To 60% Off,Buy 3 Get 15% Off,Free Shipping Over $59,<LINK>Shop At Chicme.com</LINK>!
",https://t.cfjump.com/90610/o/58239,2019-09-11 00:00:00.000,
58240,2019-09-11 19:09:28.213,2019-09-11 19:09:28.213,49287,https://c.cfjump.com/Avatars/5ec481f8-9c71-442f-9bf8-74a10603c379.png,ChicMe,"Cozy in Warm Feeling,BUY 2 GET 10% OFF,BUY 3 GET 15% OFF","Cozy in Warm Feeling,BUY 2 GET 10% OFF,BUY 3 GET 15% OFF,Free Shipping Over $59,<LINK>Shop At Chicme.com</LINK>!",https://t.cfjump.com/90610/o/58240,2019-09-11 00:00:00.000,
58241,2019-09-11 19:09:53.170,2019-09-11 19:09:53.170,49287,https://c.cfjump.com/Avatars/5ec481f8-9c71-442f-9bf8-74a10603c379.png,ChicMe,"Temperature Falling Down,BUY 2 GET 10% OFF,BUY 3 GET 15% OFF","Temperature Falling Down,BUY 2 GET 10% OFF,BUY 3 GET 15% OFF,Free Shipping Over $59,<LINK>Shop At Chicme.com</LINK>!",https://t.cfjump.com/90610/o/58241,2019-09-11 00:00:00.000,
58320,2019-09-13 21:55:13.583,2019-09-13 21:55:13.583,49287,https://c.cfjump.com/Avatars/5ec481f8-9c71-442f-9bf8-74a10603c379.png,ChicMe,"NEW SEASON STYLE,BUY 2 GET 10% OFF,BUY 3 GET 15% OFF","NEW SEASON STYLE,BUY 2 GET 10% OFF,(CODE:FW10),BUY 3 GET 15% OFF,(CODE:FW15)<LINK>SHOP AT CHICME.COM</LINK>!",https://t.cfjump.com/90610/o/58320,2019-09-13 00:00:00.000,
58418,2019-09-17 17:48:12.233,2019-09-17 17:48:30.500,49287,https://c.cfjump.com/Avatars/5ec481f8-9c71-442f-9bf8-74a10603c379.png,ChicMe,"2019 AUTUMN POPULAR,UP TO 60% OFF,MEET YOUR FAVORITE!","2019 AUTUMN POPULAR,UP TO 60% OFF,MEET YOUR FAVORITE!<LINK>SHOP AT CHICME.COM</LINK>!",https://t.cfjump.com/90610/o/58418,2019-09-17 00:00:00.000,
58440,2019-09-18 20:23:22.883,2019-09-18 20:23:22.883,49287,https://c.cfjump.com/Avatars/5ec481f8-9c71-442f-9bf8-74a10603c379.png,ChicMe,"Your 2019'S Sexy Secret Weapon,Up To 80% Off,Buy 2 Get 10% OFF,Buy 3 Get 15% OFF","Your 2019'S Sexy Secret Weapon,Up To 80% Off,Buy 2 Get 10% OFF,Buy 3 Get 15% OFF,Free Shipping For Orders Over $59,<link>Shop At Chicme</link>!",https://t.cfjump.com/90610/o/58440,2019-09-18 00:00:00.000,
58689,2019-09-24 19:22:01.613,2019-09-24 19:22:01.613,49287,https://c.cfjump.com/Avatars/5ec481f8-9c71-442f-9bf8-74a10603c379.png,ChicMe,"NEW SEASON NEW SALE, BUY 3 GET 15% OFF,","NEW SEASON NEW SALE, BUY 3 GET 15% OFF, BUY 2 GET 10% OFF SITEWIDE<link> shop now </link>",https://t.cfjump.com/90610/o/58689,2019-09-24 00:00:00.000,
58777,2019-09-29 01:38:24.490,2019-09-29 01:38:24.503,49287,https://c.cfjump.com/Avatars/5ec481f8-9c71-442f-9bf8-74a10603c379.png,ChicMe,"All Kinds Of Dress Shine Your Night,Extra 15% Off Sitewide","All Kinds Of Dress Shine Your Night,Extra 15% Off Sitewide+Free Shipping Over $59,<link>Shop At Chicme.com</link>!
",https://t.cfjump.com/90610/o/58777,2019-09-29 00:00:00.000,
58778,2019-09-29 01:38:53.317,2019-09-29 01:38:53.317,49287,https://c.cfjump.com/Avatars/5ec481f8-9c71-442f-9bf8-74a10603c379.png,ChicMe,"New Drop of Sept,Up To 80% Off,Buy 3 Get 15% Off","New Drop of Sept,Up To 80% Off,Buy 3 Get 15% Off+Free Shipping Over $59,<link>Shop At Chicme.com</link>!",https://t.cfjump.com/90610/o/58778,2019-09-29 00:00:00.000,
58779,2019-09-29 16:43:58.583,2019-09-29 16:43:58.583,49287,https://c.cfjump.com/Avatars/5ec481f8-9c71-442f-9bf8-74a10603c379.png,ChicMe,"New Arrivals In Oct,Start From $15.99,Up To 60% Off,Buy 4 Get 20% Off","New Arrivals In Oct,Start From $15.99,Up To 60% Off,Buy 4 Get 20% Off+Free Shipping Sitewide,<link>Shop At Chicme</link>,More Discounts Happened Anywhere!",https://t.cfjump.com/90610/o/58779,2019-09-29 00:00:00.000,
58934,2019-10-04 15:27:11.740,2019-10-04 15:27:11.740,49287,https://c.cfjump.com/Avatars/5ec481f8-9c71-442f-9bf8-74a10603c379.png,ChicMe,"It's Fall Baby,Find New Discount Drops At Chicme","It's Fall Baby,Find New Discount Drops At Chicme.com,BUY 3 GET 15% OFF,BUY 2 GET 10% OFF,<LINK>SHOP HERE</LINK>!
",https://t.cfjump.com/90610/o/58934,2019-10-04 00:00:00.000,
59004,2019-10-09 16:45:21.633,2019-10-09 16:45:21.633,49287,https://c.cfjump.com/Avatars/5ec481f8-9c71-442f-9bf8-74a10603c379.png,ChicMe,"2019 Jumpsuits Trendy For You,BUY 3 GET 15% OFF","2019 Jumpsuits Trendy For You,BUY 3 GET 15% OFF+Free Shipping Over The World,<link>Shop Chicme Now</link>!",https://t.cfjump.com/90610/o/59004,2019-10-09 00:00:00.000,
59005,2019-10-09 16:46:06.773,2019-10-09 16:46:06.773,49287,https://c.cfjump.com/Avatars/5ec481f8-9c71-442f-9bf8-74a10603c379.png,ChicMe,"Get Your Party Wear,Start At $18.99,Up To 65% Off,BUY 4 GET 20% OFF","Get Your Party Wear,Start At $18.99,Up To 65% Off,BUY 4 GET 20% OFF+Free Shipping Over The World,<link>Shop Chicme Now</link>!
",https://t.cfjump.com/90610/o/59005,2019-10-09 00:00:00.000,
59027,2019-10-10 17:51:49.863,2019-10-10 17:51:49.863,49287,https://c.cfjump.com/Avatars/5ec481f8-9c71-442f-9bf8-74a10603c379.png,ChicMe,"Pants Revolution,Buy 2 Get 10% Off,Buy 3 Get 15% Off","Pants Revolution,Buy 2 Get 10% Off,Buy 3 Get 15% Off+Free Shipping Over $59,<link>Shop At Chicme</link>!",https://t.cfjump.com/90610/o/59027,2019-10-10 00:00:00.000,
59054,2019-10-11 19:33:10.937,2019-10-11 19:33:10.937,49287,https://c.cfjump.com/Avatars/5ec481f8-9c71-442f-9bf8-74a10603c379.png,ChicMe,"Cocktail O'Clock,Buy 3 Get 12% Off,Buy 4 Get 15% Off","Cocktail O'Clock,Buy 2 Get 10% Off,Buy 3 Get 12% Off,Buy 4 Get 15% Off+Free Shipping Over $59,<link>Shop On Chicme</link>!",https://t.cfjump.com/90610/o/59054,2019-10-11 00:00:00.000,
59238,2019-10-15 17:23:32.230,2019-10-15 17:23:32.230,49287,https://c.cfjump.com/Avatars/5ec481f8-9c71-442f-9bf8-74a10603c379.png,ChicMe,"2019 Halloween Sale,Cheer You Up Now!","2019 Halloween Sale,Cheer You Up Now,BUY 2 GET 10% OFF,CODE:HLW10,BUY 3 GET 15% OFF,CODE:HLW15,<LINK>SHOP AT CHICME</LINK>!MORE DISCOUNTS HAPPENED EVERYWHERE!",https://t.cfjump.com/90610/o/59238,2019-10-15 00:00:00.000,
59267,2019-10-16 17:37:07.163,2019-10-16 17:37:07.163,49287,https://c.cfjump.com/Avatars/5ec481f8-9c71-442f-9bf8-74a10603c379.png,ChicMe,Bright Sequins Dress Shining Your Halloween!,"Bright Sequins Dress Shining Your Halloween!UP TO 60% OFF,BUY 2 GET 10% OFF,BUY 3 GET 15% OFF,FREE SHIPPING OVER $59,<LINK>SHOP AT CHICME.COM</LINK>!",https://t.cfjump.com/90610/o/59267,2019-10-16 00:00:00.000,
59328,2019-10-17 20:43:50.723,2019-10-17 20:43:50.723,49287,https://c.cfjump.com/Avatars/5ec481f8-9c71-442f-9bf8-74a10603c379.png,ChicMe,Paypal Discount For You,"Paypal Discount For You,BUY 2 GET 10% OFF,BUY 3 GET 15% OFF,<LINK>SHOP NOW</LINK>!",https://t.cfjump.com/90610/o/59328,2019-10-17 00:00:00.000,
59660,2019-10-29 17:54:25.533,2019-10-29 17:54:25.533,49287,https://c.cfjump.com/Avatars/5ec481f8-9c71-442f-9bf8-74a10603c379.png,ChicMe,"Fall In Love With Red,Buy 2 Get 10% Off,By 3 Get 15% Off,Down To $18.99","Fall In Love With Red,Buy 2 Get 10% Off,Buy 3 Get 15% Off,Down To $18.99,Save Up To 60% Off,Refresh Your Wardrobe With Bright Colors!More Details Please Visit <LINK>Chicme.com</LINK>.",https://t.cfjump.com/90610/o/59660,2019-10-29 00:00:00.000,
59661,2019-10-29 17:55:11.443,2019-10-29 17:55:11.443,49287,https://c.cfjump.com/Avatars/5ec481f8-9c71-442f-9bf8-74a10603c379.png,ChicMe,"Prepare Your Excellent Coat For Your 2019 Autumn,Buy 2 Get 10% Off,Buy 3 Get 15% Off","Last Remind!Prepare Your Excellent Coat For Your 2019 Autumn,Buy 2 Get 10% Off,Buy 3 Get 15% Off,Save Up To $40 For You.Grab The Deals On <LINK>Chicme.com</LINK>!
",https://t.cfjump.com/90610/o/59661,2019-10-29 00:00:00.000,
59662,2019-10-29 17:56:11.320,2019-10-29 17:56:11.320,49287,https://c.cfjump.com/Avatars/5ec481f8-9c71-442f-9bf8-74a10603c379.png,ChicMe,"Try Leopard Print,Inspired Your Fashion Style!Now From $14.99,Save Up To $40 Off For You,Buy 3 Get 15% Off","Bored With Your Looking?Try Leopard Print,Inspired Your Fashion Style!Now From $14.99,Save Up To $40 Off For You,Buy 3 Get 15% Off,Go Ahead To Pick It!More Details You Can Visit <LINK>Chicme.com</LINK>.
",https://t.cfjump.com/90610/o/59662,2019-10-29 00:00:00.000,
59663,2019-10-29 17:57:15.350,2019-10-29 17:57:15.350,49287,https://c.cfjump.com/Avatars/5ec481f8-9c71-442f-9bf8-74a10603c379.png,ChicMe,"Look How Professional You Are!Down To $19.99,Save Up To 57% Off For You","Look How Professional You Are!Down To $19.99,Save Up To 57% Off For You,Extra $40 Off For $249+,Don't Miss It Out!More Details Please Visit <LINK>Chicme.com</LINK>.",https://t.cfjump.com/90610/o/59663,2019-10-29 00:00:00.000,
59771,2019-11-02 00:47:24.457,2019-11-02 00:47:24.457,49287,https://c.cfjump.com/Avatars/5ec481f8-9c71-442f-9bf8-74a10603c379.png,ChicMe,"Flash Deals On Chicme,Big Clearance Start At $4.99,Up To 88% Off Sitewide","Flash Deals On Chicme,Big Clearance Start At $4.99,Up To 88% Off Sitewide,Buy 2 Get 10% Off,Buy 3 Get 15% Off,<link>Shop Now</link>!",https://t.cfjump.com/90610/o/59771,2019-11-02 00:00:00.000,
81936,2021-05-31 17:33:50.807,2021-05-31 17:33:50.807,49287,https://c.cfjump.com/Avatars/5ec481f8-9c71-442f-9bf8-74a10603c379.png,ChicMe,"2021 Blowout Sale,UP TO 90% Off,Shop Now!","2021 Blowout Sale,UP TO 90% Off,Shop Now!",https://t.cfjump.com/90610/o/81936,2021-05-31 00:00:00.000,
83619,2021-07-16 18:31:11.653,2021-07-16 18:39:11.560,49287,https://c.cfjump.com/Avatars/5ec481f8-9c71-442f-9bf8-74a10603c379.png,ChicMe,"Summer's Last Splash,UP TO 80% OFF,15% OFF For US$29","Summer's Last Splash,UP TO 80% OFF,15% OFF For Orders Over US$29,20% Off For Orders Over US$89,25% Off For Orders Over US$129,Shop Now!",https://t.cfjump.com/90610/o/83619,2021-07-16 00:00:00.000,
84181,2021-08-04 22:21:08.403,2021-08-04 22:21:08.403,49287,https://c.cfjump.com/Avatars/5ec481f8-9c71-442f-9bf8-74a10603c379.png,ChicMe,"Chicme 6th Anniversary Sale,UP TO 80% OFF,Rock The Gift IPHONE 12 PRO MAX	","Chicme 6th Anniversary Sale,UP TO 80% OFF,Rock The Gift IPHONE 12 PRO MAX,US$5 OFF On Orders $59,20% OFF On Orders $69+,30% Off On Orders $129+,WIN US$50 WORTH OF POINTS,SHOP NOW!",https://t.cfjump.com/90610/o/84181,2021-08-04 00:00:00.000,
84689,2021-08-20 19:20:27.683,2021-08-20 19:20:27.683,49287,https://c.cfjump.com/Avatars/5ec481f8-9c71-442f-9bf8-74a10603c379.png,ChicMe,"Just In New Arrivals to Fall For,Buy 2 Get 3rd 40% Off,Buy 3 Get 4th 70% Off,Buy 5th Get 6th 90% Off,Pick Your Style!","Just In New Arrivals to Fall For,Buy 2 Get 3rd 40% Off,Buy 3 Get 4th 70% Off,Buy 5th Get 6th 90% Off,Pick Your Style!",https://t.cfjump.com/90610/o/84689,2021-08-20 00:00:00.000,
84856,2021-08-27 16:53:31.073,2021-08-27 16:53:31.073,49287,https://c.cfjump.com/Avatars/5ec481f8-9c71-442f-9bf8-74a10603c379.png,ChicMe,"First Warm Hug in Sep.,Sitewide 10% Off,Buy 3 Get 20% Off,Buy 5 Get 25% Off,Shop Now!	","First Warm Hug in Sep.,Sitewide 10% Off,Buy 3 Get 20% Off,Buy 5 Get 25% Off,Shop Now!",https://t.cfjump.com/90610/o/84856,2021-08-27 00:00:00.000,
84857,2021-08-27 16:53:52.467,2021-08-27 16:53:52.467,49287,https://c.cfjump.com/Avatars/5ec481f8-9c71-442f-9bf8-74a10603c379.png,ChicMe,"Chicme Paypal Promotion,Extra $7 Off Over $79","Chicme Paypal Promotion,Extra $7 Off Over $79",https://t.cfjump.com/90610/o/84857,2021-08-27 00:00:00.000,
86556,2021-10-14 12:46:01.037,2021-10-14 12:46:01.037,49287,https://c.cfjump.com/Avatars/5ec481f8-9c71-442f-9bf8-74a10603c379.png,ChicMe,"2021 Chicme October Edition,Free Shipping Order Over $39,Shop Now!","2021 Chicme October Edition,Free Shipping Order Over $39,Shop Now!",https://t.cfjump.com/90610/o/86556,2021-10-14 00:00:00.000,
87142,2021-10-27 18:06:51.150,2021-10-27 18:06:51.150,49287,https://c.cfjump.com/Avatars/5ec481f8-9c71-442f-9bf8-74a10603c379.png,ChicMe,"Chicme Halloween Sale,BUY 1 GET 1 FREE","Chicme Halloween Sale,BUY 1 GET 1 FREE,10% Off On Orders $69+,15% Off On Orders $99+,20% Off On Order $159+,ShopNow!",https://t.cfjump.com/90610/o/87142,2021-10-27 00:00:00.000,
87143,2021-10-27 18:07:17.447,2021-10-27 18:07:17.447,49287,https://c.cfjump.com/Avatars/5ec481f8-9c71-442f-9bf8-74a10603c379.png,ChicMe,"FW SUPER SALE,UP TO 50% OFF EVERYTHING","FW SUPER SALE,UP TO 50% OFF EVERYTHING,Shop Now!",https://t.cfjump.com/90610/o/87143,2021-10-27 00:00:00.000,
87144,2021-10-27 18:07:39.383,2021-10-27 18:07:39.383,49287,https://c.cfjump.com/Avatars/5ec481f8-9c71-442f-9bf8-74a10603c379.png,ChicMe,"Christmas Day pre-sale,seek more styles!	","Christmas Day pre-sale,seek more styles!	",https://t.cfjump.com/90610/o/87144,2021-10-27 00:00:00.000,
87508,2021-11-03 17:56:38.547,2021-11-03 17:56:38.547,49287,https://c.cfjump.com/Avatars/5ec481f8-9c71-442f-9bf8-74a10603c379.png,ChicMe,"11.11 Shopping Carnival Sale,BUY 1 GET 1 FREE	","11.11 Shopping Carnival Sale,BUY 1 GET 1 FREE,ALL IN US$11.11,Shop Now!",https://t.cfjump.com/90610/o/87508,2021-11-03 00:00:00.000,
89236,2021-11-24 19:39:21.563,2021-11-24 19:39:21.563,49287,https://c.cfjump.com/Avatars/5ec481f8-9c71-442f-9bf8-74a10603c379.png,ChicMe,"Chicme Beauty Latest Collection,Price Low To $1.85,25% OFF EVERYTHING,Explore it！","Chicme Beauty Latest Collection,Price Low To $1.85,25% OFF EVERYTHING,explore your fav!",https://t.cfjump.com/90610/o/89236,2021-11-24 00:00:00.000,
89259,2021-11-25 14:34:47.933,2021-11-25 14:34:47.933,49287,https://c.cfjump.com/Avatars/5ec481f8-9c71-442f-9bf8-74a10603c379.png,ChicMe,"Black Friday Sale,30% Off Sitewide,40% Off On Orders US$99+,45% Off On Orders US$199+,Shop Now!","Black Friday Sale,30% Off Sitewide,40% Off On Orders US$99+,45% Off On Orders US$199+,Shop Now!",https://t.cfjump.com/90610/o/89259,2021-11-25 00:00:00.000,
89268,2021-11-25 16:05:39.643,2021-11-25 16:05:39.643,49287,https://c.cfjump.com/Avatars/5ec481f8-9c71-442f-9bf8-74a10603c379.png,ChicMe,"Black Friday Sale,30% Off Sitewide,40% Off On Orders US$99+,45% Off On Orders US$199+,Shop Now!","Black Friday Sale,30% Off Sitewide,40% Off On Orders US$99+,45% Off On Orders US$199+,Shop Now!",https://t.cfjump.com/90610/o/89268,2021-11-25 00:00:00.000,
89364,2021-11-27 21:36:10.653,2021-11-27 21:36:10.653,49287,https://c.cfjump.com/Avatars/5ec481f8-9c71-442f-9bf8-74a10603c379.png,ChicMe,CYBER MONDAY UP TO 90% OFF SITEWIDE,"CYBER MONDAY UP TO 90% OFF SITEWIDE,BUY 3 GET 35% OFF,BUY 5 GET 40% OFF,BUY 8 GET 45% OFF,SHOP NOW!",https://t.cfjump.com/90610/o/89364,2021-11-27 00:00:00.000,
89834,2021-12-08 16:13:49.007,2021-12-08 16:13:49.007,49287,https://c.cfjump.com/Avatars/5ec481f8-9c71-442f-9bf8-74a10603c379.png,ChicMe,"Get Your Christmas Gift,UP TO 80% OFF,BUY 3 GET 35% OFF,BUY 6 GET 40% OFF,Shop Now!","Get Your Christmas Gift,UP TO 80% OFF,BUY 3 GET 35% OFF,BUY 6 GET 40% OFF,Shop Now!",https://t.cfjump.com/90610/o/89834,2021-12-08 00:00:00.000,
90437,2021-12-14 16:58:02.307,2021-12-14 16:58:02.307,49287,https://c.cfjump.com/Avatars/5ec481f8-9c71-442f-9bf8-74a10603c379.png,ChicMe,"Explore Chicme Latest Beauty,Low to US1.85 dollars,Shop Now!","Explore Chicme Latest Beauty,Low to US1.85 dollars,Shop Now!",https://t.cfjump.com/90610/o/90437,2021-12-14 00:00:00.000,
91017,2021-12-22 17:59:59.400,2021-12-22 17:59:59.400,49287,https://c.cfjump.com/Avatars/5ec481f8-9c71-442f-9bf8-74a10603c379.png,ChicMe,"Merry Christmas,30% Off Sitewide,35% off On Orders $79+,40% Off On Orders $169+,Shop Now!	","Merry Christmas,30% Off Sitewide,35% off On Orders $79+,40% Off On Orders $169+,Shop Now!	",https://t.cfjump.com/90610/o/91017,2021-12-22 00:00:00.000,
91234,2022-01-04 18:10:34.007,2022-01-04 18:10:34.007,49287,https://c.cfjump.com/Avatars/5ec481f8-9c71-442f-9bf8-74a10603c379.png,ChicMe,"HAPPY NEW YEAR 2022,sitewide 30% Off,40% Off On Orders US$159+","HAPPY NEW YEAR 2022,sitewide 30% Off,40% Off On Orders US$159+,SHOP NOW!",https://t.cfjump.com/90610/o/91234,2022-01-04 00:00:00.000,
92057,2022-01-29 20:03:45.753,2022-01-29 20:03:45.753,49287,https://c.cfjump.com/Avatars/5ec481f8-9c71-442f-9bf8-74a10603c379.png,ChicMe,"End Of Season Sale,UP TO 85% OFF,SHOP NOW!","End Of Season Sale,UP TO 85% OFF,SHOP NOW!",https://t.cfjump.com/90610/o/92057,2022-01-29 00:00:00.000,
92746,2022-02-16 16:46:08.587,2022-02-16 16:46:08.587,49287,https://c.cfjump.com/Avatars/5ec481f8-9c71-442f-9bf8-74a10603c379.png,ChicMe,"Spring Sale,10% OFF ON Orders US$39+,20% OFF ON Orders Orders US$79+,25% OFF ON Orders US$169+,Shop now!","Spring Sale,10% OFF ON Orders US$39+,20% OFF ON Orders Orders US$79+,25% OFF ON Orders US$169+,Shop now!",https://t.cfjump.com/90610/o/92746,2022-02-16 00:00:00.000,
117348,2023-11-14 18:53:16.197,2023-11-14 18:54:12.807,49287,https://c.cfjump.com/Avatars/5ec481f8-9c71-442f-9bf8-74a10603c379.png,ChicMe,BLACK FRIDAY SALE Up To 85% OFF ,,https://t.cfjump.com/90610/o/117348,2023-11-14 00:00:00.000,
135561,2025-02-26 19:38:39.517,2025-02-26 19:38:39.517,91289,https://c.cfjump.com/Avatars/629c27f2-d406-438b-8fd0-ac89016c3b45.png,Chief Nutrition,Stop Eating Junk - Shop Extraordinarily Clean Snacks and Supplements ,,https://t.cfjump.com/90610/o/135561,2025-02-26 00:00:00.000,
135959,2025-03-05 12:34:30.073,2025-03-05 12:34:30.073,91289,https://c.cfjump.com/Avatars/629c27f2-d406-438b-8fd0-ac89016c3b45.png,Chief Nutrition,"Health is your most valuable asset, feed your body right",,https://t.cfjump.com/90610/o/135959,2025-03-05 00:00:00.000,
135960,2025-03-05 12:34:54.763,2025-03-05 12:38:13.560,91289,https://c.cfjump.com/Avatars/629c27f2-d406-438b-8fd0-ac89016c3b45.png,Chief Nutrition,Free standard shipping for subscriptions or orders >$99 in Australia,,https://t.cfjump.com/90610/o/135960,2025-03-05 00:00:00.000,
135961,2025-03-05 12:36:01.027,2025-03-05 12:36:01.027,91289,https://c.cfjump.com/Avatars/629c27f2-d406-438b-8fd0-ac89016c3b45.png,Chief Nutrition,"Sign up and get access to special offers, nutrition education, recipes and more. Unsubscribe at any time.",,https://t.cfjump.com/90610/o/135961,2025-03-05 00:00:00.000,
135962,2025-03-05 12:37:01.450,2025-03-05 12:37:01.450,91289,https://c.cfjump.com/Avatars/629c27f2-d406-438b-8fd0-ac89016c3b45.png,Chief Nutrition,100% Happiness Guarantee,"If you're not happy with your order please contact us so we can make it right! We provide an unconditional return policy on all our products within 90 days so if for any reason you're not completely satisfied, we will happily offer a free replacement or full refund. This also applies if you ordered something you don't want anymore.",https://t.cfjump.com/90610/o/135962,2025-03-05 00:00:00.000,
110769,2023-06-05 14:36:01.773,2025-11-19 17:27:03.533,61332,https://c.cfjump.com/Avatars/075fec7c-43d1-4793-8bc4-65d63f29e9bf.png,Chow Sang Sang Jewellery,"【首次購物優惠】登入周生生網店並購物每滿HK$3,500，於結帳時輸入優惠碼FTV100EA，即可獲贈HK$100的額外折扣。","【首次購物優惠】登入周生生網店並購物每滿HK$3,500，於結帳時輸入優惠碼FTV100EA，即可獲贈HK$100的額外折扣。",https://t.cfjump.com/90610/o/110769,2023-06-05 00:00:00.000,
110770,2023-06-05 14:36:22.960,2025-11-19 17:26:32.363,61332,https://c.cfjump.com/Avatars/075fec7c-43d1-4793-8bc4-65d63f29e9bf.png,Chow Sang Sang Jewellery,"【First Time Vistor Offer】With inputting promo code FTV100EA, enjoy extra HK$100 off upon every HK$3500 purchase for the first time purchase (one off). Terms apply","【First Time Vistor Offer】With inputting promo code FTV100EA, enjoy extra HK$100 off upon every HK$3500 purchase for the first time purchase (one off). Terms apply",https://t.cfjump.com/90610/o/110770,2023-06-05 00:00:00.000,
127650,2024-08-07 13:00:52.297,2024-08-07 13:00:52.297,61332,https://c.cfjump.com/Avatars/075fec7c-43d1-4793-8bc4-65d63f29e9bf.png,Chow Sang Sang Jewellery,"【Charme Collection Privilege】Selected Charme up to 30% off. Free shipping upon HK$3,900 purchase to 30 regions worldwide. Free Hong Kong and Macau delivery.",,https://t.cfjump.com/90610/o/127650,2024-08-07 00:00:00.000,
127653,2024-08-07 13:43:44.607,2024-08-07 13:44:39.513,61332,https://c.cfjump.com/Avatars/075fec7c-43d1-4793-8bc4-65d63f29e9bf.png,Chow Sang Sang Jewellery,"【Charme 系列限定禮遇】指定串飾低至7折，於指定30個地區購物滿HK$3,900免運費。香港、澳門地區免運費。",,https://t.cfjump.com/90610/o/127653,2024-08-07 00:00:00.000,
132192,2024-11-26 15:48:07.433,2025-11-19 17:24:42.503,61332,https://c.cfjump.com/Avatars/075fec7c-43d1-4793-8bc4-65d63f29e9bf.png,Chow Sang Sang Jewellery,"Extra 1.5% instant cashback (Alipay HK, Alipay, WeChat Pay HK or Weixin Pay or FPS exclusive). Terms apply.",,https://t.cfjump.com/90610/o/132192,2024-11-26 00:00:00.000,
132193,2024-11-26 15:49:35.373,2025-11-19 17:25:21.910,61332,https://c.cfjump.com/Avatars/075fec7c-43d1-4793-8bc4-65d63f29e9bf.png,Chow Sang Sang Jewellery,額外1.5%即時回贈(Alipay HK﹑支付寶﹑WeChat Pay HK﹑ 微信支付或轉數快尊享)，受條款約束,,https://t.cfjump.com/90610/o/132193,2024-11-26 00:00:00.000,
147179,2026-03-02 18:48:51.610,2026-03-02 18:48:51.610,61332,https://c.cfjump.com/Avatars/075fec7c-43d1-4793-8bc4-65d63f29e9bf.png,Chow Sang Sang Jewellery,"【3.11 Spring Attraction】 周生生eShop探索春季清新感的飾品。為您精心挑選多款初春造型的時尚飾品，包括玫瑰金飾品及日常配搭藝術指南。 購買2件指定定價飾品可享低至88折優惠，2件指定計價飾品可享工費6折禮遇！網上尊享。  指定27個國家滿HK$3,900免運費。 額外1.5%即時回贈 (只限指定付款方式及貨品)。  優惠期: 2026年3月11中午日至3月23日(香港時間)",,https://t.cfjump.com/90610/o/147179,2026-03-11 00:00:00.000,2026-03-23 23:59:59.000
147180,2026-03-02 18:49:20.610,2026-03-02 18:49:20.610,61332,https://c.cfjump.com/Avatars/075fec7c-43d1-4793-8bc4-65d63f29e9bf.png,Chow Sang Sang Jewellery,"【3.11 Spring Attraction】 Discover pieces that embody the freshness of spring. Chow Sang Sang's eShop has curated a collection of over a thousand jewellery for you. Enjoy up to 12% off upon purchasing 2 fixed-price items, also enjoy 40% off labour charge for 2 price-by-weight items.  Free shipping upon HK$3,900 purchase to 27 countries worldwide. Extra 1.5% instant cash rebate with selective payment methods and products.  Validity: 11 Mar (noon) - 23 Mar, 2026(HKT)",,https://t.cfjump.com/90610/o/147180,2026-03-11 00:00:00.000,2026-03-23 23:59:59.000
106906,2023-02-13 00:33:19.227,2023-02-13 00:33:19.227,83731,https://c.cfjump.com/Avatars/f1704504-9fa4-4f3d-86f3-bb285bc34895.png,CoolThings Australia,BE THE COOLEST GIFT GIVER IN YOUR FAMILY,,https://t.cfjump.com/90610/o/106906,2023-02-13 00:00:00.000,
106907,2023-02-13 00:33:36.837,2023-02-13 00:33:56.290,83731,https://c.cfjump.com/Avatars/f1704504-9fa4-4f3d-86f3-bb285bc34895.png,CoolThings Australia,Join Our community for cool insider only promotions and deals.,,https://t.cfjump.com/90610/o/106907,2023-02-13 00:00:00.000,
106908,2023-02-13 00:34:25.543,2023-02-13 00:34:25.543,83731,https://c.cfjump.com/Avatars/f1704504-9fa4-4f3d-86f3-bb285bc34895.png,CoolThings Australia,FREE SHIPPING WITHIN AUSTRALIA,"For logged in members orders over $99 can be shipped free via our standard delivery service. Orders with ALL products in-stock will be dispatched same day if submitted before 12:00 pm Monday - Friday. Orders with free shipping cannot be split. Free Shipping not applicable with orders using a coupon or voucher, or some larger items and bulk orders that have been given special pricing - as marked.	",https://t.cfjump.com/90610/o/106908,2023-02-13 00:00:00.000,
136005,2025-03-06 12:09:38.070,2025-04-29 10:24:40.120,83731,https://c.cfjump.com/Avatars/f1704504-9fa4-4f3d-86f3-bb285bc34895.png,CoolThings Australia,Mesmerising toy that turns a simple loop of string into a captivating aerial performance,,https://t.cfjump.com/90610/o/136005,2025-03-06 00:00:00.000,
138069,2025-04-28 11:53:52.290,2025-04-28 11:53:52.290,83731,https://c.cfjump.com/Avatars/f1704504-9fa4-4f3d-86f3-bb285bc34895.png,CoolThings Australia,Shop Best Sensory Gifts,,https://t.cfjump.com/90610/o/138069,2025-04-28 00:00:00.000,
127887,2024-08-14 20:55:56.773,2025-12-08 18:12:20.023,84326,https://c.cfjump.com/Avatars/16a15e88-279c-4ed7-ba94-eee01bfb0765.png,Costway Australia,Monthly Deal | 10% Off on Selected Items,,https://t.cfjump.com/90610/o/127887,2024-07-01 00:00:00.000,
144038,2025-11-04 13:30:16.367,2025-11-04 13:30:16.367,84326,https://c.cfjump.com/Avatars/16a15e88-279c-4ed7-ba94-eee01bfb0765.png,Costway Australia,Flash Slae | Up to 80% off,,https://t.cfjump.com/90610/o/144038,2025-11-04 00:00:00.000,
144039,2025-11-04 13:37:43.460,2025-11-04 13:37:43.460,84326,https://c.cfjump.com/Avatars/16a15e88-279c-4ed7-ba94-eee01bfb0765.png,Costway Australia,Clearance Slae | Up to 80% off,,https://t.cfjump.com/90610/o/144039,2025-11-04 00:00:00.000,
144040,2025-11-04 13:39:18.397,2025-11-04 13:39:18.397,84326,https://c.cfjump.com/Avatars/16a15e88-279c-4ed7-ba94-eee01bfb0765.png,Costway Australia,Spring Sale | Up to 60% off on selected items,,https://t.cfjump.com/90610/o/144040,2025-11-04 00:00:00.000,
136010,2025-03-06 14:50:04.543,2025-03-06 14:50:04.543,91278,https://c.cfjump.com/Avatars/d8287a00-758a-470f-ac41-c7867b52b9e0.png,Cracked Soda,Want 10% off your order? Sign up and we'll send you a discount code.,,https://t.cfjump.com/90610/o/136010,2025-03-06 00:00:00.000,
136011,2025-03-06 14:50:58.247,2025-11-13 15:24:07.793,91278,https://c.cfjump.com/Avatars/d8287a00-758a-470f-ac41-c7867b52b9e0.png,Cracked Soda,Fee Shipping for Orders Over $150 Australia Wide,,https://t.cfjump.com/90610/o/136011,2025-03-06 00:00:00.000,
136172,2025-03-11 14:26:18.330,2025-03-11 14:26:30.893,91278,https://c.cfjump.com/Avatars/d8287a00-758a-470f-ac41-c7867b52b9e0.png,Cracked Soda,"Give $10, Get $10 - Have A Friend Who Wants To Try Cracked Soda?","Give your friend $10 off their first order, and get $10 off (in points) for each successful referral.",https://t.cfjump.com/90610/o/136172,2025-03-11 00:00:00.000,
136237,2025-03-12 14:06:35.117,2025-03-12 14:06:35.117,91278,https://c.cfjump.com/Avatars/d8287a00-758a-470f-ac41-c7867b52b9e0.png,Cracked Soda,30 Days Return Policy,"Cracked Soda is passionate about ensuring that you are completely happy with your purchase. If you change your mind about an item purchased on our website, you are entitled to a store credit within 30 days of receipt of delivery.


To start the return process, please contact us Here

Once we receive your request we’ll send you instructions on how and where to send your package. 

In Order to qualify for a store credit please make sure that you have the below information

Proof of purchase provided (invoice or order number)
Email associated with the order
Tags are still attached
Items are in original, undamaged packaging
Items are in their original and unworn condition

We may refuse returns of items where this has not been done. This policy applies to Cracked Soda customers only. Our Returns Policy is in addition to your rights under the Australian Consumer Law.",https://t.cfjump.com/90610/o/136237,2025-03-12 00:00:00.000,
136249,2025-03-12 17:19:46.567,2025-03-12 17:19:46.567,91278,https://c.cfjump.com/Avatars/d8287a00-758a-470f-ac41-c7867b52b9e0.png,Cracked Soda,Shop Baby Boys Sizes 0000-2,,https://t.cfjump.com/90610/o/136249,2025-03-12 00:00:00.000,
136251,2025-03-12 17:20:05.083,2025-03-12 17:20:05.083,91278,https://c.cfjump.com/Avatars/d8287a00-758a-470f-ac41-c7867b52b9e0.png,Cracked Soda,Boys Shop by age 3-8,,https://t.cfjump.com/90610/o/136251,2025-03-12 00:00:00.000,
136253,2025-03-12 17:20:26.817,2025-03-12 17:20:26.817,91278,https://c.cfjump.com/Avatars/d8287a00-758a-470f-ac41-c7867b52b9e0.png,Cracked Soda,Boys Shop by age 10-16,,https://t.cfjump.com/90610/o/136253,2025-03-12 00:00:00.000,
136256,2025-03-12 17:20:56.240,2025-03-12 17:20:56.240,91278,https://c.cfjump.com/Avatars/d8287a00-758a-470f-ac41-c7867b52b9e0.png,Cracked Soda,Shop Mens - Matching Dad and Son,,https://t.cfjump.com/90610/o/136256,2025-03-12 00:00:00.000,
136257,2025-03-12 17:21:15.833,2025-03-12 17:21:15.833,91278,https://c.cfjump.com/Avatars/d8287a00-758a-470f-ac41-c7867b52b9e0.png,Cracked Soda,Shop Girls 0000-2,,https://t.cfjump.com/90610/o/136257,2025-03-12 00:00:00.000,
136260,2025-03-12 17:21:37.677,2025-03-12 17:21:37.677,91278,https://c.cfjump.com/Avatars/d8287a00-758a-470f-ac41-c7867b52b9e0.png,Cracked Soda,Shop Girls 3-8,,https://t.cfjump.com/90610/o/136260,2025-03-12 00:00:00.000,
136262,2025-03-12 17:21:56.520,2025-03-12 17:21:56.520,91278,https://c.cfjump.com/Avatars/d8287a00-758a-470f-ac41-c7867b52b9e0.png,Cracked Soda,Older Girls 10-16,,https://t.cfjump.com/90610/o/136262,2025-03-12 00:00:00.000,
136265,2025-03-12 17:22:21.007,2025-03-12 17:22:21.007,91278,https://c.cfjump.com/Avatars/d8287a00-758a-470f-ac41-c7867b52b9e0.png,Cracked Soda,New Arrivals - Boys,,https://t.cfjump.com/90610/o/136265,2025-03-12 00:00:00.000,
136268,2025-03-12 17:22:49.083,2025-03-12 17:22:49.100,91278,https://c.cfjump.com/Avatars/d8287a00-758a-470f-ac41-c7867b52b9e0.png,Cracked Soda, New Arrivals Girls,,https://t.cfjump.com/90610/o/136268,2025-03-12 00:00:00.000,
136273,2025-03-12 17:23:50.960,2025-03-12 17:23:50.960,91278,https://c.cfjump.com/Avatars/d8287a00-758a-470f-ac41-c7867b52b9e0.png,Cracked Soda,Boy Hoodies,,https://t.cfjump.com/90610/o/136273,2025-03-12 00:00:00.000,
136275,2025-03-12 17:24:08.820,2025-03-12 17:24:08.820,91278,https://c.cfjump.com/Avatars/d8287a00-758a-470f-ac41-c7867b52b9e0.png,Cracked Soda,Boys Jumpers,,https://t.cfjump.com/90610/o/136275,2025-03-12 00:00:00.000,
136278,2025-03-12 17:24:37.757,2025-03-12 17:24:37.757,91278,https://c.cfjump.com/Avatars/d8287a00-758a-470f-ac41-c7867b52b9e0.png,Cracked Soda,Boys Tops,,https://t.cfjump.com/90610/o/136278,2025-03-12 00:00:00.000,
136280,2025-03-12 17:24:56.927,2025-03-12 17:24:56.927,91278,https://c.cfjump.com/Avatars/d8287a00-758a-470f-ac41-c7867b52b9e0.png,Cracked Soda,Boys Bottoms,,https://t.cfjump.com/90610/o/136280,2025-03-12 00:00:00.000,
136281,2025-03-12 17:25:16.507,2025-03-12 17:25:16.507,91278,https://c.cfjump.com/Avatars/d8287a00-758a-470f-ac41-c7867b52b9e0.png,Cracked Soda,Boys Trackies,,https://t.cfjump.com/90610/o/136281,2025-03-12 00:00:00.000,
136282,2025-03-12 17:25:33.677,2025-03-12 17:25:33.677,91278,https://c.cfjump.com/Avatars/d8287a00-758a-470f-ac41-c7867b52b9e0.png,Cracked Soda,Boys Overalls,,https://t.cfjump.com/90610/o/136282,2025-03-12 00:00:00.000,
136283,2025-03-12 17:25:53.973,2025-03-12 17:25:53.973,91278,https://c.cfjump.com/Avatars/d8287a00-758a-470f-ac41-c7867b52b9e0.png,Cracked Soda,Shop Mens,,https://t.cfjump.com/90610/o/136283,2025-03-12 00:00:00.000,
136284,2025-03-12 17:26:19.803,2025-03-12 17:26:19.803,91278,https://c.cfjump.com/Avatars/d8287a00-758a-470f-ac41-c7867b52b9e0.png,Cracked Soda,Shop All Boys,,https://t.cfjump.com/90610/o/136284,2025-03-12 00:00:00.000,
136285,2025-03-12 17:26:40.117,2025-03-12 17:26:40.117,91278,https://c.cfjump.com/Avatars/d8287a00-758a-470f-ac41-c7867b52b9e0.png,Cracked Soda,Girls Dresses,,https://t.cfjump.com/90610/o/136285,2025-03-12 00:00:00.000,
136286,2025-03-12 17:27:10.223,2025-03-12 17:27:10.223,91278,https://c.cfjump.com/Avatars/d8287a00-758a-470f-ac41-c7867b52b9e0.png,Cracked Soda,Girl Hoodies,,https://t.cfjump.com/90610/o/136286,2025-03-12 00:00:00.000,
136287,2025-03-12 17:27:29.913,2025-03-12 17:27:29.913,91278,https://c.cfjump.com/Avatars/d8287a00-758a-470f-ac41-c7867b52b9e0.png,Cracked Soda,Girls Jumpers,,https://t.cfjump.com/90610/o/136287,2025-03-12 00:00:00.000,
136289,2025-03-12 17:27:48.833,2025-03-12 17:27:48.833,91278,https://c.cfjump.com/Avatars/d8287a00-758a-470f-ac41-c7867b52b9e0.png,Cracked Soda,Girls Tops,,https://t.cfjump.com/90610/o/136289,2025-03-12 00:00:00.000,
136291,2025-03-12 17:28:05.333,2025-03-12 17:28:05.333,91278,https://c.cfjump.com/Avatars/d8287a00-758a-470f-ac41-c7867b52b9e0.png,Cracked Soda,Girls Bottoms,,https://t.cfjump.com/90610/o/136291,2025-03-12 00:00:00.000,
136293,2025-03-12 17:28:29.053,2025-03-12 17:28:29.053,91278,https://c.cfjump.com/Avatars/d8287a00-758a-470f-ac41-c7867b52b9e0.png,Cracked Soda,Girls Trackpants,,https://t.cfjump.com/90610/o/136293,2025-03-12 00:00:00.000,
136296,2025-03-12 17:28:47.633,2025-03-12 17:28:47.633,91278,https://c.cfjump.com/Avatars/d8287a00-758a-470f-ac41-c7867b52b9e0.png,Cracked Soda,Girls Overalls,,https://t.cfjump.com/90610/o/136296,2025-03-12 00:00:00.000,
136298,2025-03-12 17:29:06.320,2025-03-12 17:29:06.320,91278,https://c.cfjump.com/Avatars/d8287a00-758a-470f-ac41-c7867b52b9e0.png,Cracked Soda,Shop All Girls,,https://t.cfjump.com/90610/o/136298,2025-03-12 00:00:00.000,
136300,2025-03-12 17:29:23.430,2025-03-12 17:29:23.430,91278,https://c.cfjump.com/Avatars/d8287a00-758a-470f-ac41-c7867b52b9e0.png,Cracked Soda,Boy Accessories,,https://t.cfjump.com/90610/o/136300,2025-03-12 00:00:00.000,
136302,2025-03-12 17:29:44.133,2025-03-12 17:29:44.133,91278,https://c.cfjump.com/Avatars/d8287a00-758a-470f-ac41-c7867b52b9e0.png,Cracked Soda,Girls Accessories,,https://t.cfjump.com/90610/o/136302,2025-03-12 00:00:00.000,
136305,2025-03-12 17:30:08.023,2025-03-12 17:30:08.023,91278,https://c.cfjump.com/Avatars/d8287a00-758a-470f-ac41-c7867b52b9e0.png,Cracked Soda,Bibs Dummies,,https://t.cfjump.com/90610/o/136305,2025-03-12 00:00:00.000,
136308,2025-03-12 17:30:43.350,2025-03-12 17:30:43.350,91278,https://c.cfjump.com/Avatars/d8287a00-758a-470f-ac41-c7867b52b9e0.png,Cracked Soda,BOY SALE | Always On,,https://t.cfjump.com/90610/o/136308,2025-03-12 00:00:00.000,
136311,2025-03-12 17:31:02.037,2025-03-12 17:31:02.037,91278,https://c.cfjump.com/Avatars/d8287a00-758a-470f-ac41-c7867b52b9e0.png,Cracked Soda,GIRLS SALE | Always on,,https://t.cfjump.com/90610/o/136311,2025-03-12 00:00:00.000,
136314,2025-03-12 17:31:25.943,2025-03-12 17:31:25.943,91278,https://c.cfjump.com/Avatars/d8287a00-758a-470f-ac41-c7867b52b9e0.png,Cracked Soda,SALE ACCESSORIES | Always On,,https://t.cfjump.com/90610/o/136314,2025-03-12 00:00:00.000,
136316,2025-03-12 17:31:52.337,2025-03-12 17:31:52.337,91278,https://c.cfjump.com/Avatars/d8287a00-758a-470f-ac41-c7867b52b9e0.png,Cracked Soda,ALWAYS ON SALE - Prices starting from $4,,https://t.cfjump.com/90610/o/136316,2025-03-12 00:00:00.000,
136317,2025-03-12 17:32:39.303,2025-03-12 17:32:39.303,91278,https://c.cfjump.com/Avatars/d8287a00-758a-470f-ac41-c7867b52b9e0.png,Cracked Soda,Earn Points when you shop!,1 point = $1,https://t.cfjump.com/90610/o/136317,2025-03-12 00:00:00.000,
142239,2025-09-11 07:54:42.917,2025-09-11 07:54:42.917,91278,https://c.cfjump.com/Avatars/d8287a00-758a-470f-ac41-c7867b52b9e0.png,Cracked Soda,Spring Drop | SS25,,https://t.cfjump.com/90610/o/142239,2025-09-11 00:00:00.000,
144679,2025-11-13 15:23:17.310,2025-11-13 15:24:58.077,91278,https://c.cfjump.com/Avatars/d8287a00-758a-470f-ac41-c7867b52b9e0.png,Cracked Soda,SS25 Drop 2.3,,https://t.cfjump.com/90610/o/144679,2025-11-13 00:00:00.000,
199,2014-02-28 18:08:45.863,2019-07-31 19:15:19.560,12475,https://c.cfjump.com/Avatars/f027d236-8b19-4e3f-8d3f-ca52fcad8bca.png,Crazy Sales,"Crazy Sale of the Day, Lowest Price Everyday!","Crazy Sale of the Day, Lowest Price Everyday!",https://t.cfjump.com/90610/o/199,2014-02-28 00:00:00.000,
6343,2015-06-12 17:23:56.553,2017-02-10 19:00:28.527,12475,https://c.cfjump.com/Avatars/f027d236-8b19-4e3f-8d3f-ca52fcad8bca.png,Crazy Sales,"Crazy Sales-Up to 90% OFF, Huge Selection and Huge Savings on Clearance Items!","Crazy Sales-Up to 90% OFF, Huge Selection and Huge Savings on Clearance Items!",https://t.cfjump.com/90610/o/6343,2015-06-12 00:00:00.000,
9932,2016-02-29 19:52:30.627,2017-02-10 19:00:09.290,12475,https://c.cfjump.com/Avatars/f027d236-8b19-4e3f-8d3f-ca52fcad8bca.png,Crazy Sales,"Crazy Sales- Shipping Cost ON THE HOUSE, Just Pick Anything You Like Here!","Crazy Sales- Shipping Cost ON THE HOUSE, Just Pick Anything You Like Here!",https://t.cfjump.com/90610/o/9932,2016-02-29 00:00:00.000,
9933,2016-02-29 20:04:11.967,2017-02-10 19:00:15.870,12475,https://c.cfjump.com/Avatars/f027d236-8b19-4e3f-8d3f-ca52fcad8bca.png,Crazy Sales,"Crazy Sales-Check It Out, These New Items Will Fresh Your Eyes!","Crazy Sales-Check It Out, These New Items Will Fresh Your Eyes!",https://t.cfjump.com/90610/o/9933,2016-02-29 00:00:00.000,
9934,2016-02-29 20:11:04.197,2017-02-10 19:00:21.870,12475,https://c.cfjump.com/Avatars/f027d236-8b19-4e3f-8d3f-ca52fcad8bca.png,Crazy Sales,Crazy Sales-The Most Popular Ones Are Here!,Crazy Sales-The Most Popular Ones Are Here!,https://t.cfjump.com/90610/o/9934,2016-02-29 00:00:00.000,
147254,2026-03-04 20:56:58.230,2026-03-04 20:56:58.230,12475,https://c.cfjump.com/Avatars/f027d236-8b19-4e3f-8d3f-ca52fcad8bca.png,Crazy Sales,New $9.99 Favourites Just Landed,New $9.99 Favourites Just Landed,https://t.cfjump.com/90610/o/147254,2026-03-04 00:00:00.000,2026-03-31 23:59:59.000
147193,2026-03-03 13:05:54.377,2026-03-03 13:05:54.377,36115,https://c.cfjump.com/Avatars/14239df2-c6dd-404a-ac17-236894e4e092.png,DC Shoes,PayPal Frenzy - Up To 50% Off,"Up to 50% off sale valid online only until 11:59pm AEST 10.03.2026. Prices as marked on sale items only, excludes full price products. Excludes gift cards. Not valid for use in conjunction with any other discount, offer or promotion. We reserve the right to exclude any other product and/or remove all promotions at any given time. Information and prices subject to change. Other exclusions may apply.",https://t.cfjump.com/90610/o/147193,2026-03-04 00:00:00.000,2026-03-10 23:59:59.000
140595,2025-07-28 11:56:39.710,2025-07-28 11:56:39.710,92335,https://c.cfjump.com/Avatars/5385933c-bf0b-4c18-8cd5-f84b9596e30b.png,Dineamic,GET $40 OFF YOUR FIRST 2 ORDERS,,https://t.cfjump.com/90610/o/140595,2025-07-28 00:00:00.000,
140596,2025-07-28 11:58:19.523,2025-07-28 11:58:19.523,92335,https://c.cfjump.com/Avatars/5385933c-bf0b-4c18-8cd5-f84b9596e30b.png,Dineamic,DOUBLE YOUR DISCOUNT WHEN YOU SUBSCRIBE AND SAVE AT CHECKOUT,*Min purchase of $80 on meals applies to receive the discount.,https://t.cfjump.com/90610/o/140596,2025-07-28 00:00:00.000,
140597,2025-07-28 11:58:39.947,2025-07-28 11:58:39.947,92335,https://c.cfjump.com/Avatars/5385933c-bf0b-4c18-8cd5-f84b9596e30b.png,Dineamic,Subscription Free Options Available,,https://t.cfjump.com/90610/o/140597,2025-07-28 00:00:00.000,
140598,2025-07-28 11:58:50.867,2025-07-28 11:58:50.867,92335,https://c.cfjump.com/Avatars/5385933c-bf0b-4c18-8cd5-f84b9596e30b.png,Dineamic,Sustainable & Carbon Neutral,,https://t.cfjump.com/90610/o/140598,2025-07-28 00:00:00.000,
63071,2020-01-28 11:24:25.763,2020-01-28 11:24:25.763,66102,https://c.cfjump.com/Avatars/60363800-5512-468e-998e-99b83b3c8d2e.png,Dream Home Art Union,Play in Australia's richest property prize pool,,https://t.cfjump.com/90610/o/63071,2020-01-28 00:00:00.000,
63073,2020-01-28 11:29:17.117,2024-10-15 10:43:00.000,66102,https://c.cfjump.com/Avatars/60363800-5512-468e-998e-99b83b3c8d2e.png,Dream Home Art Union,VIP Club - More millions for members ,"It’s easy to sign up to the VIP Club and secure your tickets in every draw.

There are no membership fees or lock-in contracts.

1. Choose the draw you'd like your subscription to start.

2. Select your membership amount.

3. Enter your payment details.

You can change the amount of your subscription at any time in your account login section.",https://t.cfjump.com/90610/o/63073,2020-01-28 00:00:00.000,
78888,2021-03-18 13:20:05.387,2022-04-06 15:27:50.180,72806,https://c.cfjump.com/Avatars/b695840f-bba2-4512-b0b5-2c9d8f4aad8d.png,Ecoriginals,50% OFF Trial Pack ,,https://t.cfjump.com/90610/o/78888,2021-03-18 00:00:00.000,
78890,2021-03-18 13:20:29.510,2021-03-18 13:20:29.510,72806,https://c.cfjump.com/Avatars/b695840f-bba2-4512-b0b5-2c9d8f4aad8d.png,Ecoriginals,AUSTRALIA’S HIGHEST RATED NAPPY,,https://t.cfjump.com/90610/o/78890,2021-03-18 00:00:00.000,
78891,2021-03-18 13:21:05.400,2021-03-18 13:21:05.400,72806,https://c.cfjump.com/Avatars/b695840f-bba2-4512-b0b5-2c9d8f4aad8d.png,Ecoriginals,WORLD'S FIRST PLASTIC NEUTRAL NAPPY COMPANY,,https://t.cfjump.com/90610/o/78891,2021-03-18 00:00:00.000,
78892,2021-03-18 13:21:34.417,2021-03-18 13:21:34.417,72806,https://c.cfjump.com/Avatars/b695840f-bba2-4512-b0b5-2c9d8f4aad8d.png,Ecoriginals,"Convenient Delivery - Change, pause or cancel any time",,https://t.cfjump.com/90610/o/78892,2021-03-18 00:00:00.000,
78893,2021-03-18 13:21:44.887,2021-03-18 13:21:44.887,72806,https://c.cfjump.com/Avatars/b695840f-bba2-4512-b0b5-2c9d8f4aad8d.png,Ecoriginals,Money Back Guarantee - We know you’ll be 100% satisfied,,https://t.cfjump.com/90610/o/78893,2021-03-18 00:00:00.000,
87157,2021-10-28 08:06:09.647,2022-04-06 15:28:59.070,72806,https://c.cfjump.com/Avatars/b695840f-bba2-4512-b0b5-2c9d8f4aad8d.png,Ecoriginals,20% OFF ALL subscriptions,Base Commission: 10-20%,https://t.cfjump.com/90610/o/87157,2021-10-27 00:00:00.000,
87160,2021-10-28 08:11:04.920,2021-10-28 08:11:04.920,72806,https://c.cfjump.com/Avatars/b695840f-bba2-4512-b0b5-2c9d8f4aad8d.png,Ecoriginals,ULTIMATE ECO VALUE PACK OFFER,"The ULTIMATE ECO bundle comprises of 6 packs of nappies (customers choice of size) 
and 6 packs of wipes (customers choice of variant) PLUS BONUS GIFTS
The ULTIMATE ECO bundle is available to purchase one time for $159.99 or as a 
subscription for $127.96 (20% saving)",https://t.cfjump.com/90610/o/87160,2021-10-27 00:00:00.000,
96944,2022-05-25 11:40:49.197,2022-05-25 11:40:49.197,72806,https://c.cfjump.com/Avatars/b695840f-bba2-4512-b0b5-2c9d8f4aad8d.png,Ecoriginals,Save $40 with Baby Bundles!,"Choose from 3 bundle sizes to create your perfect fit. Bundle and save with our new curated sets of Ecoriginals, Econaps and guest product. ",https://t.cfjump.com/90610/o/96944,2022-05-25 00:00:00.000,
102786,2022-10-25 16:21:12.223,2022-10-25 16:21:12.223,72806,https://c.cfjump.com/Avatars/b695840f-bba2-4512-b0b5-2c9d8f4aad8d.png,Ecoriginals,Save over $300 with bulk nappies & wipes + Coffee Machine,"We’ve created a new bundle to help you take 10 minutes to yourself each morning. Enjoy 12 Packs of Nappies, 12 Pack of Wipes and an Opal One Coffee Machine.

Start your day the right way with our biggest value bundle, RRP valued at $600. This bundle saves you over $300.  ",https://t.cfjump.com/90610/o/102786,2022-10-25 00:00:00.000,
109678,2023-05-05 10:17:19.817,2023-05-05 10:17:19.817,72806,https://c.cfjump.com/Avatars/b695840f-bba2-4512-b0b5-2c9d8f4aad8d.png,Ecoriginals,20% OFF Cloth Nappy Set + FREE Coffee Machine ,Save over $350 on EcoNaps cloth nappies & accessories - PLUS a free Opal One Coffee Machine. Just in time to pamper mum for Mother's Day! Price is as stated on website. ,https://t.cfjump.com/90610/o/109678,2023-05-05 00:00:00.000,
147280,2026-03-05 13:09:28.570,2026-03-05 13:09:28.570,85768,https://c.cfjump.com/Avatars/5685837b-5e55-4831-9ae2-c65bd4e658cb.png,Elegant Showers AU,Women's Day 2026,"Women's Day: Enjoy 8% Off With Code: 2026WD
March 3 to March 10, 2026",https://t.cfjump.com/90610/o/147280,2026-03-03 00:00:00.000,2026-03-10 23:59:59.000
30074,2017-08-07 14:05:43.500,2025-06-04 13:47:06.167,44449,https://c.cfjump.com/Avatars/73f0f384-8bca-452c-92bf-4e696803d39a.png,Endeavour Lotteries,Become a Star Supporter and you'll never miss a chance to win more prizes more often!,https://www.endeavourlotteries.com.au/about/terms-and-conditions/star-supporters,https://t.cfjump.com/90610/o/30074,2017-08-07 00:00:00.000,
146494,2026-01-30 17:47:29.980,2026-01-30 17:47:57.260,44449,https://c.cfjump.com/Avatars/73f0f384-8bca-452c-92bf-4e696803d39a.png,Endeavour Lotteries,218 - $250K Pay Day - V8 Patrol or Gold,https://www.endeavourlotteries.com.au/pay-day/terms-and-conditions/218,https://t.cfjump.com/90610/o/146494,2026-01-30 00:00:00.000,2026-03-26 23:59:59.000
146742,2026-02-12 12:31:18.067,2026-02-12 12:31:18.067,44449,https://c.cfjump.com/Avatars/73f0f384-8bca-452c-92bf-4e696803d39a.png,Endeavour Lotteries,466 Prize Home Lottery - $3M Gold or Beach House,https://www.endeavourlotteries.com.au/endeavour-foundation/terms-and-conditions/466,https://t.cfjump.com/90610/o/146742,2026-02-13 00:00:00.000,2026-04-09 23:59:59.000
132091,2024-11-25 15:08:50.847,2025-11-26 09:55:00.000,54318,https://c.cfjump.com/Avatars/193991ce-46b4-46e6-b41b-58d57b9db28e.png,Energy Locals,Switch to Simplicity & Savings with a Fair Energy Deal with Energy Locals,https://energylocals.com.au/terms-and-conditions,https://t.cfjump.com/90610/o/132091,2024-12-01 00:00:00.000,
132443,2024-12-02 15:15:38.473,2025-11-26 09:55:00.000,54318,https://c.cfjump.com/Avatars/193991ce-46b4-46e6-b41b-58d57b9db28e.png,Energy Locals,"NSW, switch to Energy Locals and get $100 free energy!",$100 credit applied to electricity bill a after six months if supply has not transferred to another provider. T&Cs apply.,https://t.cfjump.com/90610/o/132443,2024-12-02 00:00:00.000,
133302,2024-12-18 10:14:27.247,2025-11-26 09:55:00.000,54318,https://c.cfjump.com/Avatars/193991ce-46b4-46e6-b41b-58d57b9db28e.png,Energy Locals,NSW & VIC: Save on bills with up to $150 in free energy ,"$100 credit for electricity and $50 for gas, applied after six months

valid for NSW & VIC",https://t.cfjump.com/90610/o/133302,2024-12-18 00:00:00.000,
140244,2025-07-11 10:49:28.020,2025-11-26 09:55:00.000,54318,https://c.cfjump.com/Avatars/193991ce-46b4-46e6-b41b-58d57b9db28e.png,Energy Locals,SA: Enjoy super low rates from 10am-4pm daily with our Daytime Saver plan.,"*For Daytime Saver Plan, usage rates 10am-4pm are 71% less than at peak times. In the SA Power Network, usage rates are 13c/kWh 10am-4pm. 45.5c/kWh is the Peak rate, from 6am-10am & 4pm-midnight. Offer is 12% less than the reference price. Lowest annual price is $1,833, based on residential usage of 4000 kWh/year on a time-of-use tariff in SA Power Network. Smart Meter Required.",https://t.cfjump.com/90610/o/140244,2025-07-11 00:00:00.000,
63268,2020-02-07 11:09:32.767,2020-02-07 11:10:19.110,66951,https://c.cfjump.com/Avatars/2fe3306c-2bf3-42d8-b6a3-da537d208f8b.png,Ergobaby,DOLL CARRIERS: FOR YOUR LIGHTEST PLUS-ONE,,https://t.cfjump.com/90610/o/63268,2020-02-07 00:00:00.000,
66748,2020-05-22 12:26:09.123,2022-05-02 17:08:15.493,66951,https://c.cfjump.com/Avatars/2fe3306c-2bf3-42d8-b6a3-da537d208f8b.png,Ergobaby,NEW Omni Breeze - All babies. All carry positions. All-in-one. No insert needed.,,https://t.cfjump.com/90610/o/66748,2020-05-22 00:00:00.000,
94283,2022-03-17 13:31:32.483,2022-05-02 17:08:34.760,66951,https://c.cfjump.com/Avatars/2fe3306c-2bf3-42d8-b6a3-da537d208f8b.png,Ergobaby,NEWEST Ergobaby Carrier - Just for Newborns,,https://t.cfjump.com/90610/o/94283,2022-03-17 00:00:00.000,
96084,2022-05-02 17:07:09.650,2022-05-02 17:07:09.650,66951,https://c.cfjump.com/Avatars/2fe3306c-2bf3-42d8-b6a3-da537d208f8b.png,Ergobaby,Take 15% off your first full priced order ,Discount is redeemed by unique code when signing up to newsletter. First time customers only and 15% applies to full priced items only ,https://t.cfjump.com/90610/o/96084,2022-05-02 00:00:00.000,
128136,2024-08-23 10:14:44.670,2024-08-23 10:14:44.687,80712,https://c.cfjump.com/Avatars/f2f4fa82-48d4-42be-a89e-bef948f24b65.png,Ezmio,FREE SHIPPING FOR AUS ORDERS OVER $150,,https://t.cfjump.com/90610/o/128136,2024-08-23 00:00:00.000,
128137,2024-08-23 10:15:28.233,2024-08-23 10:15:42.047,80712,https://c.cfjump.com/Avatars/f2f4fa82-48d4-42be-a89e-bef948f24b65.png,Ezmio,EARN REWARDS & SPECIAL TIER GIFTS WITH OUR MANI MEMBERSHIP! Simply create an account and earn 50 polish points!,EARN REWARDS & SPECIAL TIER GIFTS WITH OUR MANI MEMBERSHIP! Simply create an account and earn 50 polish points!,https://t.cfjump.com/90610/o/128137,2024-08-23 00:00:00.000,
128139,2024-08-23 10:21:24.283,2025-05-09 09:30:39.950,80712,https://c.cfjump.com/Avatars/f2f4fa82-48d4-42be-a89e-bef948f24b65.png,Ezmio,Save up to $30+ on select bundle kits!,,https://t.cfjump.com/90610/o/128139,2024-08-23 00:00:00.000,
128142,2024-08-23 10:27:31.290,2025-05-09 09:30:45.510,80712,https://c.cfjump.com/Avatars/f2f4fa82-48d4-42be-a89e-bef948f24b65.png,Ezmio,Try our ALL NEW Essential Starter Kit for up to $20 OFF!,,https://t.cfjump.com/90610/o/128142,2024-08-23 00:00:00.000,
128144,2024-08-23 10:29:06.230,2025-05-09 09:30:55.260,80712,https://c.cfjump.com/Avatars/f2f4fa82-48d4-42be-a89e-bef948f24b65.png,Ezmio,Shop the look!,,https://t.cfjump.com/90610/o/128144,2024-08-23 00:00:00.000,
128146,2024-08-23 10:30:59.667,2025-05-09 09:31:03.683,80712,https://c.cfjump.com/Avatars/f2f4fa82-48d4-42be-a89e-bef948f24b65.png,Ezmio,"Discover the essential secret to nail health with our Roll on Cuticle Oil. Enriched with guava essential oils, it not only hydrates your cuticles but also fortifies your nails, ensuring they radiate strength and vitality.",,https://t.cfjump.com/90610/o/128146,2024-08-23 00:00:00.000,
134298,2025-01-16 08:40:29.777,2025-01-16 08:40:29.777,80712,https://c.cfjump.com/Avatars/f2f4fa82-48d4-42be-a89e-bef948f24b65.png,Ezmio,New product release - 3 After Dark Colours,,https://t.cfjump.com/90610/o/134298,2025-01-14 00:00:00.000,
134299,2025-01-16 08:40:56.150,2025-01-16 08:40:56.150,80712,https://c.cfjump.com/Avatars/f2f4fa82-48d4-42be-a89e-bef948f24b65.png,Ezmio,Valentines day collection ,Get a 14% discount off the collection. Code Required,https://t.cfjump.com/90610/o/134299,2025-01-31 00:00:00.000,
134300,2025-01-16 08:41:15.683,2025-01-16 08:41:15.683,80712,https://c.cfjump.com/Avatars/f2f4fa82-48d4-42be-a89e-bef948f24b65.png,Ezmio,Gift with purchase - Valentines day love heart nail stickers,Gift with purchase - Valentines day love heart nail stickers until sold out,https://t.cfjump.com/90610/o/134300,2025-01-31 00:00:00.000,
134301,2025-01-16 08:41:28.417,2025-01-16 08:41:28.417,80712,https://c.cfjump.com/Avatars/f2f4fa82-48d4-42be-a89e-bef948f24b65.png,Ezmio,new collection of nail art items,new collection of nail art items,https://t.cfjump.com/90610/o/134301,2025-02-18 00:00:00.000,
84693,2021-08-23 09:43:51.640,2021-08-23 09:43:51.640,75123,https://c.cfjump.com/Avatars/8a52f956-e621-4835-bbe0-22e8525bc680.png,FGMO,Free shipping +$59,See website for full T&C's,https://t.cfjump.com/90610/o/84693,2021-08-23 00:00:00.000,
84694,2021-08-23 09:44:18.267,2021-08-23 09:44:18.267,75123,https://c.cfjump.com/Avatars/8a52f956-e621-4835-bbe0-22e8525bc680.png,FGMO,Free gift with orders +$100,See website for full T&Cs,https://t.cfjump.com/90610/o/84694,2021-08-23 00:00:00.000,
142530,2025-09-26 12:10:55.917,2025-09-26 12:10:55.917,77220,https://c.cfjump.com/Avatars/aa641c89-ee0d-4af6-8220-f06112e5d560.png,Fig & Bloom,Australia-wide Next-Day Delivery,,https://t.cfjump.com/90610/o/142530,2025-09-26 00:00:00.000,
142531,2025-09-26 12:11:06.260,2025-09-26 12:11:06.260,77220,https://c.cfjump.com/Avatars/aa641c89-ee0d-4af6-8220-f06112e5d560.png,Fig & Bloom,"Premium, handcrafted floral arrangements",,https://t.cfjump.com/90610/o/142531,2025-09-26 00:00:00.000,
142532,2025-09-26 12:11:15.197,2025-09-26 12:11:15.197,77220,https://c.cfjump.com/Avatars/aa641c89-ee0d-4af6-8220-f06112e5d560.png,Fig & Bloom,Seasonal gifting bundles,,https://t.cfjump.com/90610/o/142532,2025-09-26 00:00:00.000,
142533,2025-09-26 12:11:22.367,2025-09-26 12:11:22.367,77220,https://c.cfjump.com/Avatars/aa641c89-ee0d-4af6-8220-f06112e5d560.png,Fig & Bloom,Thoughtful Gifts for Every Moment That Matters,,https://t.cfjump.com/90610/o/142533,2025-09-26 00:00:00.000,
142534,2025-09-26 12:11:29.510,2025-09-26 12:11:29.510,77220,https://c.cfjump.com/Avatars/aa641c89-ee0d-4af6-8220-f06112e5d560.png,Fig & Bloom,Celebrate Life’s Special Moments,,https://t.cfjump.com/90610/o/142534,2025-09-26 00:00:00.000,
142535,2025-09-26 12:11:37.370,2025-09-26 12:11:37.370,77220,https://c.cfjump.com/Avatars/aa641c89-ee0d-4af6-8220-f06112e5d560.png,Fig & Bloom,A Lifestyle Collection for the Senses,,https://t.cfjump.com/90610/o/142535,2025-09-26 00:00:00.000,
142536,2025-09-26 12:11:44.837,2025-09-26 12:11:44.837,77220,https://c.cfjump.com/Avatars/aa641c89-ee0d-4af6-8220-f06112e5d560.png,Fig & Bloom,Hand Made With Love,,https://t.cfjump.com/90610/o/142536,2025-09-26 00:00:00.000,
142537,2025-09-26 12:11:52.103,2025-09-26 12:11:52.103,77220,https://c.cfjump.com/Avatars/aa641c89-ee0d-4af6-8220-f06112e5d560.png,Fig & Bloom,Craft Your Everyday Story with Beauty and Intention,,https://t.cfjump.com/90610/o/142537,2025-09-26 00:00:00.000,
137467,2025-04-15 08:36:19.583,2025-05-06 17:29:32.560,10836,https://c.cfjump.com/Avatars/a2572e0a-9dec-4a68-be86-68ae05eeaaff.png,Flowers for Everyone,Create an account to get 10% off every order,Flowers For Everyone offers a 10% discount for all of our wonderful members. Simply create an account on our website and receive 10% off every order. That's right - 10% off every single time!,https://t.cfjump.com/90610/o/137467,2025-04-15 00:00:00.000,
137469,2025-04-15 08:38:02.753,2025-04-15 08:38:02.753,10836,https://c.cfjump.com/Avatars/a2572e0a-9dec-4a68-be86-68ae05eeaaff.png,Flowers for Everyone,Shop our Birthday Flower Collection,,https://t.cfjump.com/90610/o/137469,2025-04-15 00:00:00.000,
137470,2025-04-15 08:38:18.347,2025-05-06 17:30:10.263,10836,https://c.cfjump.com/Avatars/a2572e0a-9dec-4a68-be86-68ae05eeaaff.png,Flowers for Everyone,"Order before 5pm – same day flower delivery in Sydney, Brisbane & Melbourne",,https://t.cfjump.com/90610/o/137470,2025-04-15 00:00:00.000,
121773,2024-02-08 13:08:29.877,2024-02-08 13:08:29.877,60709,https://c.cfjump.com/Avatars/db1e4773-7fac-4757-8328-4dd075f39707.png,Foreo,Want 10% off your first order?,,https://t.cfjump.com/90610/o/121773,2024-02-08 00:00:00.000,
121774,2024-02-08 13:09:31.803,2024-02-08 13:09:31.803,60709,https://c.cfjump.com/Avatars/db1e4773-7fac-4757-8328-4dd075f39707.png,Foreo,FREE SHIPPING OVER 200 EURO,,https://t.cfjump.com/90610/o/121774,2024-02-08 00:00:00.000,
128251,2024-08-27 16:02:21.633,2024-08-27 16:02:21.633,60709,https://c.cfjump.com/Avatars/db1e4773-7fac-4757-8328-4dd075f39707.png,Foreo,FAQ 301,"Pre-order it first & get a free hair serum
Pre-order gift: FAQ™ Scalp Recovery & Thick Hair Probiotic Serum
",https://t.cfjump.com/90610/o/128251,2024-08-27 00:00:00.000,
129539,2024-09-27 23:32:39.820,2024-09-27 23:32:39.820,60709,https://c.cfjump.com/Avatars/db1e4773-7fac-4757-8328-4dd075f39707.png,Foreo,FOREO Top hair care ,"Dear Affiliates, 
We’re excited to share a new opportunity for you to boost your earnings! You now have access to our FOREO hair care landing page
Happy promoting! 
Best, 
FOREO Affiliate Team",https://t.cfjump.com/90610/o/129539,2024-09-27 00:00:00.000,
107162,2023-02-17 17:03:32.020,2026-02-16 16:44:19.297,83323,https://c.cfjump.com/Avatars/b980a035-e654-4736-99ef-13b70e663ca3.png,Frank and Beans,FREE SHIPPING AUSTRALIA WIDE Spend $99 to activate free shipping Aus wide,,https://t.cfjump.com/90610/o/107162,2023-02-17 00:00:00.000,
107164,2023-02-17 17:03:50.303,2023-02-17 17:31:59.483,83323,https://c.cfjump.com/Avatars/b980a035-e654-4736-99ef-13b70e663ca3.png,Frank and Beans,30 DAY RETURNS,,https://t.cfjump.com/90610/o/107164,2023-02-17 00:00:00.000,
123157,2024-03-19 12:00:54.603,2024-03-19 12:00:54.603,88972,https://c.cfjump.com/Avatars/af190883-89fa-430f-a5d6-5f3ad880b669.png,Freddy Store,FREE EXPRESS SHIPPING ON ALL ORDERS OVER $270,,https://t.cfjump.com/90610/o/123157,2024-03-19 00:00:00.000,
123158,2024-03-19 12:01:11.183,2024-03-19 12:01:11.183,88972,https://c.cfjump.com/Avatars/af190883-89fa-430f-a5d6-5f3ad880b669.png,Freddy Store,NEW ARRIVALS,,https://t.cfjump.com/90610/o/123158,2024-03-19 00:00:00.000,
123276,2024-03-20 15:19:33.850,2024-03-20 15:19:33.850,88972,https://c.cfjump.com/Avatars/af190883-89fa-430f-a5d6-5f3ad880b669.png,Freddy Store,New customers subscriptions get $20 discount code,,https://t.cfjump.com/90610/o/123276,2024-03-20 00:00:00.000,
123277,2024-03-20 15:19:59.557,2024-03-20 15:19:59.557,88972,https://c.cfjump.com/Avatars/af190883-89fa-430f-a5d6-5f3ad880b669.png,Freddy Store,Freddy Rewards (Loyalty Program),"*Earn 1 point for every dollar purchase*Redeem $25 for every 450 points earned*The more spend, the more perks. Details of Rewards level and benefits can be found here ",https://t.cfjump.com/90610/o/123277,2024-03-20 00:00:00.000,
138817,2025-05-16 14:02:43.660,2025-05-16 14:02:43.660,88972,https://c.cfjump.com/Avatars/af190883-89fa-430f-a5d6-5f3ad880b669.png,Freddy Store,FREDDY FRENZY,"Spend $200+ = SAVE $30!
Spend $400+ = SAVE $100!
Spend $700+ = SAVE $200!
Spend $1100+ = SAVE $400!",https://t.cfjump.com/90610/o/138817,2025-05-13 00:00:00.000,
147201,2026-03-03 16:32:12.533,2026-03-03 16:32:12.533,88972,https://c.cfjump.com/Avatars/af190883-89fa-430f-a5d6-5f3ad880b669.png,Freddy Store,End of Season Sale,excluding restocks and gift cards,https://t.cfjump.com/90610/o/147201,2026-03-03 00:00:00.000,2026-03-31 23:59:59.000
94150,2022-03-16 14:52:47.700,2022-03-16 14:52:47.700,78298,https://c.cfjump.com/Avatars/b529d88a-f4c6-4788-9c75-67545a4e6ee9.png,freezeframe,We offer Free Shipping on any orders over $70,,https://t.cfjump.com/90610/o/94150,2022-03-16 00:00:00.000,
94151,2022-03-16 14:53:12.780,2022-03-16 14:53:12.780,78298,https://c.cfjump.com/Avatars/b529d88a-f4c6-4788-9c75-67545a4e6ee9.png,freezeframe,"Sign up to our mailing list and be in with a chance of winning our signature Self Care Bundle. Also, you'll get 15% OFF your first order, obviously.",,https://t.cfjump.com/90610/o/94151,2022-03-16 00:00:00.000,
99498,2022-08-03 10:21:50.067,2022-08-03 10:21:50.067,78298,https://c.cfjump.com/Avatars/b529d88a-f4c6-4788-9c75-67545a4e6ee9.png,freezeframe,Instant Lash Extreme Free Trial ,"Use the code: FIRSTMONTHFREE* at the checkout to claim your free 30-day trial today. 

*T&C's apply. One code claim per customer. ",https://t.cfjump.com/90610/o/99498,2022-08-03 00:00:00.000,
106006,2023-01-05 16:57:49.717,2023-03-01 10:21:48.200,78298,https://c.cfjump.com/Avatars/b529d88a-f4c6-4788-9c75-67545a4e6ee9.png,freezeframe,"Buy Now, Pay Later with Afterpay",,https://t.cfjump.com/90610/o/106006,2023-01-05 00:00:00.000,
123678,2024-04-03 15:47:23.760,2024-04-03 15:47:23.760,78298,https://c.cfjump.com/Avatars/b529d88a-f4c6-4788-9c75-67545a4e6ee9.png,freezeframe,NEW | 50% off Outlet Section,"Prices as marked. 50% off RRP. No Returns, Refunds or Exchanges on Sale Items.",https://t.cfjump.com/90610/o/123678,2024-04-03 00:00:00.000,
123679,2024-04-03 15:48:15.980,2024-06-03 21:27:44.807,78298,https://c.cfjump.com/Avatars/b529d88a-f4c6-4788-9c75-67545a4e6ee9.png,freezeframe,48 Hour Wrinkle Freeze,"This breakthrough mask is a party-prep game changer, providing a dramatic wrinkle smoothing action after just one 30 minute treatment. 48 HOUR WRINKLE FREEZE ICE ROLLER MASK combines clinical levels of wrinkle freezing peptides, super hydrating coconut water, and a built in ice-roller for dramatic instant facial smoothing.",https://t.cfjump.com/90610/o/123679,2024-04-03 00:00:00.000,
123991,2024-04-10 21:27:27.773,2024-04-10 21:27:27.773,78298,https://c.cfjump.com/Avatars/b529d88a-f4c6-4788-9c75-67545a4e6ee9.png,freezeframe,Save $36 | PERFECT SKIN PREP DUO,,https://t.cfjump.com/90610/o/123991,2024-04-10 00:00:00.000,
123992,2024-04-10 21:27:59.553,2024-04-10 21:27:59.553,78298,https://c.cfjump.com/Avatars/b529d88a-f4c6-4788-9c75-67545a4e6ee9.png,freezeframe,Save $42 | WRINKLE FREEZING DUO,,https://t.cfjump.com/90610/o/123992,2024-04-10 00:00:00.000,
123993,2024-04-10 21:28:48.193,2024-04-10 21:28:48.193,78298,https://c.cfjump.com/Avatars/b529d88a-f4c6-4788-9c75-67545a4e6ee9.png,freezeframe,Save $95 + FREE GIFT | LIP & LASH DUO ,Get 20% off when you purchase our Lip & Lash Duo and receive a Lanoactive Lip Enhancer worth $29.00 FREE,https://t.cfjump.com/90610/o/123993,2024-04-10 00:00:00.000,
123994,2024-04-10 21:29:18.837,2024-04-10 21:29:18.837,78298,https://c.cfjump.com/Avatars/b529d88a-f4c6-4788-9c75-67545a4e6ee9.png,freezeframe,Save $39 | TUMMY TUCK DUO,Buy one and get the second one at 60% off,https://t.cfjump.com/90610/o/123994,2024-04-10 00:00:00.000,
123995,2024-04-10 21:30:05.913,2024-04-10 21:30:05.913,78298,https://c.cfjump.com/Avatars/b529d88a-f4c6-4788-9c75-67545a4e6ee9.png,freezeframe,Save $108 | BODY PERFECTING BUNDLE,,https://t.cfjump.com/90610/o/123995,2024-04-10 00:00:00.000,
123996,2024-04-10 21:30:55.040,2024-04-10 21:30:55.040,78298,https://c.cfjump.com/Avatars/b529d88a-f4c6-4788-9c75-67545a4e6ee9.png,freezeframe,Save $196 | Build Your Own Bundle: Beauty Solution,,https://t.cfjump.com/90610/o/123996,2024-04-10 00:00:00.000,
123997,2024-04-10 21:31:49.057,2024-04-10 21:31:49.057,78298,https://c.cfjump.com/Avatars/b529d88a-f4c6-4788-9c75-67545a4e6ee9.png,freezeframe,Save $88 + FREE GIFT | ANTI-AGING DUO,Receive a FREE full-sized FLASH WHITE with your bundle!,https://t.cfjump.com/90610/o/123997,2024-04-10 00:00:00.000,
124228,2024-04-17 21:52:04.720,2024-04-17 21:52:04.720,78298,https://c.cfjump.com/Avatars/b529d88a-f4c6-4788-9c75-67545a4e6ee9.png,freezeframe,48HR Wrinkle Freeze Landing Page,,https://t.cfjump.com/90610/o/124228,2024-04-17 00:00:00.000,
124229,2024-04-17 21:52:37.800,2024-04-17 21:52:37.800,78298,https://c.cfjump.com/Avatars/b529d88a-f4c6-4788-9c75-67545a4e6ee9.png,freezeframe,Injections Solutions,,https://t.cfjump.com/90610/o/124229,2024-04-17 00:00:00.000,
124230,2024-04-17 21:52:54.987,2024-04-17 21:52:54.987,78298,https://c.cfjump.com/Avatars/b529d88a-f4c6-4788-9c75-67545a4e6ee9.png,freezeframe,Eye Solutions,,https://t.cfjump.com/90610/o/124230,2024-04-17 00:00:00.000,
124231,2024-04-17 21:53:13.080,2024-04-17 21:53:13.080,78298,https://c.cfjump.com/Avatars/b529d88a-f4c6-4788-9c75-67545a4e6ee9.png,freezeframe,Face Solutions,,https://t.cfjump.com/90610/o/124231,2024-04-17 00:00:00.000,
124232,2024-04-17 21:53:28.753,2024-04-17 21:53:28.753,78298,https://c.cfjump.com/Avatars/b529d88a-f4c6-4788-9c75-67545a4e6ee9.png,freezeframe,Lip Solutions,,https://t.cfjump.com/90610/o/124232,2024-04-17 00:00:00.000,
124233,2024-04-17 21:53:45.677,2024-04-17 21:53:45.677,78298,https://c.cfjump.com/Avatars/b529d88a-f4c6-4788-9c75-67545a4e6ee9.png,freezeframe,Lash Solutions,,https://t.cfjump.com/90610/o/124233,2024-04-17 00:00:00.000,
124234,2024-04-17 21:54:04.253,2024-04-17 21:54:04.253,78298,https://c.cfjump.com/Avatars/b529d88a-f4c6-4788-9c75-67545a4e6ee9.png,freezeframe,Body Solutions,,https://t.cfjump.com/90610/o/124234,2024-04-17 00:00:00.000,
124235,2024-04-17 21:54:22.707,2024-04-17 21:54:22.707,78298,https://c.cfjump.com/Avatars/b529d88a-f4c6-4788-9c75-67545a4e6ee9.png,freezeframe,Sun Solutions,,https://t.cfjump.com/90610/o/124235,2024-04-17 00:00:00.000,
124432,2024-04-24 13:49:38.543,2024-04-24 13:49:38.560,78298,https://c.cfjump.com/Avatars/b529d88a-f4c6-4788-9c75-67545a4e6ee9.png,freezeframe,50% off Blemish Bomb ,50% off RRP. Prices as marked.,https://t.cfjump.com/90610/o/124432,2024-04-24 00:00:00.000,
124433,2024-04-24 13:50:11.403,2024-04-24 13:50:11.403,78298,https://c.cfjump.com/Avatars/b529d88a-f4c6-4788-9c75-67545a4e6ee9.png,freezeframe,50% off Magnalash,50% off RRP. Prices as marked,https://t.cfjump.com/90610/o/124433,2024-04-24 00:00:00.000,
124434,2024-04-24 13:50:44.840,2024-04-24 13:50:44.840,78298,https://c.cfjump.com/Avatars/b529d88a-f4c6-4788-9c75-67545a4e6ee9.png,freezeframe,50% off Flash White,50% RRP. Prices as marked,https://t.cfjump.com/90610/o/124434,2024-04-24 00:00:00.000,
124435,2024-04-24 13:51:34.623,2024-04-24 13:51:34.623,78298,https://c.cfjump.com/Avatars/b529d88a-f4c6-4788-9c75-67545a4e6ee9.png,freezeframe,50% off Brazilian Butt Lift,50% RRP. Prices as Marked.,https://t.cfjump.com/90610/o/124435,2024-04-24 00:00:00.000,
124436,2024-04-24 13:52:08.140,2024-04-24 13:52:08.140,78298,https://c.cfjump.com/Avatars/b529d88a-f4c6-4788-9c75-67545a4e6ee9.png,freezeframe,50% off Body Blur Winter White,50% off RRP. Prices as Marked,https://t.cfjump.com/90610/o/124436,2024-04-24 00:00:00.000,
124438,2024-04-24 13:53:30.373,2024-04-24 13:53:30.373,78298,https://c.cfjump.com/Avatars/b529d88a-f4c6-4788-9c75-67545a4e6ee9.png,freezeframe,Minimise Fine Lines and Wrinkles | Best-sellers,,https://t.cfjump.com/90610/o/124438,2024-04-24 00:00:00.000,
124439,2024-04-24 13:54:02.750,2024-04-24 13:54:02.750,78298,https://c.cfjump.com/Avatars/b529d88a-f4c6-4788-9c75-67545a4e6ee9.png,freezeframe,Reduce Puffiness and Dark Circles | Best Sellers,,https://t.cfjump.com/90610/o/124439,2024-04-24 00:00:00.000,
124441,2024-04-24 13:54:39.403,2024-04-24 13:55:43.107,78298,https://c.cfjump.com/Avatars/b529d88a-f4c6-4788-9c75-67545a4e6ee9.png,freezeframe,Erase Eyebags and Crow's Feet | Best Sellers,,https://t.cfjump.com/90610/o/124441,2024-04-24 00:00:00.000,
124442,2024-04-24 13:54:58.483,2024-04-24 13:54:58.483,78298,https://c.cfjump.com/Avatars/b529d88a-f4c6-4788-9c75-67545a4e6ee9.png,freezeframe,Smooth Out Lip Lines and Wrinkles,,https://t.cfjump.com/90610/o/124442,2024-04-24 00:00:00.000,
124443,2024-04-24 13:55:19.140,2024-04-24 13:55:19.140,78298,https://c.cfjump.com/Avatars/b529d88a-f4c6-4788-9c75-67545a4e6ee9.png,freezeframe,Flatter Looking Tummy | Best Sellers,,https://t.cfjump.com/90610/o/124443,2024-04-24 00:00:00.000,
124444,2024-04-24 13:56:07.107,2024-04-24 13:56:07.107,78298,https://c.cfjump.com/Avatars/b529d88a-f4c6-4788-9c75-67545a4e6ee9.png,freezeframe,"Tighter, More Toned Body | Best Sellers",,https://t.cfjump.com/90610/o/124444,2024-04-24 00:00:00.000,
124445,2024-04-24 13:56:32.013,2024-04-24 13:56:32.013,78298,https://c.cfjump.com/Avatars/b529d88a-f4c6-4788-9c75-67545a4e6ee9.png,freezeframe,Reduce Pigmentation & Dark Spots,,https://t.cfjump.com/90610/o/124445,2024-04-24 00:00:00.000,
125808,2024-06-03 21:28:07.917,2024-06-03 21:28:07.917,78298,https://c.cfjump.com/Avatars/b529d88a-f4c6-4788-9c75-67545a4e6ee9.png,freezeframe,Bestseller | 48HR Wrinkle Freeze Ice Roller,,https://t.cfjump.com/90610/o/125808,2024-06-03 00:00:00.000,
125809,2024-06-03 21:29:35.013,2024-06-03 21:29:35.013,78298,https://c.cfjump.com/Avatars/b529d88a-f4c6-4788-9c75-67545a4e6ee9.png,freezeframe,Best Seller | Pigment Clear,,https://t.cfjump.com/90610/o/125809,2024-06-03 00:00:00.000,
125810,2024-06-03 21:30:13.903,2024-06-03 21:30:13.903,78298,https://c.cfjump.com/Avatars/b529d88a-f4c6-4788-9c75-67545a4e6ee9.png,freezeframe,Bestseller | BB Blur,,https://t.cfjump.com/90610/o/125810,2024-06-03 00:00:00.000,
125811,2024-06-03 21:30:47.700,2024-06-03 21:30:47.700,78298,https://c.cfjump.com/Avatars/b529d88a-f4c6-4788-9c75-67545a4e6ee9.png,freezeframe,Bestseller | Inhibox,,https://t.cfjump.com/90610/o/125811,2024-06-03 00:00:00.000,
125812,2024-06-03 21:31:26.497,2024-06-03 21:31:26.497,78298,https://c.cfjump.com/Avatars/b529d88a-f4c6-4788-9c75-67545a4e6ee9.png,freezeframe,Bestseller | Instant Lash Xtreme,,https://t.cfjump.com/90610/o/125812,2024-06-03 00:00:00.000,
125813,2024-06-03 21:32:10.840,2024-06-03 21:32:10.840,78298,https://c.cfjump.com/Avatars/b529d88a-f4c6-4788-9c75-67545a4e6ee9.png,freezeframe,Bestseller | Lip Injection,,https://t.cfjump.com/90610/o/125813,2024-06-03 00:00:00.000,
125814,2024-06-03 21:33:39.670,2024-06-03 21:33:39.670,78298,https://c.cfjump.com/Avatars/b529d88a-f4c6-4788-9c75-67545a4e6ee9.png,freezeframe,2024 Finalist Pure Beauty Global Awards | 48HR Wrinkle Freeze,,https://t.cfjump.com/90610/o/125814,2024-06-03 00:00:00.000,
127435,2024-07-31 12:51:29.977,2024-07-31 12:51:29.977,78298,https://c.cfjump.com/Avatars/b529d88a-f4c6-4788-9c75-67545a4e6ee9.png,freezeframe,Brightening Duo | Save $39,,https://t.cfjump.com/90610/o/127435,2024-07-31 00:00:00.000,
129135,2024-09-20 10:55:33.640,2024-09-24 14:02:14.190,78298,https://c.cfjump.com/Avatars/b529d88a-f4c6-4788-9c75-67545a4e6ee9.png,freezeframe,FREE Instant Lash Xtreme Gift with Every Lash Prescription Purchase,FREE Instant Lash Xtreme with any Lash prescription purchase,https://t.cfjump.com/90610/o/129135,2024-09-20 00:00:00.000,
11827,2016-06-24 15:40:54.247,2016-06-24 15:40:54.247,35276,https://c.cfjump.com/Avatars/70543259-c12c-44ef-8417-3fb89a5b5559.png,Fresh Beauty Co.,Loyalty Members get 5% off,Just sign up as a loyalty member,https://t.cfjump.com/90610/o/11827,2016-06-24 00:00:00.000,
11828,2016-06-24 15:41:30.523,2016-06-24 15:41:30.523,35276,https://c.cfjump.com/Avatars/70543259-c12c-44ef-8417-3fb89a5b5559.png,Fresh Beauty Co.,Earn 1 Qantas point for every $ spent,Earn 1 Qantas point for every $ spent,https://t.cfjump.com/90610/o/11828,2016-06-24 00:00:00.000,
11829,2016-06-24 15:42:39.640,2016-06-24 15:42:39.640,35276,https://c.cfjump.com/Avatars/70543259-c12c-44ef-8417-3fb89a5b5559.png,Fresh Beauty Co.,Fresh Fragrances - Free Shipping!,No coupon needed,https://t.cfjump.com/90610/o/11829,2016-06-24 00:00:00.000,
11997,2016-07-08 10:57:01.253,2016-07-08 10:57:13.583,35276,https://c.cfjump.com/Avatars/70543259-c12c-44ef-8417-3fb89a5b5559.png,Fresh Beauty Co.,Up to 20% discount on all of your purchases!,"All you need to do is Join The Fresh™ Fragrances & Cosmetics Loyalty Club, it's FREE!",https://t.cfjump.com/90610/o/11997,2016-07-08 00:00:00.000,
11998,2016-07-08 10:59:47.847,2016-07-08 10:59:47.847,35276,https://c.cfjump.com/Avatars/70543259-c12c-44ef-8417-3fb89a5b5559.png,Fresh Beauty Co.,"Lancome, Clarins & Estee Lauder Newest Products Available Now!","Lancome, Clarins & Estee Lauder Newest Products Available Now!",https://t.cfjump.com/90610/o/11998,2016-07-08 00:00:00.000,
12162,2016-07-15 10:25:33.763,2016-07-15 10:25:33.763,35276,https://c.cfjump.com/Avatars/70543259-c12c-44ef-8417-3fb89a5b5559.png,Fresh Beauty Co.,AESOP from $27,AESOP from $27,https://t.cfjump.com/90610/o/12162,2016-07-15 00:00:00.000,
12163,2016-07-15 10:26:29.990,2016-07-15 10:26:48.937,35276,https://c.cfjump.com/Avatars/70543259-c12c-44ef-8417-3fb89a5b5559.png,Fresh Beauty Co.,Sale Items from $6,Sale Items from $6,https://t.cfjump.com/90610/o/12163,2016-07-15 00:00:00.000,
12254,2016-07-22 10:11:56.617,2016-07-22 10:11:56.617,35276,https://c.cfjump.com/Avatars/70543259-c12c-44ef-8417-3fb89a5b5559.png,Fresh Beauty Co.,Floral Fragrances for Her - From $12,Floral Fragrances for Her - From $12,https://t.cfjump.com/90610/o/12254,2016-07-22 00:00:00.000,
12255,2016-07-22 10:13:37.957,2016-07-22 10:13:37.957,35276,https://c.cfjump.com/Avatars/70543259-c12c-44ef-8417-3fb89a5b5559.png,Fresh Beauty Co.,Reinvigorate His Scent - From $12,Reinvigorate His Scent - From $12,https://t.cfjump.com/90610/o/12255,2016-07-22 00:00:00.000,
142245,2025-09-11 08:53:02.943,2025-09-11 08:53:02.943,92597,https://c.cfjump.com/Avatars/b1d0676b-2bd8-4494-b5aa-58c11daa8dd4.png,Fur King,Free Australian Shipping For Orders Over $99.99 To Major Metro & Regional Areas,,https://t.cfjump.com/90610/o/142245,2025-09-11 00:00:00.000,
142246,2025-09-11 08:53:26.850,2025-09-11 08:53:26.850,92597,https://c.cfjump.com/Avatars/b1d0676b-2bd8-4494-b5aa-58c11daa8dd4.png,Fur King,"Orthopedic Dog Beds, Dog Clippers, Dog Prams And More By Fur King",,https://t.cfjump.com/90610/o/142246,2025-09-11 00:00:00.000,
57465,2019-08-16 10:50:24.503,2019-08-16 10:50:24.503,65027,https://c.cfjump.com/Avatars/4c13536a-af03-448e-86ad-3b495092c59c.png,Georg Jensen,Free delivery Australia-wide for orders over $150 and under 2 kg,,https://t.cfjump.com/90610/o/57465,2019-08-16 00:00:00.000,
57466,2019-08-16 10:50:59.240,2019-08-16 10:50:59.240,65027,https://c.cfjump.com/Avatars/4c13536a-af03-448e-86ad-3b495092c59c.png,Georg Jensen,Sign up for exclusive offers,,https://t.cfjump.com/90610/o/57466,2019-08-16 00:00:00.000,
146513,2026-02-02 10:21:26.993,2026-02-02 10:21:26.993,9371,https://c.cfjump.com/Avatars/2680877e-fd2b-4d10-9df3-0bc925d2d560.png,Get Wines Direct,$40 Off + Free Delivery On Your First Order ,"This promotion will run from 02/02/2026 until midnight (11:59pm) 30/06/2026

This promotion can not be used in conjunction with any other promotions or loyalty discounts. 

One-time use per customer Can be used on First Time Orders Only.. 

Failure to add promotional code 4NCCF26 at checkout will result in regular pricesat checkout ",https://t.cfjump.com/90610/o/146513,2026-02-02 00:00:00.000,2026-06-30 23:59:59.000
95978,2022-04-28 14:42:43.020,2022-05-13 10:09:53.287,62126,https://c.cfjump.com/Avatars/4257d237-d919-47ba-829d-bdc181e7a560.png,Gift Card Store,Same-day delivery Digital Gift Cards,* Order must be placed before 1pm to be sent same day. Orders placed after 1pm will be sent the next business day. Please note: orders placed after 1pm on a Friday will be sent the following Monday.,https://t.cfjump.com/90610/o/95978,2022-04-28 00:00:00.000,
131507,2024-11-15 13:02:38.067,2024-11-15 13:02:38.067,62126,https://c.cfjump.com/Avatars/4257d237-d919-47ba-829d-bdc181e7a560.png,Gift Card Store,FREE courier delivery upgrade,"Order over $1,250 in value or 10+ cards for a FREE courier delivery upgrade.",https://t.cfjump.com/90610/o/131507,2024-11-15 00:00:00.000,
126277,2024-06-18 12:04:24.273,2024-07-22 16:45:46.437,89534,https://c.cfjump.com/Avatars/bc02e577-694a-4a4a-945b-9904e60c6b2b.png,GiftBox,Free Click and Collect,,https://t.cfjump.com/90610/o/126277,2024-06-18 00:00:00.000,
126278,2024-06-18 12:04:49.880,2026-02-27 16:35:39.833,89534,https://c.cfjump.com/Avatars/bc02e577-694a-4a4a-945b-9904e60c6b2b.png,GiftBox,"Sign up for exclusive access to our latest products, exclusive discounts & $15 OFF YOUR FIRST PURCHASE*",- Applies to orders over $100*,https://t.cfjump.com/90610/o/126278,2024-06-18 00:00:00.000,
126280,2024-06-18 12:05:37.180,2024-07-22 16:45:13.140,89534,https://c.cfjump.com/Avatars/bc02e577-694a-4a4a-945b-9904e60c6b2b.png,GiftBox,Afterpay Available,Afterpay Available,https://t.cfjump.com/90610/o/126280,2024-06-18 00:00:00.000,
127186,2024-07-22 16:53:10.350,2024-08-05 09:48:27.420,89534,https://c.cfjump.com/Avatars/bc02e577-694a-4a4a-945b-9904e60c6b2b.png,GiftBox,Clearance Sale,"Clearance Sale
Further 50% off applied to already reduced Lines Prices as Marked ",https://t.cfjump.com/90610/o/127186,2024-07-22 00:00:00.000,
128703,2024-09-10 17:36:14.803,2024-09-10 17:51:04.467,89534,https://c.cfjump.com/Avatars/bc02e577-694a-4a4a-945b-9904e60c6b2b.png,GiftBox,Smart Tech Launch - Diffuser Anti Gravity Eclipse | $69.99 ,see website for T&C's ,https://t.cfjump.com/90610/o/128703,2024-09-10 00:00:00.000,
128704,2024-09-10 17:37:26.350,2024-09-10 17:37:26.350,89534,https://c.cfjump.com/Avatars/bc02e577-694a-4a4a-945b-9904e60c6b2b.png,GiftBox,Smart Tech Launch - Diffuser Bamboo Speaker | $69.99,see website for T&C's ,https://t.cfjump.com/90610/o/128704,2024-09-10 00:00:00.000,
128705,2024-09-10 17:47:38.467,2024-09-10 17:47:38.467,89534,https://c.cfjump.com/Avatars/bc02e577-694a-4a4a-945b-9904e60c6b2b.png,GiftBox,Smart Tech Launch - Diffuser Rain Drop Mushroom | $69.99,see website for T&C's ,https://t.cfjump.com/90610/o/128705,2024-09-10 00:00:00.000,
128706,2024-09-10 17:49:45.217,2024-09-10 17:49:45.217,89534,https://c.cfjump.com/Avatars/bc02e577-694a-4a4a-945b-9904e60c6b2b.png,GiftBox,Smart Tech Launch - Smart Lamp W BT Speaker & Charging Station Black | $59.99,see website for T&C's ,https://t.cfjump.com/90610/o/128706,2024-09-10 00:00:00.000,
128707,2024-09-10 17:50:31.467,2024-09-10 17:50:31.467,89534,https://c.cfjump.com/Avatars/bc02e577-694a-4a4a-945b-9904e60c6b2b.png,GiftBox,Smart Tech Launch - Smart Speaker Lamp Eclipse White | $59.99,see website for T&C's ,https://t.cfjump.com/90610/o/128707,2024-09-10 00:00:00.000,
128708,2024-09-10 17:51:44.310,2024-09-10 17:55:10.330,89534,https://c.cfjump.com/Avatars/bc02e577-694a-4a4a-945b-9904e60c6b2b.png,GiftBox,Smart Tech Launch - Wireless Charger Hoop | $49.99,see website for T&C's ,https://t.cfjump.com/90610/o/128708,2024-09-10 00:00:00.000,
128709,2024-09-10 17:57:56.443,2024-09-10 17:57:56.443,89534,https://c.cfjump.com/Avatars/bc02e577-694a-4a4a-945b-9904e60c6b2b.png,GiftBox,Smart Tech Launch - Wireless Charger Multi Function | $59.99,see website for T&C's ,https://t.cfjump.com/90610/o/128709,2024-09-10 00:00:00.000,
128710,2024-09-10 17:58:27.723,2024-09-10 17:58:27.723,89534,https://c.cfjump.com/Avatars/bc02e577-694a-4a4a-945b-9904e60c6b2b.png,GiftBox,Smart Tech Launch - Wireless Charger Slab Rgb | $39.99,see website for T&C's ,https://t.cfjump.com/90610/o/128710,2024-09-10 00:00:00.000,
129278,2024-09-24 16:09:46.183,2024-09-24 16:09:46.183,89534,https://c.cfjump.com/Avatars/bc02e577-694a-4a4a-945b-9904e60c6b2b.png,GiftBox,LED Pickleball Set | $79.99,see website for T&C's ,https://t.cfjump.com/90610/o/129278,2024-09-24 00:00:00.000,
129280,2024-09-24 16:11:30.637,2024-09-24 16:11:30.637,89534,https://c.cfjump.com/Avatars/bc02e577-694a-4a4a-945b-9904e60c6b2b.png,GiftBox,MyGenie H20 Pro Wet Mop 2in1 Cordless Stick Vacuum Blue | $139 ,see website for T&C's ,https://t.cfjump.com/90610/o/129280,2024-09-24 00:00:00.000,
129281,2024-09-24 16:12:51.857,2024-09-24 16:12:51.857,89534,https://c.cfjump.com/Avatars/bc02e577-694a-4a4a-945b-9904e60c6b2b.png,GiftBox,Kitchen Couture Digital Air Fryer 12L | $119,see website for T&C's ,https://t.cfjump.com/90610/o/129281,2024-09-24 00:00:00.000,
129282,2024-09-24 16:13:25.903,2024-09-24 16:13:25.903,89534,https://c.cfjump.com/Avatars/bc02e577-694a-4a4a-945b-9904e60c6b2b.png,GiftBox,Kitchen Couture French Door Air Fryer 25L | $199,see website for T&C's ,https://t.cfjump.com/90610/o/129282,2024-09-24 00:00:00.000,
129283,2024-09-24 16:14:21.513,2024-09-24 16:14:21.513,89534,https://c.cfjump.com/Avatars/bc02e577-694a-4a4a-945b-9904e60c6b2b.png,GiftBox,Rechargeable Eye Massager With Wireless Bluetooth Speaker | $79.99 ,see website for T&C's ,https://t.cfjump.com/90610/o/129283,2024-09-24 00:00:00.000,
129284,2024-09-24 16:15:51.110,2024-09-24 16:15:51.110,89534,https://c.cfjump.com/Avatars/bc02e577-694a-4a4a-945b-9904e60c6b2b.png,GiftBox,Rechargeable Neck & Shoulder Massager | $89.99 ,see website for T&C's ,https://t.cfjump.com/90610/o/129284,2024-09-24 00:00:00.000,
129285,2024-09-24 16:17:18.953,2024-09-24 16:17:18.953,89534,https://c.cfjump.com/Avatars/bc02e577-694a-4a4a-945b-9904e60c6b2b.png,GiftBox,Multi Head Massage Paddle | $69.99 ,see website for T&C's ,https://t.cfjump.com/90610/o/129285,2024-09-24 00:00:00.000,
129286,2024-09-24 16:17:50.687,2024-09-24 16:17:50.687,89534,https://c.cfjump.com/Avatars/bc02e577-694a-4a4a-945b-9904e60c6b2b.png,GiftBox,SWIG Cooler Bag With Trolley Black Grey 28L | $129 ,see website for T&C's ,https://t.cfjump.com/90610/o/129286,2024-09-24 00:00:00.000,
129287,2024-09-24 16:19:36.267,2024-09-24 16:19:36.267,89534,https://c.cfjump.com/Avatars/bc02e577-694a-4a4a-945b-9904e60c6b2b.png,GiftBox,Swig Cooler Bag With Trolley Desert Sand 28L | $129,see website for T&C's ,https://t.cfjump.com/90610/o/129287,2024-09-24 00:00:00.000,
131726,2024-11-20 00:05:39.843,2024-11-20 00:05:39.843,89534,https://c.cfjump.com/Avatars/bc02e577-694a-4a4a-945b-9904e60c6b2b.png,GiftBox,Minimum 20 to 50% off Smart tech xecho ,see website for T&C's ,https://t.cfjump.com/90610/o/131726,2024-11-20 00:00:00.000,
131727,2024-11-20 00:06:19.967,2024-11-20 00:06:19.967,89534,https://c.cfjump.com/Avatars/bc02e577-694a-4a4a-945b-9904e60c6b2b.png,GiftBox,Minimum 20% off ALL Swig range,see website for T&C's ,https://t.cfjump.com/90610/o/131727,2024-11-20 00:00:00.000,
146766,2026-02-12 18:42:55.337,2026-02-27 16:36:18.490,89534,https://c.cfjump.com/Avatars/bc02e577-694a-4a4a-945b-9904e60c6b2b.png,GiftBox,"Spend $200, Save $30 with code: SAVE30","Excludes Panthera Slushie Machine Pro+.
Discount applies when the relevant promo code is entered at checkout in a single transaction. One promo code per order. Not available with any other discount or promo code. Not redeemable for cash. Online only at giftbox.com.au and not valid in retail stores or on marketplaces. Cannot be applied or redeemed after the sale is finalised. All standard terms and conditions apply.",https://t.cfjump.com/90610/o/146766,2026-02-11 00:00:00.000,
146767,2026-02-12 18:43:07.990,2026-02-27 16:36:28.677,89534,https://c.cfjump.com/Avatars/bc02e577-694a-4a4a-945b-9904e60c6b2b.png,GiftBox,"Spend $150, save $20 with code SAVE20","Excludes Panthera Slushie Machine Pro+.
Discount applies when the relevant promo code is entered at checkout in a single transaction. One promo code per order. Not available with any other discount or promo code. Not redeemable for cash. Online only at giftbox.com.au and not valid in retail stores or on marketplaces. Cannot be applied or redeemed after the sale is finalised. All standard terms and conditions apply.",https://t.cfjump.com/90610/o/146767,2026-02-11 00:00:00.000,
146768,2026-02-12 18:47:09.757,2026-02-12 18:47:09.757,89534,https://c.cfjump.com/Avatars/bc02e577-694a-4a4a-945b-9904e60c6b2b.png,GiftBox,Spend $20 & Get for $10,"- Spend $20 and get a Glass Flowers Candle or Reed Diffuser for $10. 
- Simply add the candle or diffuser to your cart, and once you’ve met the $20 threshold the price will update to $10.
- Offer available in store and online. Restrictions apply in store; see in store signage for details. While stocks last.",https://t.cfjump.com/90610/o/146768,2026-02-12 00:00:00.000,
146769,2026-02-12 18:53:34.540,2026-02-12 18:53:34.540,89534,https://c.cfjump.com/Avatars/bc02e577-694a-4a4a-945b-9904e60c6b2b.png,GiftBox,Join GiftBox Perks & Get $15 Off,Sign up to GiftBox Perks by creating an account and opting in for Marketing to receive a $15 Off Voucher.,https://t.cfjump.com/90610/o/146769,2026-02-12 00:00:00.000,
147098,2026-02-27 12:07:58.513,2026-02-27 12:07:58.513,92324,https://c.cfjump.com/Avatars/f44497dc-1678-43f1-be96-0171717a7355.png,GINGER&ME,Purchase The Glow Oil and B3 Glow Sheet Masks and receive PHA Microbiome Peel Mask FREE.,Purchase The Glow Oil and B3 Glow Sheet Masks and receive PHA Microbiome Peel Mask FREE.,https://t.cfjump.com/90610/o/147098,2026-04-01 00:00:00.000,2026-05-31 23:59:59.000
147099,2026-02-27 12:08:35.857,2026-03-03 11:34:26.820,92324,https://c.cfjump.com/Avatars/f44497dc-1678-43f1-be96-0171717a7355.png,GINGER&ME,Purchase a Mindful Candle or Mini Candle Trio and receive a Candle Care Kit for just $20.,Purchase a Mindful Candle or Mini Candle Trio and receive a Candle Care Kit for just $20.,https://t.cfjump.com/90610/o/147099,2026-03-01 00:00:00.000,2026-06-30 23:59:59.000
147100,2026-02-27 12:09:20.170,2026-03-03 11:34:10.287,92324,https://c.cfjump.com/Avatars/f44497dc-1678-43f1-be96-0171717a7355.png,GINGER&ME, Purchase Shower Body Oil and Body Butter and receive a Sugar Body Polish and G&M Cosmetic Bag FREE. , Purchase Shower Body Oil and Body Butter and receive a Sugar Body Polish and G&M Cosmetic Bag FREE. ,https://t.cfjump.com/90610/o/147100,2026-03-01 00:00:00.000,2026-06-30 23:59:59.000
110333,2023-05-24 16:41:41.703,2023-05-24 16:41:41.703,85205,https://c.cfjump.com/Avatars/4b4fb6c4-cdba-41f6-9928-f41b83ad938b.png,Green Gadgets,Free Shipping - Same Day Dispatch,,https://t.cfjump.com/90610/o/110333,2023-05-24 00:00:00.000,
110334,2023-05-24 16:41:55.517,2023-05-24 16:41:55.517,85205,https://c.cfjump.com/Avatars/4b4fb6c4-cdba-41f6-9928-f41b83ad938b.png,Green Gadgets,30 Day Satisfaction Guarantee - Love it or Return it,,https://t.cfjump.com/90610/o/110334,2023-05-24 00:00:00.000,
110768,2023-06-05 14:17:28.407,2023-06-05 14:18:55.673,85205,https://c.cfjump.com/Avatars/4b4fb6c4-cdba-41f6-9928-f41b83ad938b.png,Green Gadgets,Subscribe & Save 5% First Purchase,"Subscriber Coupon
Individuals must become a 'Subscriber' to our Marketing Emails to receive a 5% discount code via email.

Subscriber Coupon codes are limited to first time email subscribers only
Limit of one discount code per customer
Coupons will expire 60 days from issue date and cannot be extended
Coupon is single use only, non-transferable and must be used in a single checkout process
Only one discount code can be used per order
Green Gadgets reserves the right to amend or cancel orders if a customer is in breach of our Subscriber Coupon Terms and Conditions
Coupon codes cannot be used in conjunction with any sale or bundle items and any other offers, unless otherwise specified in the promotion.",https://t.cfjump.com/90610/o/110768,2023-06-05 00:00:00.000,
103271,2022-11-04 13:06:49.097,2022-11-04 13:06:49.097,82081,https://c.cfjump.com/Avatars/ed0225fc-f481-4458-9168-32f005088a0f.png,Gym Plus Australia,Signup and get $15 Welcome Offer,,https://t.cfjump.com/90610/o/103271,2022-11-04 00:00:00.000,
103272,2022-11-04 13:15:59.617,2022-11-04 13:15:59.617,82081,https://c.cfjump.com/Avatars/ed0225fc-f481-4458-9168-32f005088a0f.png,Gym Plus Australia,Zippay and Afterpay available!,,https://t.cfjump.com/90610/o/103272,2022-11-04 00:00:00.000,
103273,2022-11-04 13:16:38.773,2022-11-04 13:16:38.773,82081,https://c.cfjump.com/Avatars/ed0225fc-f481-4458-9168-32f005088a0f.png,Gym Plus Australia,!4 days Change of Mind returns ,You will receive a refund for returned items in cases where you have changed your mind. This also applies to orders cancelled when the item has already been dispatched from our warehouse. We accept Change of Mind returns for 14 days after you have received the item. The item must be in a re-saleable condition to qualify for a Change of Mind refund. Handling/Cancellation fees will apply at 20% of the purchase price. The refund amount will not include original freight costs.,https://t.cfjump.com/90610/o/103273,2022-11-04 00:00:00.000,
103274,2022-11-04 13:17:40.537,2022-11-04 13:17:40.537,82081,https://c.cfjump.com/Avatars/ed0225fc-f481-4458-9168-32f005088a0f.png,Gym Plus Australia,Free shipping for all non bulky products to Australia metro areas (Except Western Australia),"We understand you wouldn't be happy to see surprisingly high shipping cost at checkout. Therefore, we offer free shipping for all non bulky products to Australia metro areas (Except Western Australia). We also make sure our shipping charges are low and reasonable, even for bulky items, to those rural/regional areas.

How do you qualify for free shipping?

For an accurate delivery quote: Simply enter your shipping area and postcode on each product page to get a shipping cost estimation. Your final shipping charges will be displayed in your checkout page before you proceed to payment so that you know exactly how much shipping will be.

Outside of Australia Metro areas delivery charges vary depending on the size and weight of your order and your chosen delivery address.

Please contact us if you feel the shipping cost is unreasonable. We're always happy to re-quote and provide best postage rates for you!

We do not suggest express shipping for large sports and fitness products as the cost can be absurd. However, if you need them urgently, please contact us for best express shipping charges.",https://t.cfjump.com/90610/o/103274,2022-11-04 00:00:00.000,
103275,2022-11-04 13:18:06.693,2022-11-04 13:18:06.710,82081,https://c.cfjump.com/Avatars/ed0225fc-f481-4458-9168-32f005088a0f.png,Gym Plus Australia,Bring the gym home!,,https://t.cfjump.com/90610/o/103275,2022-11-04 00:00:00.000,
101648,2022-09-26 20:04:18.420,2025-03-24 06:25:58.757,78503,https://c.cfjump.com/Avatars/2cd97672-6546-4725-af4c-2d49b74df646.png,Happy Healthy You,FREE SHIPPING - All orders over $70!,"Free shipping on all orders over $70!
Available to all customers in Australia and New Zealand.
Starts 26 September 2022 and running as an ongoing offer.
Can be used multiple times.
We ship the same or next day from Monday to Friday.
If you place an order late on Friday afternoon, or over the weekend, it won't go out until the following Monday.
Generally, our deliveries take 2-4 business days to all major Australian cities.
It takes slightly longer if you're in a rural area, or if you're having the product delivered to a P.O. Box.*
Orders to New Zealand are sometimes subject to a slight delay at Customs.",https://t.cfjump.com/90610/o/101648,2022-09-26 00:00:00.000,
103736,2022-11-10 19:23:40.457,2023-05-26 17:35:04.150,78503,https://c.cfjump.com/Avatars/2cd97672-6546-4725-af4c-2d49b74df646.png,Happy Healthy You,Free Health Resources & Exclusive Promos,"Free Health Resources & Exclusive Promotions when subscribing to our newsletter.
Available to all customers in Australia and New Zealand.
Starts 10 Nov 2022 and is ongoing",https://t.cfjump.com/90610/o/103736,2022-11-10 00:00:00.000,
103923,2022-11-15 20:25:08.817,2023-05-26 17:35:28.837,78503,https://c.cfjump.com/Avatars/2cd97672-6546-4725-af4c-2d49b74df646.png,Happy Healthy You,FREE Online Hormone Assessment,"Free Online Hormone Assessment.
Offer available to all customers.
Promotion running on an ongoing basis.
Free Online Assessment equivalent to a naturopathic consultation to comprehend your unique hormonal profile.",https://t.cfjump.com/90610/o/103923,2022-11-15 00:00:00.000,
110685,2023-06-01 16:07:46.970,2023-06-01 16:07:46.970,78503,https://c.cfjump.com/Avatars/2cd97672-6546-4725-af4c-2d49b74df646.png,Happy Healthy You,Subscribe and save 10% on your order,See the website for the T&C.,https://t.cfjump.com/90610/o/110685,2023-06-01 00:00:00.000,
130209,2024-10-14 19:35:45.087,2024-10-14 19:35:45.087,90516,https://c.cfjump.com/Avatars/2d823298-da45-49e5-ad65-4961cc121ea8.png,Happy Mammoth,Subscribe & Save ,"Up to 20% off on one product 
Valid until cancelation 
No minimum purchase ",https://t.cfjump.com/90610/o/130209,2024-10-14 00:00:00.000,
130349,2024-10-17 12:56:58.747,2024-10-17 12:56:58.747,90516,https://c.cfjump.com/Avatars/2d823298-da45-49e5-ad65-4961cc121ea8.png,Happy Mammoth,Free Shipping For Orders Over $110 AUD,,https://t.cfjump.com/90610/o/130349,2024-10-17 00:00:00.000,
139422,2025-06-02 14:54:40.150,2025-06-02 14:54:40.150,91969,https://c.cfjump.com/Avatars/145d0755-9e43-4998-a5ab-e25cf532e0d7.png,Health Supplements,Fit and Flex Sale Get 10% off on your order ,,https://t.cfjump.com/90610/o/139422,2025-06-02 00:00:00.000,
139423,2025-06-02 14:55:30.370,2025-06-02 14:55:30.370,91969,https://c.cfjump.com/Avatars/145d0755-9e43-4998-a5ab-e25cf532e0d7.png,Health Supplements,Subscribe for Exclusive Offers!,,https://t.cfjump.com/90610/o/139423,2025-06-02 00:00:00.000,
139424,2025-06-02 14:59:17.713,2025-06-02 14:59:17.713,91969,https://c.cfjump.com/Avatars/145d0755-9e43-4998-a5ab-e25cf532e0d7.png,Health Supplements,Free Shipping,"Free shipping does not apply to certain products.
We may flat-pack your order to fit inside the letterbox and ship the order in an envelope to reduce the shipping cost.
Additional shipping charges shall apply to orders shipping to certain areas, depending on the delivery zone and weight of the parcel.
If you receive a damaged, incorrect or incomplete order/product, please contact our customer support team within five days of delivery to make the return.
If you contact us after five working days of delivery to return an order/product(s), we will not be able to accept the return.
If you receive an incorrect, damaged or incomplete order/product(s), you must share pictures of the order/product(s).
We keep records of the orders for 2 months. No refund or reshipment will be provided if you contact us after 2 months or longer for the delivery status of the order.
There are certain regions in Australia, where our courier service is unable to deliver the shipment, in such cases, the package shall be returned to us. We will contact the buyer once the package is returned to issue a refund the shipment.
Once the order is marked delivered to the respective mailing address, it is the buyer’s responsibility to contact the courier/postal service.
We are not liable for any loss of the shipment once the delivery is confirmed.
You will not be offered a reshipment or refund for non-delivery of the shipment once the courier/postal company has marked the order as 'delivered'.
If you wish to get your order delivered to the Parcel Collect or Parcel Locker, you should inform our customer support team within 24 hours of ordering.
If you wish to deliver your order to a Parcel Locker, you should select the paid shipping option while ordering.",https://t.cfjump.com/90610/o/139424,2025-06-02 00:00:00.000,
18511,2017-01-24 09:49:45.513,2017-03-07 13:41:31.053,41444,https://c.cfjump.com/Avatars/f4dcb55d-8b67-4c94-be8d-6c6bdedac3ce.png,Hello Molly,Hello Molly offers FREE EXPRESS shipping Australia-wide on orders over $50. Packages are sent via Australia Post.,Hello Molly offers FREE EXPRESS shipping Australia-wide on orders over $50. Packages are sent via Australia Post.,https://t.cfjump.com/90610/o/18511,2017-01-24 00:00:00.000,
22929,2017-03-28 09:48:05.330,2024-07-02 12:10:00.000,41444,https://c.cfjump.com/Avatars/f4dcb55d-8b67-4c94-be8d-6c6bdedac3ce.png,Hello Molly,Get up to 40% off on selected products,,https://t.cfjump.com/90610/o/22929,2017-03-28 00:00:00.000,
34711,2017-11-23 15:05:20.013,2024-07-02 12:10:00.000,41444,https://c.cfjump.com/Avatars/f4dcb55d-8b67-4c94-be8d-6c6bdedac3ce.png,Hello Molly,Introducing our new and EXCLUSIVE Dear Emilia range,see website for full range ,https://t.cfjump.com/90610/o/34711,2017-11-23 00:00:00.000,
35662,2017-12-14 15:38:02.260,2017-12-14 15:38:02.260,41444,https://c.cfjump.com/Avatars/f4dcb55d-8b67-4c94-be8d-6c6bdedac3ce.png,Hello Molly,Clearance Sale ,see website for full T&Cs ,https://t.cfjump.com/90610/o/35662,2017-12-30 00:00:00.000,
63192,2020-02-04 13:43:18.013,2024-02-29 11:40:04.910,66886,https://c.cfjump.com/Avatars/63407452-7a7d-4a8d-a3ee-1e4be2a48f49.png,Helly Hansen Australia,Free Shipping on orders over $250,,https://t.cfjump.com/90610/o/63192,2020-02-04 00:00:00.000,
63193,2020-02-04 13:43:24.873,2020-02-04 13:43:24.873,66886,https://c.cfjump.com/Avatars/63407452-7a7d-4a8d-a3ee-1e4be2a48f49.png,Helly Hansen Australia,All orders will be delivered within 2-6 business days,,https://t.cfjump.com/90610/o/63193,2020-02-04 00:00:00.000,
63194,2020-02-04 13:43:40.670,2020-02-04 13:43:40.670,66886,https://c.cfjump.com/Avatars/63407452-7a7d-4a8d-a3ee-1e4be2a48f49.png,Helly Hansen Australia,30 day return policy,,https://t.cfjump.com/90610/o/63194,2020-02-04 00:00:00.000,
63195,2020-02-04 13:43:50.840,2020-02-05 11:58:05.770,66886,https://c.cfjump.com/Avatars/63407452-7a7d-4a8d-a3ee-1e4be2a48f49.png,Helly Hansen Australia,"We accept all major credit cards, PayPal, AfterPay & Zip Pay.",,https://t.cfjump.com/90610/o/63195,2020-02-04 00:00:00.000,
123722,2024-04-04 12:38:34.450,2024-04-04 12:38:34.450,89246,https://c.cfjump.com/Avatars/6c4d2a35-c777-4a3f-baf1-d1a8d12f0900.png,Heychic,Sign up to our newsletter to get 10% off on your first order,,https://t.cfjump.com/90610/o/123722,2024-04-04 00:00:00.000,
123723,2024-04-04 12:39:44.497,2024-04-04 12:39:44.497,89246,https://c.cfjump.com/Avatars/6c4d2a35-c777-4a3f-baf1-d1a8d12f0900.png,Heychic,END OF SEASON SALES: UP TO 70% OFF,,https://t.cfjump.com/90610/o/123723,2024-04-04 00:00:00.000,
123724,2024-04-04 12:40:17.170,2024-04-04 12:40:17.170,89246,https://c.cfjump.com/Avatars/6c4d2a35-c777-4a3f-baf1-d1a8d12f0900.png,Heychic,FREE SHIPPING ON ORDER OVER $200 AUD,,https://t.cfjump.com/90610/o/123724,2024-04-04 00:00:00.000,
146816,2026-02-13 14:18:17.423,2026-02-13 14:18:17.423,89246,https://c.cfjump.com/Avatars/6c4d2a35-c777-4a3f-baf1-d1a8d12f0900.png,Heychic,EVERYONE WINS! Spin the Wheel | SPIN AND SAVE MONEY,,https://t.cfjump.com/90610/o/146816,2026-02-13 00:00:00.000,
146817,2026-02-13 14:19:01.843,2026-02-13 14:19:01.843,89246,https://c.cfjump.com/Avatars/6c4d2a35-c777-4a3f-baf1-d1a8d12f0900.png,Heychic,FREE SHIPPING ON ORDER OVER $75,,https://t.cfjump.com/90610/o/146817,2026-02-13 00:00:00.000,
146818,2026-02-13 14:19:14.330,2026-02-13 14:19:14.330,89246,https://c.cfjump.com/Avatars/6c4d2a35-c777-4a3f-baf1-d1a8d12f0900.png,Heychic,30-DAY RETURNS,,https://t.cfjump.com/90610/o/146818,2026-02-13 00:00:00.000,
125084,2024-05-08 13:21:58.663,2024-05-08 13:21:58.680,89275,https://c.cfjump.com/Avatars/b92d5283-7af1-45a8-bf2a-a739a973f025.png,House,Sign Up & Enjoy $20 off* ,"- For Orders Over $80 
- Use Code WELCOME20",https://t.cfjump.com/90610/o/125084,2024-05-08 00:00:00.000,
125086,2024-05-08 13:23:08.447,2024-05-08 13:55:00.027,89275,https://c.cfjump.com/Avatars/b92d5283-7af1-45a8-bf2a-a739a973f025.png,House,Free shipping on orders over $99,,https://t.cfjump.com/90610/o/125086,2024-05-08 00:00:00.000,
125087,2024-05-08 13:26:53.633,2024-05-08 13:54:14.620,89275,https://c.cfjump.com/Avatars/b92d5283-7af1-45a8-bf2a-a739a973f025.png,House,EXTRA 15% off Clearance,"- Valid for online orders only
- Full T&Cs at House.com.au/termspromotions",https://t.cfjump.com/90610/o/125087,2024-05-08 00:00:00.000,
146103,2026-01-13 12:43:02.293,2026-01-13 12:43:02.293,89275,https://c.cfjump.com/Avatars/b92d5283-7af1-45a8-bf2a-a739a973f025.png,House,Massive Kitchen Runout Save up to 50% off RRP*,"*Valid online only and excludes gift cards. T&Cs apply, see website",https://t.cfjump.com/90610/o/146103,2026-02-10 00:00:00.000,2026-03-09 23:59:59.000
115964,2023-10-17 12:17:33.613,2023-10-17 12:17:33.613,88018,https://c.cfjump.com/Avatars/f90033a2-4de9-4312-826e-9eab97543a0d.png,In Essence,"Free Shipping On Australian Orders, When You Spend Over $100* ",,https://t.cfjump.com/90610/o/115964,2023-10-17 00:00:00.000,
9685,2016-02-11 04:29:57.590,2020-08-18 10:34:59.033,6799,https://c.cfjump.com/Avatars/e40130d8-c509-4343-902d-ed40f1fb6291.png,Innovations,Shop What's New at Innovations. New innovative products for the Home and Outdoors. Click Here!,Shop What's New at Innovations. New innovative products for the Home and Outdoors. Click Here!,https://t.cfjump.com/90610/o/9685,2016-02-10 00:00:00.000,
9686,2016-02-11 04:30:14.143,2020-08-18 10:41:11.003,6799,https://c.cfjump.com/Avatars/e40130d8-c509-4343-902d-ed40f1fb6291.png,Innovations,"Boredom Busting Craft Favourites: Shop a huge range of Needlework, Jigsaws, Paper Crafts, Accessories & more! Find a great deal now!","Shop a huge range of Needlework, Jigsaws, Paper Crafts, Accessories & more! Find a great deal now!",https://t.cfjump.com/90610/o/9686,2016-02-10 00:00:00.000,
45238,2018-08-09 12:00:44.790,2020-08-18 10:41:34.660,6799,https://c.cfjump.com/Avatars/e40130d8-c509-4343-902d-ed40f1fb6291.png,Innovations,Enjoy $9.90 Flat Rate Shipping & a 12 Month Money Back Guarantee at Innovations. Shop now!,,https://t.cfjump.com/90610/o/45238,2018-08-09 00:00:00.000,
45239,2018-08-09 12:01:31.347,2018-08-09 12:01:31.347,6799,https://c.cfjump.com/Avatars/e40130d8-c509-4343-902d-ed40f1fb6291.png,Innovations,Hundreds of brilliant products & Free Gift with Purchase at Innovations! Click Here to find Endless Possibilities in One Store!,,https://t.cfjump.com/90610/o/45239,2018-08-09 00:00:00.000,
115746,2023-10-11 12:06:15.980,2023-10-11 12:06:15.980,88019,https://c.cfjump.com/Avatars/07ee5123-2f02-44e8-aa3a-09f42539d38d.png,Innoxa Australia,FREE SHIPPING ON ORDERS OVER $75,,https://t.cfjump.com/90610/o/115746,2023-10-11 00:00:00.000,
103450,2022-11-08 14:04:15.307,2024-11-22 09:59:07.090,74056,https://c.cfjump.com/Avatars/da33861d-2970-40db-84ad-f659d8692993.png,INTERSPORT Australia,Sign up and get $20 off on your 2nd purchase! (Minimum $150 Spend) ,"Join the INTERSPORT Club and receive $20 off on your 2nd purchase*.
*Minimum $150 spend, T&Cs apply!",https://t.cfjump.com/90610/o/103450,2022-11-08 00:00:00.000,
123727,2024-04-04 13:41:26.520,2024-04-04 13:41:26.520,88015,https://c.cfjump.com/Avatars/1fdbee77-1833-416a-923c-fd49b5caeb8c.png,iScoot,FREE DELIVERY ON ORDERS ABOVE $129*,,https://t.cfjump.com/90610/o/123727,2024-04-04 00:00:00.000,
123728,2024-04-04 13:42:02.237,2024-04-04 13:42:02.237,88015,https://c.cfjump.com/Avatars/1fdbee77-1833-416a-923c-fd49b5caeb8c.png,iScoot,"price beat guarantee, where we will beat any price by 5%",,https://t.cfjump.com/90610/o/123728,2024-04-04 00:00:00.000,
72555,2020-10-30 11:05:25.777,2020-10-30 11:07:03.937,70796,https://c.cfjump.com/Avatars/6fd20452-e2e7-445e-a6ef-92134f3b19a8.png,JOUJOU,FREE DISCREET SHIPPING ON ORDERS OVER $59,"We offer worldwide shipping, discreet packaging, same to next day dispatch, as well as FREE SHIPPING (Australia and New Zealand) on orders over $59 AUD.  Our Online Adult Shop has warehouses set up across Melbourne and Sydney for faster delivery. ",https://t.cfjump.com/90610/o/72555,2020-10-30 00:00:00.000,
72556,2020-10-30 11:05:34.650,2020-10-30 11:06:08.730,70796,https://c.cfjump.com/Avatars/6fd20452-e2e7-445e-a6ef-92134f3b19a8.png,JOUJOU,BEST PRICE GUARANTEE,"Our Online Sex Shop offer competitive prices and will happily price match and beat the price by 5% of the difference. *   

",https://t.cfjump.com/90610/o/72556,2020-10-30 00:00:00.000,
72557,2020-10-30 11:05:53.540,2020-10-30 11:05:53.540,70796,https://c.cfjump.com/Avatars/6fd20452-e2e7-445e-a6ef-92134f3b19a8.png,JOUJOU,AUSTRALIA’S FAVOURITE ONLINE ADULT STORE,,https://t.cfjump.com/90610/o/72557,2020-10-30 00:00:00.000,
72558,2020-10-30 11:06:24.323,2020-10-30 11:06:24.323,70796,https://c.cfjump.com/Avatars/6fd20452-e2e7-445e-a6ef-92134f3b19a8.png,JOUJOU,SECURE PAYMENTS ,"- Check out safely and securely with our reputable merchant facility. We accept various methods of payment such as Paypal, Afterpay, ZipPay, Klarna, Visa, Mastercard and even place orders over the phone  ",https://t.cfjump.com/90610/o/72558,2020-10-30 00:00:00.000,
72559,2020-10-30 11:06:44.433,2020-10-30 11:06:44.433,70796,https://c.cfjump.com/Avatars/6fd20452-e2e7-445e-a6ef-92134f3b19a8.png,JOUJOU,EASY RETURNS, We replace faulty products within our 90 days warranty period and also honour manufacturer's extended 12-month warranties.   ,https://t.cfjump.com/90610/o/72559,2020-10-30 00:00:00.000,
126873,2024-07-10 17:29:39.913,2025-06-11 13:46:32.573,63713,https://c.cfjump.com/Avatars/f7420f4f-f177-431e-a809-d78a1b643bd7.png,Just Wines,Wine Shopping Festival - Upto 70% Off,,https://t.cfjump.com/90610/o/126873,2024-07-10 00:00:00.000,
143937,2025-10-30 18:22:36.750,2025-10-30 18:22:36.750,63713,https://c.cfjump.com/Avatars/f7420f4f-f177-431e-a809-d78a1b643bd7.png,Just Wines,Exclusive Wine Deals On Now at Just Wines,,https://t.cfjump.com/90610/o/143937,2025-10-30 00:00:00.000,
144391,2025-11-08 17:16:31.793,2025-11-08 17:16:31.793,63713,https://c.cfjump.com/Avatars/f7420f4f-f177-431e-a809-d78a1b643bd7.png,Just Wines,Get Free Shipping on Premium Red & White Wine Dozens.,,https://t.cfjump.com/90610/o/144391,2025-11-08 00:00:00.000,
144392,2025-11-08 17:17:22.370,2025-11-08 17:17:22.370,63713,https://c.cfjump.com/Avatars/f7420f4f-f177-431e-a809-d78a1b643bd7.png,Just Wines,Shop Australia's Best Red Wine Selection. Just Wines.,,https://t.cfjump.com/90610/o/144392,2025-11-08 00:00:00.000,
144393,2025-11-08 17:19:05.637,2025-11-08 17:19:05.637,63713,https://c.cfjump.com/Avatars/f7420f4f-f177-431e-a809-d78a1b643bd7.png,Just Wines,"Shop Barossa Valley Wines. Iconic Shiraz, Cab Sauv & More.",,https://t.cfjump.com/90610/o/144393,2025-11-08 00:00:00.000,
144394,2025-11-08 17:20:23.840,2025-11-08 17:20:23.840,63713,https://c.cfjump.com/Avatars/f7420f4f-f177-431e-a809-d78a1b643bd7.png,Just Wines,Explore Margaret River Wines. Shop Reds & Whites Today!,,https://t.cfjump.com/90610/o/144394,2025-11-08 00:00:00.000,
144395,2025-11-08 17:21:41.213,2025-11-08 17:21:41.213,63713,https://c.cfjump.com/Avatars/f7420f4f-f177-431e-a809-d78a1b643bd7.png,Just Wines,Experience McLaren Vale. Shop Premium Reds & Whites.,,https://t.cfjump.com/90610/o/144395,2025-11-08 00:00:00.000,
144396,2025-11-08 17:22:59.417,2025-11-08 17:22:59.417,63713,https://c.cfjump.com/Avatars/f7420f4f-f177-431e-a809-d78a1b643bd7.png,Just Wines,"Explore South Australia's Best. Barossa, McLaren Vale & More.",,https://t.cfjump.com/90610/o/144396,2025-11-08 00:00:00.000,
144397,2025-11-08 17:24:11.043,2025-11-08 17:24:11.043,63713,https://c.cfjump.com/Avatars/f7420f4f-f177-431e-a809-d78a1b643bd7.png,Just Wines,"Taste Central Victoria. Shiraz, Cabernet & Pinot Noir.",,https://t.cfjump.com/90610/o/144397,2025-11-08 00:00:00.000,
144398,2025-11-08 17:25:01.763,2025-11-08 17:25:01.763,63713,https://c.cfjump.com/Avatars/f7420f4f-f177-431e-a809-d78a1b643bd7.png,Just Wines,Taste Western Australia. Chardonnay & More. Just Wines.,,https://t.cfjump.com/90610/o/144398,2025-11-08 00:00:00.000,
144399,2025-11-08 17:26:06.310,2025-11-08 17:26:06.310,63713,https://c.cfjump.com/Avatars/f7420f4f-f177-431e-a809-d78a1b643bd7.png,Just Wines,Top Red Wine Deals. Find Your Next Bottle Under $10!,,https://t.cfjump.com/90610/o/144399,2025-11-08 00:00:00.000,
144400,2025-11-08 17:28:18.560,2025-11-08 17:28:18.560,63713,https://c.cfjump.com/Avatars/f7420f4f-f177-431e-a809-d78a1b643bd7.png,Just Wines,Refreshing White Wines. Shop Top Aussie Regions. Just Wines,,https://t.cfjump.com/90610/o/144400,2025-11-08 00:00:00.000,
144401,2025-11-08 17:30:12.200,2025-11-08 17:30:12.200,63713,https://c.cfjump.com/Avatars/f7420f4f-f177-431e-a809-d78a1b643bd7.png,Just Wines,Cool Climate Wines from Adelaide Hills. Shop Just Wines.,,https://t.cfjump.com/90610/o/144401,2025-11-08 00:00:00.000,
144402,2025-11-08 17:31:11.467,2025-11-08 17:31:11.467,63713,https://c.cfjump.com/Avatars/f7420f4f-f177-431e-a809-d78a1b643bd7.png,Just Wines,Shop Refreshing Rosé Wine Online. Just Wines Australia.,,https://t.cfjump.com/90610/o/144402,2025-11-08 00:00:00.000,
144403,2025-11-08 17:32:24.217,2025-11-08 17:32:24.217,63713,https://c.cfjump.com/Avatars/f7420f4f-f177-431e-a809-d78a1b643bd7.png,Just Wines,Explore Top Aussie Wines. Curated Mixed Cases. Just Wines.,,https://t.cfjump.com/90610/o/144403,2025-11-08 00:00:00.000,
144404,2025-11-08 17:33:33.937,2025-11-08 17:33:33.937,63713,https://c.cfjump.com/Avatars/f7420f4f-f177-431e-a809-d78a1b643bd7.png,Just Wines,Discover Your Next Favourite White. Mixed Dozens. Just Wines.,,https://t.cfjump.com/90610/o/144404,2025-11-08 00:00:00.000,
144405,2025-11-08 17:34:46.343,2025-11-08 17:34:46.343,63713,https://c.cfjump.com/Avatars/f7420f4f-f177-431e-a809-d78a1b643bd7.png,Just Wines,"Shop Mixed Red Wine Cases. Shiraz, Cab Sauv, Merlot & More.",,https://t.cfjump.com/90610/o/144405,2025-11-08 00:00:00.000,
144406,2025-11-08 17:36:01.123,2025-11-08 17:36:01.123,63713,https://c.cfjump.com/Avatars/f7420f4f-f177-431e-a809-d78a1b643bd7.png,Just Wines,The Perfect Mix! Red & White Wine Dozens. Shop Just Wines.,,https://t.cfjump.com/90610/o/144406,2025-11-08 00:00:00.000,
144407,2025-11-08 17:36:59.670,2025-11-08 17:36:59.670,63713,https://c.cfjump.com/Avatars/f7420f4f-f177-431e-a809-d78a1b643bd7.png,Just Wines,Add Some Fizz! Shop Sparkling Wine at Just Wines.,,https://t.cfjump.com/90610/o/144407,2025-11-08 00:00:00.000,
144408,2025-11-08 17:38:12.577,2025-11-08 17:38:12.577,63713,https://c.cfjump.com/Avatars/f7420f4f-f177-431e-a809-d78a1b643bd7.png,Just Wines,Luxury in a Bottle. Shop Champagne at Just Wines.,,https://t.cfjump.com/90610/o/144408,2025-11-08 00:00:00.000,
144409,2025-11-08 17:40:02.623,2025-11-08 17:40:02.623,63713,https://c.cfjump.com/Avatars/f7420f4f-f177-431e-a809-d78a1b643bd7.png,Just Wines,"Find Your Favourite Spirit. Gin, Whisky & Vodka. Just Wines.",,https://t.cfjump.com/90610/o/144409,2025-11-08 00:00:00.000,
144410,2025-11-08 17:49:16.437,2025-11-08 17:49:16.437,63713,https://c.cfjump.com/Avatars/f7420f4f-f177-431e-a809-d78a1b643bd7.png,Just Wines,"Great Taste, Zero Alcohol. Shop Non-Alc Drinks at Just Wines.",,https://t.cfjump.com/90610/o/144410,2025-11-08 00:00:00.000,
144411,2025-11-08 17:50:36.217,2025-11-08 17:50:36.217,63713,https://c.cfjump.com/Avatars/f7420f4f-f177-431e-a809-d78a1b643bd7.png,Just Wines,"Shop Christmas Alcohol Gifts! Wine, Beer & Spirit Advent Calendars.",,https://t.cfjump.com/90610/o/144411,2025-11-08 00:00:00.000,
127054,2024-07-16 16:11:01.297,2024-07-16 16:11:01.297,90042,https://c.cfjump.com/Avatars/816a0eb1-9ebe-4f18-8bc9-d8ca05f7cc5a.png,Kakadu Plum Co.,WANT 10% OFF? Get 10% off your first order + get exclusive community updates and first access to new products,,https://t.cfjump.com/90610/o/127054,2024-07-16 00:00:00.000,
127055,2024-07-16 16:11:10.017,2024-07-16 16:11:10.017,90042,https://c.cfjump.com/Avatars/816a0eb1-9ebe-4f18-8bc9-d8ca05f7cc5a.png,Kakadu Plum Co.,Free standard AU shipping over $99,,https://t.cfjump.com/90610/o/127055,2024-07-16 00:00:00.000,
131251,2024-11-12 13:19:10.190,2024-11-12 13:19:10.190,90042,https://c.cfjump.com/Avatars/816a0eb1-9ebe-4f18-8bc9-d8ca05f7cc5a.png,Kakadu Plum Co.,20% off Jam Bundle Special - New Gift Box,while stocks last,https://t.cfjump.com/90610/o/131251,2024-11-12 00:00:00.000,
136846,2025-03-27 10:32:41.687,2025-03-27 10:32:41.687,90042,https://c.cfjump.com/Avatars/816a0eb1-9ebe-4f18-8bc9-d8ca05f7cc5a.png,Kakadu Plum Co.,Caroline Williams - 1024 Jigsaw Puzzle,"- Free Pick Up at Kakadu Plum Co. — (17/95 White Street, Mordialloc)
- Free delivery — on all orders over $140!
- Royalties from the sale of this product directly benefit the artist and their community
- Comes with a reusable draw string bag and framable poster",https://t.cfjump.com/90610/o/136846,2025-03-27 00:00:00.000,
136847,2025-03-27 10:36:27.500,2025-03-27 10:36:27.500,90042,https://c.cfjump.com/Avatars/816a0eb1-9ebe-4f18-8bc9-d8ca05f7cc5a.png,Kakadu Plum Co.,Portia Michaels - 1000 piece Jigsaw Puzzles ,"- Free Pick Up at Kakadu Plum Co. — (17/95 White Street, Mordialloc)

- Free delivery — on all orders over $140!

- 1024 piece art puzzle designed by Caroline Williams from Warlukurlangu Artists, one of the longest running and most successful Aboriginal-owned art centres in Central Australia.

- Comes with a reusable draw string bag and framable poster

- Royalties from the sale of this product directly benefit the artist and their community",https://t.cfjump.com/90610/o/136847,2025-03-27 00:00:00.000,
136848,2025-03-27 10:38:08.923,2025-03-27 10:38:08.923,90042,https://c.cfjump.com/Avatars/816a0eb1-9ebe-4f18-8bc9-d8ca05f7cc5a.png,Kakadu Plum Co.,Ruth Spencer - 1024 Jigsaw Puzzle,"- Free Pick Up at Kakadu Plum Co. — (17/95 White Street, Mordialloc)

- Free delivery — on all orders over $140!

- 1024 piece art puzzle designed by Ruth Spencer from Warlukurlangu Artists, one of the longest running and most successful Aboriginal-owned art centres in Central Australia.

- Comes with a reusable draw string bag and framable poster

- Royalties from the sale of this product directly benefit the artist and their community",https://t.cfjump.com/90610/o/136848,2025-03-27 00:00:00.000,
137629,2025-04-17 09:38:19.777,2025-04-17 09:38:19.790,90042,https://c.cfjump.com/Avatars/816a0eb1-9ebe-4f18-8bc9-d8ca05f7cc5a.png,Kakadu Plum Co.,The Australian Ingredients Kitchen: Simple Recipes Using Bush Foods,,https://t.cfjump.com/90610/o/137629,2025-04-17 00:00:00.000,
139858,2025-06-26 10:41:00.880,2025-06-26 10:41:00.880,90042,https://c.cfjump.com/Avatars/816a0eb1-9ebe-4f18-8bc9-d8ca05f7cc5a.png,Kakadu Plum Co.,New Product: Pepperberry Quince Paste at $12.95,see website for T&Cs,https://t.cfjump.com/90610/o/139858,2025-06-26 00:00:00.000,
112083,2023-07-20 14:32:13.720,2024-07-15 15:06:55.867,86618,https://c.cfjump.com/Avatars/549131c1-3708-4045-a303-f2aacae9cc2e.png,Kent Street Cellars,Free Delivery on all orders over $200 to all Australian Urban Areas,,https://t.cfjump.com/90610/o/112083,2023-07-20 00:00:00.000,
112084,2023-07-20 14:32:21.830,2023-07-20 14:32:21.830,86618,https://c.cfjump.com/Avatars/549131c1-3708-4045-a303-f2aacae9cc2e.png,Kent Street Cellars,Sign up and join our exclusive member's list to receive promotions and special offers,,https://t.cfjump.com/90610/o/112084,2023-07-20 00:00:00.000,
112085,2023-07-20 14:32:48.953,2023-07-20 14:32:48.953,86618,https://c.cfjump.com/Avatars/549131c1-3708-4045-a303-f2aacae9cc2e.png,Kent Street Cellars,Send the perfect gift with our Gift Hamper Collection,,https://t.cfjump.com/90610/o/112085,2023-07-20 00:00:00.000,
123714,2024-04-04 11:56:09.647,2024-04-04 11:56:09.647,89048,https://c.cfjump.com/Avatars/7a9048cc-bc68-42c3-a788-3d6b4e3eaa41.png,KIC,"IT’S NOT ABOUT HOW YOU LOOK, IT’S ABOUT HOW YOU FEEL.",,https://t.cfjump.com/90610/o/123714,2024-04-04 00:00:00.000,
123715,2024-04-04 11:56:39.820,2024-04-04 11:56:39.820,89048,https://c.cfjump.com/Avatars/7a9048cc-bc68-42c3-a788-3d6b4e3eaa41.png,KIC,START YOUR FREE TRIAL NOW,,https://t.cfjump.com/90610/o/123715,2024-04-04 00:00:00.000,
123716,2024-04-04 11:56:53.680,2024-04-04 11:56:53.680,89048,https://c.cfjump.com/Avatars/7a9048cc-bc68-42c3-a788-3d6b4e3eaa41.png,KIC,1000+ workouts programs,,https://t.cfjump.com/90610/o/123716,2024-04-04 00:00:00.000,
123717,2024-04-04 11:57:02.930,2024-04-04 11:57:02.930,89048,https://c.cfjump.com/Avatars/7a9048cc-bc68-42c3-a788-3d6b4e3eaa41.png,KIC,800+ easy recipes,,https://t.cfjump.com/90610/o/123717,2024-04-04 00:00:00.000,
123718,2024-04-04 11:57:17.540,2024-04-04 11:57:17.540,89048,https://c.cfjump.com/Avatars/7a9048cc-bc68-42c3-a788-3d6b4e3eaa41.png,KIC,100+ meditations,,https://t.cfjump.com/90610/o/123718,2024-04-04 00:00:00.000,
108105,2023-03-16 11:12:14.530,2026-02-13 14:37:13.890,83995,https://c.cfjump.com/Avatars/0631df6c-5da2-41a2-b687-d7c55382e135.png,Kirri by Scent Australia Home,Free Shipping On Orders Over $75,,https://t.cfjump.com/90610/o/108105,2023-03-16 00:00:00.000,
146825,2026-02-13 14:37:36.470,2026-02-13 14:37:36.470,83995,https://c.cfjump.com/Avatars/0631df6c-5da2-41a2-b687-d7c55382e135.png,Kirri by Scent Australia Home,Subscribe & save up to 20%,,https://t.cfjump.com/90610/o/146825,2026-02-13 00:00:00.000,
146826,2026-02-13 14:38:16.110,2026-02-13 14:38:39.687,83995,https://c.cfjump.com/Avatars/0631df6c-5da2-41a2-b687-d7c55382e135.png,Kirri by Scent Australia Home,Loyalty | Become a member and earn points and exclusive rewards everytime you shop,,https://t.cfjump.com/90610/o/146826,2026-02-13 00:00:00.000,
106527,2023-01-31 13:33:33.090,2023-01-31 13:33:33.090,82649,https://c.cfjump.com/Avatars/6a183b19-0f31-492f-a138-b6fa75ab8c5a.png,Kowtow,Easy returns within 14 days,,https://t.cfjump.com/90610/o/106527,2023-01-31 00:00:00.000,
137302,2025-04-09 13:44:08.800,2025-04-24 12:49:27.567,91637,https://c.cfjump.com/Avatars/8d712646-2d3f-41f9-a59c-376c7728c684.png,Lana Banana,Shop The Day Range - Start your day strong,,https://t.cfjump.com/90610/o/137302,2025-04-09 00:00:00.000,
137303,2025-04-09 13:44:34.613,2025-04-24 12:49:54.880,91637,https://c.cfjump.com/Avatars/8d712646-2d3f-41f9-a59c-376c7728c684.png,Lana Banana,Shop The Night Range - Get dreamy skin overnight,,https://t.cfjump.com/90610/o/137303,2025-04-09 00:00:00.000,
137304,2025-04-09 13:45:23.487,2025-04-24 12:49:35.113,91637,https://c.cfjump.com/Avatars/8d712646-2d3f-41f9-a59c-376c7728c684.png,Lana Banana,"Shop The Entire Range - Skin perfection, morning to night",,https://t.cfjump.com/90610/o/137304,2025-04-09 00:00:00.000,
137305,2025-04-09 13:47:20.817,2025-04-09 13:47:20.817,91637,https://c.cfjump.com/Avatars/8d712646-2d3f-41f9-a59c-376c7728c684.png,Lana Banana, Free delivery with purchases over $250 ,,https://t.cfjump.com/90610/o/137305,2025-04-09 00:00:00.000,
137306,2025-04-09 13:48:15.723,2025-04-09 13:48:15.723,91637,https://c.cfjump.com/Avatars/8d712646-2d3f-41f9-a59c-376c7728c684.png,Lana Banana,Vegan & Cruelty-Free,,https://t.cfjump.com/90610/o/137306,2025-04-09 00:00:00.000,
137991,2025-04-24 12:46:37.253,2025-04-24 12:46:37.253,91637,https://c.cfjump.com/Avatars/8d712646-2d3f-41f9-a59c-376c7728c684.png,Lana Banana,Silicone Free Products,,https://t.cfjump.com/90610/o/137991,2025-04-24 00:00:00.000,
137992,2025-04-24 12:46:55.503,2025-04-24 12:46:55.503,91637,https://c.cfjump.com/Avatars/8d712646-2d3f-41f9-a59c-376c7728c684.png,Lana Banana,Paraben and Sulfate Free Products,,https://t.cfjump.com/90610/o/137992,2025-04-24 00:00:00.000,
137993,2025-04-24 12:47:21.660,2025-04-24 12:47:21.660,91637,https://c.cfjump.com/Avatars/8d712646-2d3f-41f9-a59c-376c7728c684.png,Lana Banana,No Artificial Fragrance added to our products,,https://t.cfjump.com/90610/o/137993,2025-04-24 00:00:00.000,
107167,2023-02-17 17:27:50.370,2023-12-20 15:47:53.163,83867,https://c.cfjump.com/Avatars/8ad2e15f-dc7a-4efe-92e6-a5e0b68c14c0.png,Leon Cycle,Sign Up & Save  RECEIVE $25 OFF ON YOUR FIRST E-Bike ORDER*,,https://t.cfjump.com/90610/o/107167,2023-02-17 00:00:00.000,
107168,2023-02-17 17:28:55.027,2023-02-17 17:28:55.027,83867,https://c.cfjump.com/Avatars/8ad2e15f-dc7a-4efe-92e6-a5e0b68c14c0.png,Leon Cycle,12 month Warranty,"Warranty

All our e-bikes come with 12  months warranty on all electronic parts (including battery, motor, controller, display) and also 2 year warranty on the bike frame.

Apart from manufacture defects that could be present, parts that wear due to normal use (such as tyres, brake pads, chains, etc) are not included in the warranty but maybe replaced on a case by case basis within the first 6 months. 

An outgoing goods inspection is always carried out before the goods are delivered, but we recommend that you inspect the delivered goods after you recieve them. Should you notice any damage, please contact us as soon as possible so that we can discuss the next steps with you.

If you notice any packaging and/or transport damage on delivery, we ask you to have this confirmed in writing by the carrier upon delivery and to notify us.  We recommend that you keep the damaged packaging as evidence wherever possible.

Returns Policy
We assess each refund and/or return enquiry on a case by case basis. Depending on the case you may be entitled to a replacement or refund.

Please follow the steps below to request a return or lodge a dispute.

Sign-in to your account on leoncycle.com.au and click on “My Account/Resolution Centre”

Click on ""Open a new dispute""

Go through the steps and select the relevant order and submit your request

Please allow up to 48 hours for us to review your claim and respond.

The below conditions apply:

When seeking a return on a product, please create the return request via your account. Once lodged,we will investigate your issues and advise you whether your product may be returned and, where required, provide you with a Return Merchandise Authorisation (RMA Number) and instructions on how to return your goods, with which you must comply.

Once the product has been received we will either inspect your goods or investigate any claimed defect or, where we believe it is applicable, provide a remedy in relation to your goods. If we do not believe a remedy is applicable upon inspecting your goods (for example, where we believe the goods have been misused, or there was a failure to use in accordance with manufacturer's instructions, used it in an abnormal way or there has been a failure to take reasonable care), we will reject your claim and return your goods to you. You must cover the cost of return shipping in order to receive goods we have rejected on inspection, and we will provide you with instructions on how to make this payment.

Refunds will be issued using the payment method used for purchase.

We aim to process refunds and replacements within 3 days of receipt by us of the original product, however, depending on your item and the number of returns in our system, this may take longer.",https://t.cfjump.com/90610/o/107168,2023-02-17 00:00:00.000,
142947,2025-10-13 08:50:48.030,2025-10-13 08:50:48.030,83867,https://c.cfjump.com/Avatars/8ad2e15f-dc7a-4efe-92e6-a5e0b68c14c0.png,Leon Cycle,Save $400 on NCM M7 and NCM T7s,,https://t.cfjump.com/90610/o/142947,2025-10-13 00:00:00.000,
121553,2024-01-31 12:00:21.063,2024-11-14 20:00:36.143,88124,https://c.cfjump.com/Avatars/936f3b65-93ee-44bc-ad0a-f7de78eaa3ab.png,Liquor Loot,20% Off on Advent Calendars ,"Use code 'ADVENT20' 

Cannot be combined with other promotions.",https://t.cfjump.com/90610/o/121553,2024-02-01 00:00:00.000,
143938,2025-10-30 18:25:52.660,2025-10-30 18:25:52.660,88124,https://c.cfjump.com/Avatars/936f3b65-93ee-44bc-ad0a-f7de78eaa3ab.png,Liquor Loot,Liquor Loot Sale: Shop Premium Spirits On Sale,,https://t.cfjump.com/90610/o/143938,2025-10-30 00:00:00.000,
8014,2015-11-18 14:14:59.193,2018-05-30 10:58:13.290,11771,https://c.cfjump.com/Avatars/ba5e59c4-6db7-4fc7-b17f-76d7ac8aeeef.png,LivingStyles.com.au,SALE,"Sale - Limited Stock, Limited Time, Fantastic Prices!",https://t.cfjump.com/90610/o/8014,2015-11-18 00:00:00.000,
8015,2015-11-18 14:15:38.207,2018-05-30 10:57:59.493,11771,https://c.cfjump.com/Avatars/ba5e59c4-6db7-4fc7-b17f-76d7ac8aeeef.png,LivingStyles.com.au,Coupon Signup,Signup to our newsletter and receive a $15 coupon,https://t.cfjump.com/90610/o/8015,2015-11-18 00:00:00.000,
42165,2018-05-30 10:59:24.190,2018-05-30 11:00:33.533,11771,https://c.cfjump.com/Avatars/ba5e59c4-6db7-4fc7-b17f-76d7ac8aeeef.png,LivingStyles.com.au,Clerance Sale,Up to 80% off RRP while stock last,https://t.cfjump.com/90610/o/42165,2018-05-30 00:00:00.000,
42166,2018-05-30 11:00:07.517,2018-05-30 11:00:26.893,11771,https://c.cfjump.com/Avatars/ba5e59c4-6db7-4fc7-b17f-76d7ac8aeeef.png,LivingStyles.com.au,Commercial Grade Products,,https://t.cfjump.com/90610/o/42166,2018-05-30 00:00:00.000,
42167,2018-05-30 11:01:18.773,2018-05-30 11:01:18.773,11771,https://c.cfjump.com/Avatars/ba5e59c4-6db7-4fc7-b17f-76d7ac8aeeef.png,LivingStyles.com.au,New Arrivals,,https://t.cfjump.com/90610/o/42167,2018-05-30 00:00:00.000,
42168,2018-05-30 11:02:07.160,2018-05-30 11:02:07.160,11771,https://c.cfjump.com/Avatars/ba5e59c4-6db7-4fc7-b17f-76d7ac8aeeef.png,LivingStyles.com.au,Member Special Campaigns,Each campaign special prices last for 7 days from start date,https://t.cfjump.com/90610/o/42168,2018-05-30 00:00:00.000,
42169,2018-05-30 11:02:39.107,2018-05-30 11:02:50.023,11771,https://c.cfjump.com/Avatars/ba5e59c4-6db7-4fc7-b17f-76d7ac8aeeef.png,LivingStyles.com.au,Browse by brands,,https://t.cfjump.com/90610/o/42169,2018-05-30 00:00:00.000,
143739,2025-10-27 11:09:25.943,2025-10-27 11:09:25.943,92873,https://c.cfjump.com/Avatars/08569bdb-6894-4f46-a23b-74bd9c0ce0b4.png,Lorraine Lea,"Stay fabulous, stay with us. Get $10 off! Join our email list to receive updates and exclusive offers.",,https://t.cfjump.com/90610/o/143739,2025-10-27 00:00:00.000,
143740,2025-10-27 11:11:58.133,2025-10-27 11:11:58.133,92873,https://c.cfjump.com/Avatars/08569bdb-6894-4f46-a23b-74bd9c0ce0b4.png,Lorraine Lea,"Proudly Australian Made, By Aussies, For Aussies",,https://t.cfjump.com/90610/o/143740,2025-10-27 00:00:00.000,
143741,2025-10-27 11:12:19.977,2025-10-27 11:12:19.977,92873,https://c.cfjump.com/Avatars/08569bdb-6894-4f46-a23b-74bd9c0ce0b4.png,Lorraine Lea,Discover incredible savings on beautiful homewares in our Outlet! ,,https://t.cfjump.com/90610/o/143741,2025-10-27 00:00:00.000,
147195,2026-03-03 15:12:13.807,2026-03-03 15:12:13.807,92873,https://c.cfjump.com/Avatars/08569bdb-6894-4f46-a23b-74bd9c0ce0b4.png,Lorraine Lea,Afterpay Sale,,https://t.cfjump.com/90610/o/147195,2026-03-10 00:00:00.000,2026-03-23 23:59:59.000
101196,2022-09-15 14:13:42.003,2024-12-13 23:22:42.110,81261,https://c.cfjump.com/Avatars/9a687a7e-d0cb-4369-8027-d8b907ebd04d.png,Manchester Factory,Free Shipping For Orders Over $200,Free shipping for orders in cart totaling over $200,https://t.cfjump.com/90610/o/101196,2022-09-15 00:00:00.000,
129132,2024-09-20 01:00:39.760,2024-09-20 01:00:39.760,81261,https://c.cfjump.com/Avatars/9a687a7e-d0cb-4369-8027-d8b907ebd04d.png,Manchester Factory,70% Off Sienna Living Hotel Snuggle Fleece 1500GSM Mattress Topper,Discount code not required. Markdown already applied. Excluded from other promotions and discounts.,https://t.cfjump.com/90610/o/129132,2024-09-20 00:00:00.000,
134290,2025-01-16 01:05:28.197,2025-01-16 01:05:28.197,81261,https://c.cfjump.com/Avatars/9a687a7e-d0cb-4369-8027-d8b907ebd04d.png,Manchester Factory,20% Off Morgan & Reid Cooling Comforter & Sheet Set Bundles,Purchase a Morgan & Reid Cooling bundle and get a further 20% off. Morgan & Reid bundle consists of 1 comforter and 1 sheet set.,https://t.cfjump.com/90610/o/134290,2025-01-16 00:00:00.000,
134291,2025-01-16 01:06:18.150,2025-01-16 01:16:01.513,81261,https://c.cfjump.com/Avatars/9a687a7e-d0cb-4369-8027-d8b907ebd04d.png,Manchester Factory,20% Off Sienna Living Hotel 1500gsm Mattress Topper,Discount already applied.,https://t.cfjump.com/90610/o/134291,2025-01-16 00:00:00.000,
134292,2025-01-16 01:07:53.137,2025-01-16 01:16:08.763,81261,https://c.cfjump.com/Avatars/9a687a7e-d0cb-4369-8027-d8b907ebd04d.png,Manchester Factory,50% Off Sienna Living Bamboo Egyptian Cotton Sheet Set,50% Off. Queen sheet was $299.99 Now $147. Discount already applied.,https://t.cfjump.com/90610/o/134292,2025-01-16 00:00:00.000,
134293,2025-01-16 01:09:01.887,2025-01-16 01:16:17.950,81261,https://c.cfjump.com/Avatars/9a687a7e-d0cb-4369-8027-d8b907ebd04d.png,Manchester Factory,60% Off Morgan & Reid 1500 Thread Count Sheet Sets,"Final Sale. No returns. 60% off applied already.
Discount already applied.",https://t.cfjump.com/90610/o/134293,2025-01-16 00:00:00.000,
134294,2025-01-16 01:15:28.590,2025-01-16 01:15:39.543,81261,https://c.cfjump.com/Avatars/9a687a7e-d0cb-4369-8027-d8b907ebd04d.png,Manchester Factory,40% Off Morgan & Reid Summer Coverlets,Discount already applied.,https://t.cfjump.com/90610/o/134294,2025-01-16 00:00:00.000,
140868,2025-08-07 14:32:21.900,2025-08-07 14:32:21.900,92398,https://c.cfjump.com/Avatars/dcce757c-7836-4816-a3f9-407316d0eaed.png,Mathers,Subscribe to get 15% off your first purchase!,,https://t.cfjump.com/90610/o/140868,2025-08-07 00:00:00.000,
140870,2025-08-07 14:35:11.587,2025-08-07 14:55:20.980,92398,https://c.cfjump.com/Avatars/dcce757c-7836-4816-a3f9-407316d0eaed.png,Mathers,Free Delivery Over $99,,https://t.cfjump.com/90610/o/140870,2025-08-07 00:00:00.000,
140871,2025-08-07 14:35:59.650,2025-08-07 14:55:10.167,92398,https://c.cfjump.com/Avatars/dcce757c-7836-4816-a3f9-407316d0eaed.png,Mathers,Free 30 Days Returns,,https://t.cfjump.com/90610/o/140871,2025-08-07 00:00:00.000,
140872,2025-08-07 14:36:28.227,2025-08-07 14:36:28.227,92398,https://c.cfjump.com/Avatars/dcce757c-7836-4816-a3f9-407316d0eaed.png,Mathers,30% Off Selected Styles,,https://t.cfjump.com/90610/o/140872,2025-08-07 00:00:00.000,
140873,2025-08-07 14:36:42.447,2025-08-07 14:55:37.370,92398,https://c.cfjump.com/Avatars/dcce757c-7836-4816-a3f9-407316d0eaed.png,Mathers,Afterpay Available,,https://t.cfjump.com/90610/o/140873,2025-08-07 00:00:00.000,
129816,2024-10-04 12:01:11.097,2024-10-04 12:01:11.097,90518,https://c.cfjump.com/Avatars/82cce672-452f-4ce8-9af6-57d6aee036bb.png,MiniJumbuk,Want to save 10% on your next order?     Become a MiniJumbuk VIP member and save on your next order.,,https://t.cfjump.com/90610/o/129816,2024-10-04 00:00:00.000,
129817,2024-10-04 12:02:21.907,2024-10-04 12:02:21.907,90518,https://c.cfjump.com/Avatars/82cce672-452f-4ce8-9af6-57d6aee036bb.png,MiniJumbuk,Sleep System Bundles: Save 40% When You Purchase A Sleep System Bundle,,https://t.cfjump.com/90610/o/129817,2024-10-04 00:00:00.000,
129818,2024-10-04 12:02:38.143,2024-10-04 12:03:06.907,90518,https://c.cfjump.com/Avatars/82cce672-452f-4ce8-9af6-57d6aee036bb.png,MiniJumbuk,"Hand Crafted & Sewn, Made With Sheep's Wool & In Australia",,https://t.cfjump.com/90610/o/129818,2024-10-04 00:00:00.000,
129819,2024-10-04 12:02:41.080,2024-10-04 12:02:41.080,90518,https://c.cfjump.com/Avatars/82cce672-452f-4ce8-9af6-57d6aee036bb.png,MiniJumbuk,Free Delivery Over $100,,https://t.cfjump.com/90610/o/129819,2024-10-04 00:00:00.000,
134726,2025-02-04 10:05:13.700,2025-02-04 10:05:13.700,80059,https://c.cfjump.com/Avatars/e9fb6da5-469f-4ec6-973d-a271fc408048.png,Mix & Match AU,Flights from the Gold Coast to Hong Kong from $1049* per person return,"Travel: 17 Janaury - 15 February 2025 

Airline: Hong Kong Airlines 

Sales end date:  when seats are sold out

See website for T&Cs",https://t.cfjump.com/90610/o/134726,2025-02-04 00:00:00.000,
63578,2020-02-19 12:17:20.670,2023-08-17 09:26:11.810,66710,https://c.cfjump.com/Avatars/80ec9278-0bfa-4c35-bc7a-1372e97a54af.png,Mizuno,Free Shipping On Orders $149 and over Australia wide,"Mizuno offers Free Delivery on all orders within Australia for all online purchases to the value of $150 and above. All purchases below $150 total value will be subject to a delivery fee.

All orders processed via the mizuno.com.au website must be shipped to an Australian address. We do not offer international shipping.",https://t.cfjump.com/90610/o/63578,2020-02-19 00:00:00.000,
63581,2020-02-19 12:21:24.460,2020-02-19 12:21:24.460,66710,https://c.cfjump.com/Avatars/80ec9278-0bfa-4c35-bc7a-1372e97a54af.png,Mizuno,Sign up to the newsletter for promotions and product updates ,,https://t.cfjump.com/90610/o/63581,2020-02-19 00:00:00.000,
88621,2021-11-17 18:09:17.707,2024-07-17 15:35:48.393,1336,https://c.cfjump.com/Avatars/e4188d60-a714-4aeb-9aa3-01393a5fc990.png,Mobileciti,Free shipping for orders over $100,,https://t.cfjump.com/90610/o/88621,2021-11-17 00:00:00.000,
130728,2024-10-29 19:44:12.890,2024-10-29 19:44:12.890,61351,https://c.cfjump.com/Avatars/821bc982-aa3a-48ac-894e-307dba825ef3.png,Morlife,Free shipping on all AU & NZ orders over $100 AUD!,,https://t.cfjump.com/90610/o/130728,2024-10-29 00:00:00.000,
130729,2024-10-29 19:45:05.890,2024-10-29 19:45:05.890,61351,https://c.cfjump.com/Avatars/821bc982-aa3a-48ac-894e-307dba825ef3.png,Morlife,Join our mailing list and receive a special welcome code for 10% off your next order*,- *excludes Morlife x Ashy Bines range,https://t.cfjump.com/90610/o/130729,2024-10-29 00:00:00.000,
132319,2024-11-28 14:24:40.593,2025-04-24 16:10:24.827,61351,https://c.cfjump.com/Avatars/821bc982-aa3a-48ac-894e-307dba825ef3.png,Morlife,NEW CUSTOMERS SAVE 10% ,,https://t.cfjump.com/90610/o/132319,2024-11-28 00:00:00.000,
123150,2024-03-19 11:16:26.300,2025-11-13 11:03:49.040,89189,https://c.cfjump.com/Avatars/b81b2bfb-8603-4dd3-a2f7-ea637b369f31.png,Mosthelabel,"AFTERPAY, PAYPAL & ZIPPAY ARE AVAILABLE ON ALL DOMESTIC ORDERS",,https://t.cfjump.com/90610/o/123150,2024-03-19 00:00:00.000,
123151,2024-03-19 11:16:42.347,2024-04-04 16:18:13.593,89189,https://c.cfjump.com/Avatars/b81b2bfb-8603-4dd3-a2f7-ea637b369f31.png,Mosthelabel,Sign up to receive $20 off your first purchase ,,https://t.cfjump.com/90610/o/123151,2024-03-19 00:00:00.000,
144611,2025-11-12 16:48:42.903,2025-11-12 16:48:42.917,89189,https://c.cfjump.com/Avatars/b81b2bfb-8603-4dd3-a2f7-ea637b369f31.png,Mosthelabel,Click & Collect,"Click & Collect is now available for our Sydney customers. 

Free collection is from Monday - Thursday from 10am - 4pm
",https://t.cfjump.com/90610/o/144611,2025-11-12 00:00:00.000,
144612,2025-11-12 16:55:58.217,2025-11-12 16:55:58.217,89189,https://c.cfjump.com/Avatars/b81b2bfb-8603-4dd3-a2f7-ea637b369f31.png,Mosthelabel,Afterpay Day Sale,,https://t.cfjump.com/90610/o/144612,2025-11-12 00:00:00.000,
144613,2025-11-12 17:02:23.873,2025-11-13 11:03:27.353,89189,https://c.cfjump.com/Avatars/b81b2bfb-8603-4dd3-a2f7-ea637b369f31.png,Mosthelabel,Riviera - The Resort ’25 Edit,,https://t.cfjump.com/90610/o/144613,2025-11-12 00:00:00.000,
144614,2025-11-12 17:02:42.637,2025-11-13 11:01:27.947,89189,https://c.cfjump.com/Avatars/b81b2bfb-8603-4dd3-a2f7-ea637b369f31.png,Mosthelabel,Escape to La Isla!,,https://t.cfjump.com/90610/o/144614,2025-11-12 00:00:00.000,
112157,2023-07-24 18:27:56.083,2023-11-22 11:52:17.857,86391,https://c.cfjump.com/Avatars/e9c72320-6af4-4b53-88c8-1c775245891d.png,Musashi,Join Musashi United for lifetime up to 25% off,"- Free sport specific training program
- Free sport specific nutrition
- Lifetime 25% discount on all products, exclusive offers and content",https://t.cfjump.com/90610/o/112157,2023-07-24 00:00:00.000,
112159,2023-07-24 18:31:05.960,2026-03-04 18:45:04.113,86391,https://c.cfjump.com/Avatars/e9c72320-6af4-4b53-88c8-1c775245891d.png,Musashi,Bundle & Save up to 30%,,https://t.cfjump.com/90610/o/112159,2023-07-24 00:00:00.000,
146476,2026-01-29 18:33:19.347,2026-01-29 18:33:19.347,86391,https://c.cfjump.com/Avatars/e9c72320-6af4-4b53-88c8-1c775245891d.png,Musashi,Free Shipping over $150,Free shipping for orders over $150 unless stated otherwise. T&C's apply. See website for more details.,https://t.cfjump.com/90610/o/146476,2026-01-29 00:00:00.000,
146964,2026-02-20 17:40:08.090,2026-02-20 17:40:08.090,86391,https://c.cfjump.com/Avatars/e9c72320-6af4-4b53-88c8-1c775245891d.png,Musashi,"Give $15, Get $15 – Refer a Friend Today",Join our reward program to refer friends and earn rewards. T&Cs apply.,https://t.cfjump.com/90610/o/146964,2026-02-20 00:00:00.000,
70452,2020-09-03 09:44:08.913,2020-09-07 15:02:44.337,69853,https://c.cfjump.com/Avatars/c5275f6a-731c-4271-976d-3e3f76d16365.png,Muscle Nation,SIGN UP TO GET 10% OFF YOUR FIRST ORDER,,https://t.cfjump.com/90610/o/70452,2020-09-03 00:00:00.000,
70453,2020-09-03 09:44:33.553,2020-09-03 09:44:33.553,69853,https://c.cfjump.com/Avatars/c5275f6a-731c-4271-976d-3e3f76d16365.png,Muscle Nation,Shop now Pay later with Afterpay,,https://t.cfjump.com/90610/o/70453,2020-09-03 00:00:00.000,
70454,2020-09-03 09:46:17.560,2020-09-03 09:46:17.560,69853,https://c.cfjump.com/Avatars/c5275f6a-731c-4271-976d-3e3f76d16365.png,Muscle Nation,7 days return policy,,https://t.cfjump.com/90610/o/70454,2020-09-03 00:00:00.000,
96688,2022-05-18 12:57:45.217,2022-05-18 12:57:45.217,69853,https://c.cfjump.com/Avatars/c5275f6a-731c-4271-976d-3e3f76d16365.png,Muscle Nation,New Collection Drop: Welcome To The Club,,https://t.cfjump.com/90610/o/96688,2022-05-19 00:00:00.000,
106405,2023-01-25 11:32:16.393,2023-01-25 11:32:16.393,69853,https://c.cfjump.com/Avatars/c5275f6a-731c-4271-976d-3e3f76d16365.png,Muscle Nation,New Collection: Knockout,,https://t.cfjump.com/90610/o/106405,2023-01-31 00:00:00.000,
125530,2024-05-27 11:16:30.793,2024-05-27 11:17:10.543,69853,https://c.cfjump.com/Avatars/c5275f6a-731c-4271-976d-3e3f76d16365.png,Muscle Nation,New Collection: Vivid Daydream (Women's collection),Launching 8 am AEST on 28th of May,https://t.cfjump.com/90610/o/125530,2024-05-28 00:00:00.000,
125531,2024-05-27 11:16:56.933,2024-05-27 11:16:56.933,69853,https://c.cfjump.com/Avatars/c5275f6a-731c-4271-976d-3e3f76d16365.png,Muscle Nation,New Collection: Street Kit (Men's collection),Launching 8 am AEST on 28th of May,https://t.cfjump.com/90610/o/125531,2024-05-28 00:00:00.000,
126284,2024-06-18 15:18:10.423,2024-06-18 15:18:10.423,69853,https://c.cfjump.com/Avatars/c5275f6a-731c-4271-976d-3e3f76d16365.png,Muscle Nation,Free shipping over $150 (Australia only),,https://t.cfjump.com/90610/o/126284,2024-06-18 00:00:00.000,
67757,2020-06-23 08:53:24.847,2021-02-02 12:39:31.180,69088,https://c.cfjump.com/Avatars/0b9096f3-89a6-4721-a4a4-e27349fb378e.png,My Muscle Chef,FREE Shipping when you Subscribe!,See website for full T&C's,https://t.cfjump.com/90610/o/67757,2020-06-23 00:00:00.000,
68280,2020-07-06 12:04:25.620,2020-07-06 12:04:25.620,69088,https://c.cfjump.com/Avatars/0b9096f3-89a6-4721-a4a4-e27349fb378e.png,My Muscle Chef,HEALTHY MEALS DELIVERED FRESH,,https://t.cfjump.com/90610/o/68280,2020-07-06 00:00:00.000,
70461,2020-09-03 11:08:35.190,2020-09-03 11:08:35.190,69088,https://c.cfjump.com/Avatars/0b9096f3-89a6-4721-a4a4-e27349fb378e.png,My Muscle Chef,50+ meals to keep things interesting,,https://t.cfjump.com/90610/o/70461,2020-09-03 00:00:00.000,
70462,2020-09-03 11:08:55.347,2020-09-03 11:08:55.347,69088,https://c.cfjump.com/Avatars/0b9096f3-89a6-4721-a4a4-e27349fb378e.png,My Muscle Chef,15+ million meals delivered last year,,https://t.cfjump.com/90610/o/70462,2020-09-03 00:00:00.000,
70463,2020-09-03 11:09:24.660,2020-09-03 11:09:24.660,69088,https://c.cfjump.com/Avatars/0b9096f3-89a6-4721-a4a4-e27349fb378e.png,My Muscle Chef,4500+ postcodes that we deliver to,,https://t.cfjump.com/90610/o/70463,2020-09-03 00:00:00.000,
70464,2020-09-03 11:09:35.723,2020-09-03 11:09:35.723,69088,https://c.cfjump.com/Avatars/0b9096f3-89a6-4721-a4a4-e27349fb378e.png,My Muscle Chef,Top Rated Meal Delivery Service in Australia,,https://t.cfjump.com/90610/o/70464,2020-09-03 00:00:00.000,
127494,2024-08-02 10:40:50.823,2024-08-02 10:40:50.823,69088,https://c.cfjump.com/Avatars/0b9096f3-89a6-4721-a4a4-e27349fb378e.png,My Muscle Chef,Save up to $120 on your first 6 orders (Code = save120),"Code = save120. 

Save up to $120 on your first 6 orders ($20 maximum discount per order). Minimum order $99. T&Cs apply. Full terms & conditions online. ",https://t.cfjump.com/90610/o/127494,2024-08-04 00:00:00.000,
122337,2024-02-28 18:09:09.863,2024-02-28 18:09:09.863,89029,https://c.cfjump.com/Avatars/3a666b87-79aa-42c6-824f-b9b4431a743e.png,My Perfume Shop,JUST LAUNCHED: SAME-DAY DELIVERY IN SYDNEY,,https://t.cfjump.com/90610/o/122337,2024-02-28 00:00:00.000,
122338,2024-02-28 18:09:45.313,2024-02-28 18:09:45.313,89029,https://c.cfjump.com/Avatars/3a666b87-79aa-42c6-824f-b9b4431a743e.png,My Perfume Shop,FAST SHIPPING  Same-day dispatch for orders placed before 2pm,,https://t.cfjump.com/90610/o/122338,2024-02-28 00:00:00.000,
122339,2024-02-28 18:09:59.377,2024-02-28 18:09:59.377,89029,https://c.cfjump.com/Avatars/3a666b87-79aa-42c6-824f-b9b4431a743e.png,My Perfume Shop,NO-HASSLE RETURNS  Return your order up to 100 days after purchase.,,https://t.cfjump.com/90610/o/122339,2024-02-28 00:00:00.000,
122340,2024-02-28 18:10:14.813,2024-02-28 18:10:14.813,89029,https://c.cfjump.com/Avatars/3a666b87-79aa-42c6-824f-b9b4431a743e.png,My Perfume Shop,"BUY NOW, PAY LATER  Shop using Afterpay, Humm, Klarna, and more",,https://t.cfjump.com/90610/o/122340,2024-02-28 00:00:00.000,
122341,2024-02-28 18:10:27.393,2024-02-28 18:10:27.393,89029,https://c.cfjump.com/Avatars/3a666b87-79aa-42c6-824f-b9b4431a743e.png,My Perfume Shop,FREE SAMPLES  Included with our compliments in every order.,,https://t.cfjump.com/90610/o/122341,2024-02-28 00:00:00.000,
101946,2022-10-06 13:38:13.163,2022-10-06 13:38:13.163,81538,https://c.cfjump.com/Avatars/61435fd4-4eb6-4fd0-8d55-e7338f28bd97.png,Natural Life,Australian Made,,https://t.cfjump.com/90610/o/101946,2022-10-06 00:00:00.000,
101947,2022-10-06 13:38:36.743,2022-10-06 13:38:36.743,81538,https://c.cfjump.com/Avatars/61435fd4-4eb6-4fd0-8d55-e7338f28bd97.png,Natural Life,Not tested on animals ,,https://t.cfjump.com/90610/o/101947,2022-10-06 00:00:00.000,
101948,2022-10-06 13:40:14.320,2024-07-06 02:44:20.527,81538,https://c.cfjump.com/Avatars/61435fd4-4eb6-4fd0-8d55-e7338f28bd97.png,Natural Life,Australia wide free shipping on all orders over $70.00.,,https://t.cfjump.com/90610/o/101948,2022-10-06 00:00:00.000,
115484,2023-10-04 23:50:13.037,2023-10-04 23:50:13.037,81538,https://c.cfjump.com/Avatars/61435fd4-4eb6-4fd0-8d55-e7338f28bd97.png,Natural Life,"Family Pack Offer. Buy 3 Propolis Spray, Receive 1 Free",Buy 3 Get 1 Free. ,https://t.cfjump.com/90610/o/115484,2023-10-04 00:00:00.000,
120950,2024-01-15 20:17:59.167,2024-03-23 01:37:19.707,81538,https://c.cfjump.com/Avatars/61435fd4-4eb6-4fd0-8d55-e7338f28bd97.png,Natural Life,Natural Life Immunity Pack,Shop our Immunity Pack and receive 10% off our Lung Clear capsules and Manuka Honey Throat Spray. Perfect for the upcoming colder weather. ,https://t.cfjump.com/90610/o/120950,2024-01-15 00:00:00.000,
121147,2024-01-22 22:49:03.703,2024-01-22 22:49:03.703,81538,https://c.cfjump.com/Avatars/61435fd4-4eb6-4fd0-8d55-e7338f28bd97.png,Natural Life,Free Youthful Bloom Serum,"For every order over $80AUD you'll receive a FREE Wild Bee Youthful Bloom - CoQ10 & Collagen Serum. 

",https://t.cfjump.com/90610/o/121147,2024-01-22 00:00:00.000,
122742,2024-03-07 23:01:26.820,2024-03-07 23:01:26.820,81538,https://c.cfjump.com/Avatars/61435fd4-4eb6-4fd0-8d55-e7338f28bd97.png,Natural Life,"Use The Code WILDBEE20 At Checkout To Receive 20% Off Our Entire Natural, Australian Made Skincare Range. ",No Minimum Order Requirements,https://t.cfjump.com/90610/o/122742,2024-03-07 00:00:00.000,
122743,2024-03-07 23:10:12.510,2024-07-06 02:44:48.703,81538,https://c.cfjump.com/Avatars/61435fd4-4eb6-4fd0-8d55-e7338f28bd97.png,Natural Life,Take 15% Off Our Entire Natural Supplement Range With Code NATURALLIFE15.,No minimum spend required. ,https://t.cfjump.com/90610/o/122743,2024-03-07 00:00:00.000,
122744,2024-03-07 23:12:10.730,2024-07-06 02:44:32.593,81538,https://c.cfjump.com/Avatars/61435fd4-4eb6-4fd0-8d55-e7338f28bd97.png,Natural Life,Spend $100 AUD and receive 20% Off Your Order With code NL20,Minimum Order Spend $100 AUD,https://t.cfjump.com/90610/o/122744,2024-03-07 00:00:00.000,
122745,2024-03-07 23:12:53.560,2024-07-06 02:44:37.170,81538,https://c.cfjump.com/Avatars/61435fd4-4eb6-4fd0-8d55-e7338f28bd97.png,Natural Life,Spend $200 AUD Or More & Receive 25% Off Your Order With Code NL25.,Minimum Order Spend $200 AUD,https://t.cfjump.com/90610/o/122745,2024-03-07 00:00:00.000,
122746,2024-03-07 23:21:38.640,2024-03-07 23:21:38.640,81538,https://c.cfjump.com/Avatars/61435fd4-4eb6-4fd0-8d55-e7338f28bd97.png,Natural Life,Spend Over $200 On Our Wildbee Natural Skincare Range and receive 25% Off Your Order with Code WB25. ,Minimum Spend $200,https://t.cfjump.com/90610/o/122746,2024-03-07 00:00:00.000,
123360,2024-03-23 01:33:47.637,2024-03-23 01:33:47.653,81538,https://c.cfjump.com/Avatars/61435fd4-4eb6-4fd0-8d55-e7338f28bd97.png,Natural Life,Wild Bee Gift Set ,Receive a free Lip Balm when you shop our Wildbee Gift Set. ,https://t.cfjump.com/90610/o/123360,2024-03-23 00:00:00.000,
104846,2022-11-29 15:36:58.543,2024-07-12 08:08:42.160,82462,https://c.cfjump.com/Avatars/568ac10c-5402-4d2e-b7d6-daf55c996ce5.png,Neat Feat,Free Shipping over $100NZD ($100AUD),,https://t.cfjump.com/90610/o/104846,2022-11-29 00:00:00.000,
104848,2022-11-29 15:37:57.870,2023-03-07 11:18:05.153,82462,https://c.cfjump.com/Avatars/568ac10c-5402-4d2e-b7d6-daf55c996ce5.png,Neat Feat,Worldwide shipping available ,Free Shipping on Orders Over $150NZD Worldwide,https://t.cfjump.com/90610/o/104848,2022-11-29 00:00:00.000,
104849,2022-11-29 15:38:11.637,2022-11-29 15:38:11.637,82462,https://c.cfjump.com/Avatars/568ac10c-5402-4d2e-b7d6-daf55c996ce5.png,Neat Feat,"Buy Now, Pay Later with Afterpay",,https://t.cfjump.com/90610/o/104849,2022-11-29 00:00:00.000,
116156,2023-10-19 13:10:40.343,2024-07-12 08:09:57.153,82462,https://c.cfjump.com/Avatars/568ac10c-5402-4d2e-b7d6-daf55c996ce5.png,Neat Feat,20% OFF Hygienics Sanitising Handwash 500ml Antibacterial Soap,,https://t.cfjump.com/90610/o/116156,2023-10-19 00:00:00.000,
102238,2022-10-14 10:59:00.647,2022-10-14 10:59:00.647,81833,https://c.cfjump.com/Avatars/8fe22e19-a5f6-45e7-a820-2abdc366ff38.png,Newentor Australia, Free Shipping Australia Wide, Delivery Time: 2 - 7 Business Days,https://t.cfjump.com/90610/o/102238,2022-10-14 00:00:00.000,
102239,2022-10-14 10:59:25.383,2022-10-14 10:59:25.383,81833,https://c.cfjump.com/Avatars/8fe22e19-a5f6-45e7-a820-2abdc366ff38.png,Newentor Australia,120 Night Free Trial,,https://t.cfjump.com/90610/o/102239,2022-10-14 00:00:00.000,
102240,2022-10-14 10:59:31.853,2022-10-14 10:59:31.853,81833,https://c.cfjump.com/Avatars/8fe22e19-a5f6-45e7-a820-2abdc366ff38.png,Newentor Australia,10-Year Warranty,,https://t.cfjump.com/90610/o/102240,2022-10-14 00:00:00.000,
102241,2022-10-14 10:59:37.320,2022-10-14 10:59:37.320,81833,https://c.cfjump.com/Avatars/8fe22e19-a5f6-45e7-a820-2abdc366ff38.png,Newentor Australia,CertiPUR-US® Certified,,https://t.cfjump.com/90610/o/102241,2022-10-14 00:00:00.000,
102242,2022-10-14 11:00:08.773,2022-10-14 11:00:08.773,81833,https://c.cfjump.com/Avatars/8fe22e19-a5f6-45e7-a820-2abdc366ff38.png,Newentor Australia,Sign up and Stay up to date with us!,,https://t.cfjump.com/90610/o/102242,2022-10-14 00:00:00.000,
102449,2022-10-19 13:18:19.973,2022-10-19 13:18:19.973,81833,https://c.cfjump.com/Avatars/8fe22e19-a5f6-45e7-a820-2abdc366ff38.png,Newentor Australia,Up to 50% Off Sitewide,,https://t.cfjump.com/90610/o/102449,2022-10-19 00:00:00.000,
144900,2025-11-24 07:49:13.523,2025-11-24 07:49:13.523,10778,https://c.cfjump.com/Avatars/d18a9d9d-ad4c-4fef-ab07-17c40acb56aa.png,Nourished Life,20% off Organic Collagen Australia ,Limited time only. ,https://t.cfjump.com/90610/o/144900,2025-11-24 00:00:00.000,
144902,2025-11-24 07:50:09.850,2025-11-24 07:50:09.850,10778,https://c.cfjump.com/Avatars/d18a9d9d-ad4c-4fef-ab07-17c40acb56aa.png,Nourished Life,New Nordic 30% off entire range,Limited time only. ,https://t.cfjump.com/90610/o/144902,2025-11-24 00:00:00.000,
144905,2025-11-24 08:33:37.303,2025-11-24 08:33:37.303,10778,https://c.cfjump.com/Avatars/d18a9d9d-ad4c-4fef-ab07-17c40acb56aa.png,Nourished Life, 20% off Gem entire range,Limited time only. ,https://t.cfjump.com/90610/o/144905,2025-11-24 00:00:00.000,
144909,2025-11-24 08:35:26.223,2025-11-24 08:35:26.223,10778,https://c.cfjump.com/Avatars/d18a9d9d-ad4c-4fef-ab07-17c40acb56aa.png,Nourished Life,20% Solutions 4 Health off entire range,Limited time only.,https://t.cfjump.com/90610/o/144909,2025-11-24 00:00:00.000,
146787,2026-02-13 12:25:39.477,2026-02-13 12:25:39.477,10778,https://c.cfjump.com/Avatars/d18a9d9d-ad4c-4fef-ab07-17c40acb56aa.png,Nourished Life,Buy 1 Get 1 Free On Hannah,Whilst stocks last. ,https://t.cfjump.com/90610/o/146787,2026-02-24 00:00:00.000,2026-03-09 23:59:59.000
146788,2026-02-13 12:26:05.197,2026-02-13 12:26:05.197,10778,https://c.cfjump.com/Avatars/d18a9d9d-ad4c-4fef-ab07-17c40acb56aa.png,Nourished Life,Save 15% Off Grants ,Limited time only. ,https://t.cfjump.com/90610/o/146788,2026-02-24 00:00:00.000,2026-03-09 23:59:59.000
146789,2026-02-13 12:26:26.947,2026-02-13 12:26:26.947,10778,https://c.cfjump.com/Avatars/d18a9d9d-ad4c-4fef-ab07-17c40acb56aa.png,Nourished Life,Save 20% Off Simple As That,Limited time only. ,https://t.cfjump.com/90610/o/146789,2026-02-24 00:00:00.000,2026-03-09 23:59:59.000
146790,2026-02-13 12:26:48.430,2026-02-13 12:26:48.430,10778,https://c.cfjump.com/Avatars/d18a9d9d-ad4c-4fef-ab07-17c40acb56aa.png,Nourished Life,Save 15% Off Amazonia,Limited time only. ,https://t.cfjump.com/90610/o/146790,2026-02-24 00:00:00.000,2026-03-09 23:59:59.000
146793,2026-02-13 12:27:28.773,2026-02-13 12:27:28.773,10778,https://c.cfjump.com/Avatars/d18a9d9d-ad4c-4fef-ab07-17c40acb56aa.png,Nourished Life,Save 15% Off Giovanni ,Limited time only. ,https://t.cfjump.com/90610/o/146793,2026-02-24 00:00:00.000,2026-03-09 23:59:59.000
146796,2026-02-13 12:28:28.727,2026-02-13 12:28:28.727,10778,https://c.cfjump.com/Avatars/d18a9d9d-ad4c-4fef-ab07-17c40acb56aa.png,Nourished Life,Save 15% Off Barefoot Skincare ,Limited time only. ,https://t.cfjump.com/90610/o/146796,2026-02-24 00:00:00.000,2026-03-09 23:59:59.000
146957,2026-02-20 10:20:00.780,2026-02-20 10:20:00.780,10778,https://c.cfjump.com/Avatars/d18a9d9d-ad4c-4fef-ab07-17c40acb56aa.png,Nourished Life,Save 25% Off Ethique ,Limited time only. ,https://t.cfjump.com/90610/o/146957,2026-03-03 00:00:00.000,2026-03-09 23:59:59.000
146958,2026-02-20 10:20:21.437,2026-02-20 10:20:21.437,10778,https://c.cfjump.com/Avatars/d18a9d9d-ad4c-4fef-ab07-17c40acb56aa.png,Nourished Life,Save 25% Off Green + Kind ,Limited time only. ,https://t.cfjump.com/90610/o/146958,2026-03-03 00:00:00.000,2026-03-09 23:59:59.000
146952,2026-02-20 10:17:29.170,2026-02-20 10:17:29.170,10778,https://c.cfjump.com/Avatars/d18a9d9d-ad4c-4fef-ab07-17c40acb56aa.png,Nourished Life,Save 15% Off Grin,Limited time only. ,https://t.cfjump.com/90610/o/146952,2026-03-03 00:00:00.000,2026-03-16 23:59:59.000
146953,2026-02-20 10:17:51.187,2026-02-20 10:17:51.187,10778,https://c.cfjump.com/Avatars/d18a9d9d-ad4c-4fef-ab07-17c40acb56aa.png,Nourished Life,Save 10% Off Dr Organic ,Limited time only. ,https://t.cfjump.com/90610/o/146953,2026-03-03 00:00:00.000,2026-03-16 23:59:59.000
146954,2026-02-20 10:18:40.153,2026-02-20 10:18:40.153,10778,https://c.cfjump.com/Avatars/d18a9d9d-ad4c-4fef-ab07-17c40acb56aa.png,Nourished Life,Save 20% Off Full Circle ,Limited time only. ,https://t.cfjump.com/90610/o/146954,2026-03-03 00:00:00.000,2026-03-16 23:59:59.000
146955,2026-02-20 10:19:17.297,2026-02-20 10:19:17.297,10778,https://c.cfjump.com/Avatars/d18a9d9d-ad4c-4fef-ab07-17c40acb56aa.png,Nourished Life,Save 20% Off Full Circle ,Limited time only. ,https://t.cfjump.com/90610/o/146955,2026-03-03 00:00:00.000,2026-03-16 23:59:59.000
146956,2026-02-20 10:19:41.327,2026-02-20 10:19:41.327,10778,https://c.cfjump.com/Avatars/d18a9d9d-ad4c-4fef-ab07-17c40acb56aa.png,Nourished Life,Save 20% Off Ecostore ,Limited time only. ,https://t.cfjump.com/90610/o/146956,2026-03-03 00:00:00.000,2026-03-16 23:59:59.000
147275,2026-03-05 12:04:05.643,2026-03-05 12:04:05.643,10778,https://c.cfjump.com/Avatars/d18a9d9d-ad4c-4fef-ab07-17c40acb56aa.png,Nourished Life,Earn Double Reward Points ,"Earn 2 reward points instead of 1, for every $1 spent. ",https://t.cfjump.com/90610/o/147275,2026-03-10 00:00:00.000,2026-03-16 23:59:59.000
147276,2026-03-05 12:04:26.157,2026-03-05 12:04:26.157,10778,https://c.cfjump.com/Avatars/d18a9d9d-ad4c-4fef-ab07-17c40acb56aa.png,Nourished Life,Earn Double Reward Points On Nutra Organics ,"Earn 2 reward points instead of 1, for every $1 spent. ",https://t.cfjump.com/90610/o/147276,2026-03-10 00:00:00.000,2026-03-16 23:59:59.000
147260,2026-03-05 11:58:11.657,2026-03-05 11:58:11.657,10778,https://c.cfjump.com/Avatars/d18a9d9d-ad4c-4fef-ab07-17c40acb56aa.png,Nourished Life,Save 20% Off Matcha Maiden ,Only one promo code per customer and order.,https://t.cfjump.com/90610/o/147260,2026-03-19 00:00:00.000,2026-03-22 23:59:59.000
147261,2026-03-05 11:58:34.610,2026-03-05 11:58:34.610,10778,https://c.cfjump.com/Avatars/d18a9d9d-ad4c-4fef-ab07-17c40acb56aa.png,Nourished Life,Save 20% Off Thrive Tallow With Promo Code AFTERPAY20,Only one promo code per customer and order.,https://t.cfjump.com/90610/o/147261,2026-03-19 00:00:00.000,2026-03-22 23:59:59.000
147262,2026-03-05 11:58:50.097,2026-03-05 11:58:50.097,10778,https://c.cfjump.com/Avatars/d18a9d9d-ad4c-4fef-ab07-17c40acb56aa.png,Nourished Life,Save 20% Off Ethique With Promo Code AFTERPAY20,Only one promo code per customer and order.,https://t.cfjump.com/90610/o/147262,2026-03-19 00:00:00.000,2026-03-22 23:59:59.000
147263,2026-03-05 11:59:03.300,2026-03-05 11:59:03.300,10778,https://c.cfjump.com/Avatars/d18a9d9d-ad4c-4fef-ab07-17c40acb56aa.png,Nourished Life,Save 20% Off Dr Bronner's With Promo Code AFTERPAY20,Only one promo code per customer and order.,https://t.cfjump.com/90610/o/147263,2026-03-19 00:00:00.000,2026-03-22 23:59:59.000
147264,2026-03-05 11:59:18.237,2026-03-05 11:59:18.237,10778,https://c.cfjump.com/Avatars/d18a9d9d-ad4c-4fef-ab07-17c40acb56aa.png,Nourished Life,Save 20% Off Endota With Promo Code AFTERPAY20,Only one promo code per customer and order.,https://t.cfjump.com/90610/o/147264,2026-03-19 00:00:00.000,2026-03-22 23:59:59.000
147265,2026-03-05 11:59:32.033,2026-03-05 11:59:32.033,10778,https://c.cfjump.com/Avatars/d18a9d9d-ad4c-4fef-ab07-17c40acb56aa.png,Nourished Life,Save 20% Off Weleda With Promo Code AFTERPAY20,Only one promo code per customer and order.,https://t.cfjump.com/90610/o/147265,2026-03-19 00:00:00.000,2026-03-22 23:59:59.000
147266,2026-03-05 11:59:45.033,2026-03-05 11:59:45.033,10778,https://c.cfjump.com/Avatars/d18a9d9d-ad4c-4fef-ab07-17c40acb56aa.png,Nourished Life,Save 20% Off Nude by Nature With Promo Code AFTERPAY20,Only one promo code per customer and order.,https://t.cfjump.com/90610/o/147266,2026-03-19 00:00:00.000,2026-03-22 23:59:59.000
147267,2026-03-05 11:59:56.987,2026-03-05 11:59:56.987,10778,https://c.cfjump.com/Avatars/d18a9d9d-ad4c-4fef-ab07-17c40acb56aa.png,Nourished Life,Save 20% Off New Nordic With Promo Code AFTERPAY20,Only one promo code per customer and order.,https://t.cfjump.com/90610/o/147267,2026-03-19 00:00:00.000,2026-03-22 23:59:59.000
79646,2021-04-07 13:23:22.593,2021-04-07 13:23:22.593,71130,https://c.cfjump.com/Avatars/cd9ebdec-4bbe-4710-a0d6-e73cee7f0215.png,Novo Shoes,Novo NZ,,https://t.cfjump.com/90610/o/79646,2021-04-07 00:00:00.000,
95490,2022-04-14 11:34:31.907,2022-04-14 11:34:31.907,71130,https://c.cfjump.com/Avatars/cd9ebdec-4bbe-4710-a0d6-e73cee7f0215.png,Novo Shoes,Free Shipping over $79.95 ($89.90 for NZ),,https://t.cfjump.com/90610/o/95490,2022-04-14 00:00:00.000,
98381,2022-06-30 14:11:09.707,2022-06-30 14:11:09.707,71130,https://c.cfjump.com/Avatars/cd9ebdec-4bbe-4710-a0d6-e73cee7f0215.png,Novo Shoes,Mid Year Sale - Up To 50% Off - New Styles Added + 25% Off Full Price Boots Continues + 30% Off Selected Boots (Discount Applied @ Checkout),,https://t.cfjump.com/90610/o/98381,2022-06-29 00:00:00.000,
98811,2022-07-18 11:14:56.297,2022-07-18 11:14:56.297,71130,https://c.cfjump.com/Avatars/cd9ebdec-4bbe-4710-a0d6-e73cee7f0215.png,Novo Shoes,Up To 70% Off Continues + 15% Off Full Price (Online Only AU & NZ - Discount Applied @ Checkout),,https://t.cfjump.com/90610/o/98811,2022-07-15 00:00:00.000,
100482,2022-08-29 16:01:02.190,2022-08-29 16:01:02.203,71130,https://c.cfjump.com/Avatars/cd9ebdec-4bbe-4710-a0d6-e73cee7f0215.png,Novo Shoes,SS22 Collection Launch: Shop Now!,,https://t.cfjump.com/90610/o/100482,2022-09-01 00:00:00.000,
100714,2022-09-05 12:09:56.003,2022-09-05 12:09:56.003,71130,https://c.cfjump.com/Avatars/cd9ebdec-4bbe-4710-a0d6-e73cee7f0215.png,Novo Shoes,New Styles Added To Sale (Discount @ Checkout) ,*Online Only AU + NZ. End Date: TBC,https://t.cfjump.com/90610/o/100714,2022-09-08 00:00:00.000,
135944,2025-03-05 09:53:22.060,2025-03-05 09:53:22.060,71130,https://c.cfjump.com/Avatars/cd9ebdec-4bbe-4710-a0d6-e73cee7f0215.png,Novo Shoes,AW25 Collection: Chateau Nouveau – Parisian elegance meets modern allure,"This season we redefine sophistication with feminine pumps, statement boots, and sleek, classic styles.",https://t.cfjump.com/90610/o/135944,2025-03-05 00:00:00.000,
13339,2016-09-07 11:13:27.090,2025-12-24 16:26:29.303,35089,https://c.cfjump.com/Avatars/b7a3a17b-68bd-4b35-8874-926d197df8f6.png,Nude by Nature,Free Shipping On All Orders Over $70,We offer FREE SHIPPING on orders that total $70 AUD or more. For orders less than $70 AUD a shipping cost of $9.90 AUD will be charged. Read more at https://nudebynature.com.au/free-shipping-over-50/#KRzsDV699rtFvfz7.99,https://t.cfjump.com/90610/o/13339,2016-09-07 00:00:00.000,
146951,2026-02-19 17:10:28.817,2026-02-19 17:10:28.817,35089,https://c.cfjump.com/Avatars/b7a3a17b-68bd-4b35-8874-926d197df8f6.png,Nude by Nature,50% Off Clean Beauty | Afterpay Day Sale,"50% Off Afterpay Day Sale | Thursday 19th March - Monday 23rd March 2026 (AEDT).

50% off full-priced products. Excludes limited-edition kits, duos and pre-discounted items unless otherwise marked. Promotion valid at nudebynature.com until 11:59pm Monday 23rd March 2026 (AEDT). Not valid in conjunction with any other offer. Afterpay terms apply for Australia and New Zealand.",https://t.cfjump.com/90610/o/146951,2026-03-19 00:00:00.000,2026-03-23 23:59:59.000
146950,2026-02-19 17:07:52.237,2026-02-19 17:07:52.237,35089,https://c.cfjump.com/Avatars/b7a3a17b-68bd-4b35-8874-926d197df8f6.png,Nude by Nature,NEW Lacquer Lip Serum | Skincare Infused Serum Lipstick,,https://t.cfjump.com/90610/o/146950,2026-03-02 00:00:00.000,2026-03-31 23:59:59.000
130034,2024-10-10 10:50:04.840,2024-10-10 10:50:04.840,90311,https://c.cfjump.com/Avatars/73be8c88-f088-438f-be0b-689adef4b7a7.png,Number One Shoes + Hannahs,Enjoy exclusive discounts & updates on our latest offers. Join now & we'll email you a 20% discount voucher*,"Excludes discounted products, selected styles and brands. By choosing to subscribe you are aware of our Privacy Policy and agree to our Terms & Conditions.",https://t.cfjump.com/90610/o/130034,2024-10-10 00:00:00.000,
147020,2026-02-25 09:48:46.030,2026-02-25 09:48:46.030,90311,https://c.cfjump.com/Avatars/73be8c88-f088-438f-be0b-689adef4b7a7.png,Number One Shoes + Hannahs,"Buy 1, Get 1 50% Off",,https://t.cfjump.com/90610/o/147020,2026-03-03 00:00:00.000,2026-03-23 23:59:59.000
142555,2025-09-29 11:59:11.927,2025-09-29 11:59:11.927,84165,https://c.cfjump.com/Avatars/7111910c-be6f-4039-b807-b7d1aa464f7f.png,Oaks Hotels,Where Stories Start,,https://t.cfjump.com/90610/o/142555,2025-09-29 00:00:00.000,
116527,2023-10-27 11:16:09.923,2023-10-27 11:16:09.923,88017,https://c.cfjump.com/Avatars/5b0182e2-a23f-4370-98e8-91daabad4f18.png,Oil Garden,Welcome offer 20% off your first order!* ,"*Sign up to receive our newsletter to get 20% off your first online order when you spend $50 or more. Upon sign up you will receive an email with your unique, one-time use only code to redeem at checkout. Excludes the purchase of e-gift cards, selected packs & clearance items. This offer cannot be used in conjunction with any other offer including subscription coupons and promotional codes. We reserve the right to cancel any order due to unauthorised, altered or ineligible use of offer and to modify or cancel any promotion due to system error or unforeseen problems. Other restrictions may apply. Offer available exclusively online to first time customers only.  Offer subject to change without notice.",https://t.cfjump.com/90610/o/116527,2023-10-27 00:00:00.000,
116529,2023-10-27 11:22:10.807,2023-10-27 11:22:10.807,88017,https://c.cfjump.com/Avatars/5b0182e2-a23f-4370-98e8-91daabad4f18.png,Oil Garden,FREE SHIPPING on Australian orders over $100* ,"*FREE SHIPPING on Australian orders over $100. Free standard shipping on all orders over $100!  

Shipping charges for orders under $100 will be calculated at the checkout. 

",https://t.cfjump.com/90610/o/116529,2023-10-27 00:00:00.000,
128900,2024-09-17 08:30:45.447,2024-09-17 08:30:45.447,10901,https://c.cfjump.com/Avatars/200d3272-c5ea-4435-bc55-8a2adbd7238c.png,One Honey Boutique,Shop the One Honey Boutique Sale,,https://t.cfjump.com/90610/o/128900,2024-09-17 00:00:00.000,
128901,2024-09-17 08:31:23.540,2024-09-17 08:31:23.540,10901,https://c.cfjump.com/Avatars/200d3272-c5ea-4435-bc55-8a2adbd7238c.png,One Honey Boutique,Beautiful Prom & Formal Dresses,,https://t.cfjump.com/90610/o/128901,2024-09-17 00:00:00.000,
128902,2024-09-17 08:32:19.493,2024-09-17 08:32:19.493,10901,https://c.cfjump.com/Avatars/200d3272-c5ea-4435-bc55-8a2adbd7238c.png,One Honey Boutique,Shop Bridesmaid Dresses,,https://t.cfjump.com/90610/o/128902,2024-09-17 00:00:00.000,
131628,2024-11-18 22:18:42.497,2024-11-18 22:18:42.497,10901,https://c.cfjump.com/Avatars/200d3272-c5ea-4435-bc55-8a2adbd7238c.png,One Honey Boutique,Shop 2025 Prom & Formal Dresses,,https://t.cfjump.com/90610/o/131628,2024-11-18 00:00:00.000,
107207,2023-02-21 10:12:12.753,2023-02-21 10:12:12.753,77632,https://c.cfjump.com/Avatars/bc35c49a-7d3e-4896-a3a5-5deabbde9ac8.png,Optislim,Buy 3 Get 1 FREE – For Her,,https://t.cfjump.com/90610/o/107207,2023-02-21 00:00:00.000,
107208,2023-02-21 10:12:51.550,2023-03-20 16:17:41.137,77632,https://c.cfjump.com/Avatars/bc35c49a-7d3e-4896-a3a5-5deabbde9ac8.png,Optislim,Buy 3 Get 1 FREE - For Him,,https://t.cfjump.com/90610/o/107208,2023-02-21 00:00:00.000,
109629,2023-05-03 19:07:20.467,2023-05-03 19:07:20.467,77632,https://c.cfjump.com/Avatars/bc35c49a-7d3e-4896-a3a5-5deabbde9ac8.png,Optislim,VLCD Buy 3 Get 1 FREE - Classic Shakes,,https://t.cfjump.com/90610/o/109629,2023-05-03 00:00:00.000,
124885,2024-05-02 16:06:23.773,2024-05-02 16:06:23.773,77632,https://c.cfjump.com/Avatars/bc35c49a-7d3e-4896-a3a5-5deabbde9ac8.png,Optislim,VLCD Bars Bundle - 20% OFF,20% OFF VLCD Bars Bundle. Coupon cannot be used on this item as it is already discounted.,https://t.cfjump.com/90610/o/124885,2024-05-02 00:00:00.000,
137570,2025-04-16 15:03:40.190,2025-04-16 15:03:40.190,61521,https://c.cfjump.com/Avatars/843c2476-8022-4139-844e-cdb20296f60a.png,Organics on a Budget,Proudly Australian Owned & Operated,,https://t.cfjump.com/90610/o/137570,2025-04-16 00:00:00.000,
137571,2025-04-16 15:03:45.893,2025-04-25 16:16:41.817,61521,https://c.cfjump.com/Avatars/843c2476-8022-4139-844e-cdb20296f60a.png,Organics on a Budget,Worldwide Shipping ,,https://t.cfjump.com/90610/o/137571,2025-04-16 00:00:00.000,
137572,2025-04-16 15:04:13.393,2025-04-16 15:04:13.393,61521,https://c.cfjump.com/Avatars/843c2476-8022-4139-844e-cdb20296f60a.png,Organics on a Budget,Orders over $250 get a free gift,,https://t.cfjump.com/90610/o/137572,2025-04-16 00:00:00.000,
137573,2025-04-16 15:04:54.343,2025-05-02 17:29:34.083,61521,https://c.cfjump.com/Avatars/843c2476-8022-4139-844e-cdb20296f60a.png,Organics on a Budget,Monthly specials | Guaranteed additional savings,,https://t.cfjump.com/90610/o/137573,2025-04-16 00:00:00.000,
138345,2025-05-02 17:29:16.973,2025-05-02 17:29:39.207,61521,https://c.cfjump.com/Avatars/843c2476-8022-4139-844e-cdb20296f60a.png,Organics on a Budget,Everyday low prices | Save up to 40% on RRP year-round,,https://t.cfjump.com/90610/o/138345,2025-05-02 00:00:00.000,
138543,2025-05-07 16:06:16.900,2025-05-07 16:06:16.900,61521,https://c.cfjump.com/Avatars/843c2476-8022-4139-844e-cdb20296f60a.png,Organics on a Budget,Free Shipping for Australian Metro orders over $149,,https://t.cfjump.com/90610/o/138543,2025-05-07 00:00:00.000,
139490,2025-06-04 12:46:39.927,2025-06-04 12:46:39.927,61521,https://c.cfjump.com/Avatars/843c2476-8022-4139-844e-cdb20296f60a.png,Organics on a Budget,Save 70% on Organic Wild Blueberry Juice,,https://t.cfjump.com/90610/o/139490,2025-06-04 00:00:00.000,
125207,2024-05-13 19:19:31.360,2025-11-26 10:06:00.000,89651,https://c.cfjump.com/Avatars/de6fbb49-79d5-405d-a8ec-f85d3d5a7ac8.png,Original Mattress & Furniture,Buy Now Pay Later Options,,https://t.cfjump.com/90610/o/125207,2024-05-13 00:00:00.000,
146945,2026-02-19 12:01:33.190,2026-02-19 12:01:33.190,89651,https://c.cfjump.com/Avatars/de6fbb49-79d5-405d-a8ec-f85d3d5a7ac8.png,Original Mattress & Furniture,Spend & Save Sale,"Key Elements:

·        2 – Week Campaign.

·        Floor Stock Clearance.

·        Up to 70% off* discontinued and runout mattresses, bedroom furniture and sofas.

·        Spend & Save supplementary offer:

 

Spend & Save Breakdown:

-        Spend on any full price mattress, bedframe, base or Manchester to save as below:

 

                             Spend: $2,000+                Save: 10%

                             Spend: $3,000+                               Save: 30%

                             Spend: $5,000+                               Save: 50%

Key Weekly Offers:

·        Week 1 (23/02/2026 – 01/03/2026)

o   Free Local Delivery.

·        Week 2 (02/03/2026 – 08/03/2026)

o   Get an extra 10% off* selected already reduced mattresses.",https://t.cfjump.com/90610/o/146945,2026-02-23 00:00:00.000,2026-03-08 23:59:59.000
147245,2026-03-04 14:44:50.487,2026-03-04 14:47:12.080,89651,https://c.cfjump.com/Avatars/de6fbb49-79d5-405d-a8ec-f85d3d5a7ac8.png,Original Mattress & Furniture,OMF March Madness Sale Details,"·        Buy one item at full price and get up to 60% off* the rest.

·        Up to 60% off* selected mattresses when you buy any full-priced item.

·        Up to 25% off* bases, bedframes and storage when purchased with any full-priced item.  

·        Up to 10% off* bedding and rugs when purchased with any full-priced item. 

·        Up to 50 months interest free.*",https://t.cfjump.com/90610/o/147245,2026-03-09 00:00:00.000,2026-03-22 23:59:59.000
80547,2021-04-29 09:12:01.870,2021-04-29 09:12:01.870,73792,https://c.cfjump.com/Avatars/5bf0b5da-b0ae-4e02-a183-470bff9715de.png,Outback Equipment,Every Season is Outdoor Season.,,https://t.cfjump.com/90610/o/80547,2021-04-29 00:00:00.000,
80548,2021-04-29 09:18:00.050,2021-04-29 09:18:00.050,73792,https://c.cfjump.com/Avatars/5bf0b5da-b0ae-4e02-a183-470bff9715de.png,Outback Equipment,Most orders will be shipped in 3-5 business days of payment confirmation.,,https://t.cfjump.com/90610/o/80548,2021-04-29 00:00:00.000,
80549,2021-04-29 09:18:38.647,2021-04-29 09:18:38.647,73792,https://c.cfjump.com/Avatars/5bf0b5da-b0ae-4e02-a183-470bff9715de.png,Outback Equipment,Secure Payment Options,,https://t.cfjump.com/90610/o/80549,2021-04-29 00:00:00.000,
80550,2021-04-29 09:19:00.223,2021-04-29 09:19:00.223,73792,https://c.cfjump.com/Avatars/5bf0b5da-b0ae-4e02-a183-470bff9715de.png,Outback Equipment,We ship Australia Wide,,https://t.cfjump.com/90610/o/80550,2021-04-29 00:00:00.000,
110065,2023-05-17 12:04:17.133,2023-05-24 14:17:52.263,84267,https://c.cfjump.com/Avatars/364647f8-feab-4724-b7c5-f4fa187402b3.png,Ozdingo Shopping,Sign up 10% OFF,Sign up to our newsletter and get 10% off Store wide. Not to be used with any other promotion,https://t.cfjump.com/90610/o/110065,2023-05-17 00:00:00.000,
72251,2020-10-22 12:26:52.953,2020-10-28 09:54:36.533,70682,https://c.cfjump.com/Avatars/463b45db-bd14-461c-b3b7-bcce3f5d14a3.png,OzMobiles,Free and Fast Shipping ,"Need your device really quick? If you order a device before 12:30pm (AEST), we can ensure you that your device will be shipped out on the SAME DAY.

If you really need your device as soon as possible, we also offer Express Post which takes only 1-2 business days of delivery time. NOTE: It may take longer for WA and rural areas - although it will still reach the destination faster than standard post.

Within 24 hours of your device being shipped, you should receive an automated email via Australia post with your tracking number. You may track your package by visiting the AusPost Tracking page and enter your tracking number.",https://t.cfjump.com/90610/o/72251,2020-10-22 00:00:00.000,
72252,2020-10-22 12:27:04.390,2020-10-28 09:55:22.910,70682,https://c.cfjump.com/Avatars/463b45db-bd14-461c-b3b7-bcce3f5d14a3.png,OzMobiles,12 month warranty,"If you’re worried about warranty coverage, fret not! We cover manufacturing faults, both software and physical that may occur with your device, this includes battery performance issues. The length of the warranty period is 12 months from the purchase of the device.
Please note, however, that this does not cover any damage that is caused by mishandled use or liquid damage - so be careful! If you also get your device repaired by any unauthorised third party, this will void your warranty.

As an added plus, for the extra careful you, we also offer the OzMobiles Extra Care for iPhones which gives you an additional 12 months of warranty coverage for your newly purchased iPhone. It offers the same coverage as our standard warranty, but for an additional 12 months so you can have peace of mind knowing you are covered.

Simply add OzMobiles Extra Care before purchasing your device, it's that easy!",https://t.cfjump.com/90610/o/72252,2020-10-22 00:00:00.000,
72253,2020-10-22 12:27:16.283,2020-10-28 09:55:04.940,70682,https://c.cfjump.com/Avatars/463b45db-bd14-461c-b3b7-bcce3f5d14a3.png,OzMobiles,30-day free returns,"Found a fault in the device you purchased and you want to have it exchanged or refunded? Or probably you just simply changed your mind? Read below for further details about our 30-day Return Policy.

Warranty
Order Cancelations
30 Day Refund Policy
Change of Mind
Refunds
If you receive your items and they appeared to be faulty or not as described we are pleased to offer our customers within the first 30 days of purchase:

A replacement unit of the identical make and model as the original item ordered
Return the broken unit to be repaired
Store credit or a refund
",https://t.cfjump.com/90610/o/72253,2020-10-22 00:00:00.000,
72254,2020-10-22 12:27:31.660,2020-10-28 09:53:41.607,70682,https://c.cfjump.com/Avatars/463b45db-bd14-461c-b3b7-bcce3f5d14a3.png,OzMobiles,locally sourced products,"We sell only 100% Australian stock. We don't import any stock, it's 100% locally sourced. You won't see any strange software on our devices, and you won't be rejected by manufacturers because the devices are ""Imported"". We want to provide our customers with quality devices that we know are 100% genuine.",https://t.cfjump.com/90610/o/72254,2020-10-22 00:00:00.000,
72255,2020-10-22 12:27:46.427,2020-10-22 12:29:15.680,70682,https://c.cfjump.com/Avatars/463b45db-bd14-461c-b3b7-bcce3f5d14a3.png,OzMobiles,"Refurbished, Reduce, Reuse and Recycle","By buying Refurbished, you’re able to Reduce the amount of e-waste in the environment by Reusing a device that can still last for years that comes in Recyclable packaging.",https://t.cfjump.com/90610/o/72255,2020-10-22 00:00:00.000,
72256,2020-10-22 12:29:43.650,2020-10-28 09:54:49.487,70682,https://c.cfjump.com/Avatars/463b45db-bd14-461c-b3b7-bcce3f5d14a3.png,OzMobiles,Certified 72-Point Functional Check,"We know that battery health is one of the biggest concerns for most people, and that's why we have the OzMobiles Battery Health Guarantee.

Every device we sell is tested thoroughly though our OzMobiles 72 Point Check process.

As part of our 72-Point Check, we test the batteries of the device, to ensure that your device is still in its peak performance of at least 85% battery health.

Anything that has less than 85% battery will be replaced with a genuine battery before being sold on OzMobiles.",https://t.cfjump.com/90610/o/72256,2020-10-22 00:00:00.000,
112767,2023-08-14 16:16:06.757,2023-08-14 16:16:06.757,87268,https://c.cfjump.com/Avatars/84885aa8-5cee-4964-bb2a-c8eb69c4593c.png,Pace Athletic,SIGN UP and Get 10% off your first purchase!,,https://t.cfjump.com/90610/o/112767,2023-08-14 00:00:00.000,
112768,2023-08-14 16:16:52.540,2023-08-14 16:16:52.540,87268,https://c.cfjump.com/Avatars/84885aa8-5cee-4964-bb2a-c8eb69c4593c.png,Pace Athletic,FREE SHIPPING Australia wide on any order $100+,,https://t.cfjump.com/90610/o/112768,2023-08-14 00:00:00.000,
138767,2025-05-14 16:00:17.390,2025-05-14 16:00:17.390,91853,https://c.cfjump.com/Avatars/5e5f8eab-67c8-4731-9989-578d69350b76.png,Paula's Choice Malaysia,Unveil Your Exclusive Mystery Gift,,https://t.cfjump.com/90610/o/138767,2025-05-14 00:00:00.000,
138768,2025-05-14 16:01:37.123,2025-05-14 16:01:37.123,91853,https://c.cfjump.com/Avatars/5e5f8eab-67c8-4731-9989-578d69350b76.png,Paula's Choice Malaysia,Free Shipping for orders above RM150,,https://t.cfjump.com/90610/o/138768,2025-05-14 00:00:00.000,
138769,2025-05-14 16:02:12.623,2025-05-14 16:02:12.623,91853,https://c.cfjump.com/Avatars/5e5f8eab-67c8-4731-9989-578d69350b76.png,Paula's Choice Malaysia,New Subscribers Get 10% OFF Their First Order,,https://t.cfjump.com/90610/o/138769,2025-05-14 00:00:00.000,
138770,2025-05-14 16:02:24.000,2025-05-14 16:02:24.000,91853,https://c.cfjump.com/Avatars/5e5f8eab-67c8-4731-9989-578d69350b76.png,Paula's Choice Malaysia,Made in USA With 100% Authenticity Guaranteed,,https://t.cfjump.com/90610/o/138770,2025-05-14 00:00:00.000,
138771,2025-05-14 16:02:34.030,2025-05-14 16:02:53.687,91853,https://c.cfjump.com/Avatars/5e5f8eab-67c8-4731-9989-578d69350b76.png,Paula's Choice Malaysia,Paula's Choice Members Get Rewarded To Shop,,https://t.cfjump.com/90610/o/138771,2025-05-14 00:00:00.000,
100121,2022-08-17 15:39:23.420,2023-08-04 13:21:07.347,80527,https://c.cfjump.com/Avatars/fea43cbe-083e-4890-9d14-16e2c6cbfaa9.png,Peak Chocolate,FREE SHIPPING ON AUS ORDERS OVER $70,Australia wide,https://t.cfjump.com/90610/o/100121,2022-08-17 00:00:00.000,
100123,2022-08-17 15:40:06.637,2022-08-17 15:40:06.637,80527,https://c.cfjump.com/Avatars/fea43cbe-083e-4890-9d14-16e2c6cbfaa9.png,Peak Chocolate,97% of verified reviewers would recommend Peak Chocolate to a friend,,https://t.cfjump.com/90610/o/100123,2022-08-17 00:00:00.000,
100124,2022-08-17 15:40:21.467,2022-08-17 15:40:21.467,80527,https://c.cfjump.com/Avatars/fea43cbe-083e-4890-9d14-16e2c6cbfaa9.png,Peak Chocolate,DON'T JUST TAKE OUR WORD FOR IT... CHECK OUT OUR 500+ 5-STAR REVIEWS,,https://t.cfjump.com/90610/o/100124,2022-08-17 00:00:00.000,
100125,2022-08-17 15:40:46.730,2022-08-17 15:40:46.730,80527,https://c.cfjump.com/Avatars/fea43cbe-083e-4890-9d14-16e2c6cbfaa9.png,Peak Chocolate,"Sign Up - We only send cool emails (the kind with useful information, good news and great offers).",,https://t.cfjump.com/90610/o/100125,2022-08-17 00:00:00.000,
126195,2024-06-13 15:37:27.040,2024-06-13 15:37:27.040,89536,https://c.cfjump.com/Avatars/f10604f3-11b2-4339-99f1-0f84415577d4.png,Pet Circle Insurance,2 Months Free: PCI2FREE,,https://t.cfjump.com/90610/o/126195,2024-06-13 00:00:00.000,
126348,2024-06-19 15:45:47.330,2024-06-19 15:45:47.330,89536,https://c.cfjump.com/Avatars/f10604f3-11b2-4339-99f1-0f84415577d4.png,Pet Circle Insurance,Claim up to $30K annually!,,https://t.cfjump.com/90610/o/126348,2024-06-19 00:00:00.000,
126349,2024-06-19 15:46:14.470,2024-06-19 15:46:14.470,89536,https://c.cfjump.com/Avatars/f10604f3-11b2-4339-99f1-0f84415577d4.png,Pet Circle Insurance,Get a 2 min quote,,https://t.cfjump.com/90610/o/126349,2024-06-19 00:00:00.000,
126350,2024-06-19 15:51:02.567,2024-06-19 15:51:02.567,89536,https://c.cfjump.com/Avatars/f10604f3-11b2-4339-99f1-0f84415577d4.png,Pet Circle Insurance,Pet cover you can count on,,https://t.cfjump.com/90610/o/126350,2024-06-19 00:00:00.000,
126351,2024-06-19 15:53:16.757,2024-06-19 15:53:16.757,89536,https://c.cfjump.com/Avatars/f10604f3-11b2-4339-99f1-0f84415577d4.png,Pet Circle Insurance,Cover your fur baby today.,,https://t.cfjump.com/90610/o/126351,2024-06-19 00:00:00.000,
65716,2020-04-27 13:17:44.013,2020-04-27 13:17:44.013,7602,https://c.cfjump.com/Avatars/4ad74eee-bbe0-487c-93bb-968fae780de3.png,Petals Network AU,"Buy Now, Pay Later with Afterpay	",,https://t.cfjump.com/90610/o/65716,2020-04-27 00:00:00.000,
65718,2020-04-27 13:19:27.687,2020-04-27 13:19:27.687,7602,https://c.cfjump.com/Avatars/4ad74eee-bbe0-487c-93bb-968fae780de3.png,Petals Network AU,Same-Day Flower Delivery,"Order before 2pm on weekdays or 10am on Saturdays in the recipient’s time zone for same day delivery Australia-wide. Surprise an elderly friend or relative with a Gift Basket packed with cheer and a collection of their favourite blooms; Congratulate a new staff member or Celebrate one moving on; make someone’s hospital stay a little happier with Get Wel l wishes; express your gratitude with Thank You flowers; and when you can’t say Sorry in person, say it with flowers. We deliver everywhere including nursing homes, hospitals, hotels, residential and businesses addresses. So for beautiful fresh flowers delivered in time, every time, choose Petals for guaranteed quality, style and service.",https://t.cfjump.com/90610/o/65718,2020-04-27 00:00:00.000,
103204,2022-11-03 16:26:11.130,2022-11-03 16:27:04.677,7602,https://c.cfjump.com/Avatars/4ad74eee-bbe0-487c-93bb-968fae780de3.png,Petals Network AU,Order Online,Petals Network provides you with the best flower arrangements in Australia delivered by local florists. Order online.  Same day delivery* T&C'S apply,https://t.cfjump.com/90610/o/103204,2022-11-03 00:00:00.000,
103205,2022-11-03 16:36:34.370,2022-11-03 16:36:34.370,7602,https://c.cfjump.com/Avatars/4ad74eee-bbe0-487c-93bb-968fae780de3.png,Petals Network AU,Send Fresh Flowers online for any Occasion,"Put bounce in a Birthday with a big bouquet of captivating colour, or charm, and Romance with ravishing roses. Welcome a New Baby with a gift basket bursting with treats and new born essentials and share the love on Valentine’s Day, Mother’s Day and Christmas with flowers from our special seasonal ranges. And if you can’t decide what to choose don’t worry, select from our Bestsellers collection of proven favourites. And for great value and stunning style order from our Designer’s Choice range for eye-catching arrangements and glorious gift-wrapped bunches of fresh-cut flowers. Crafted with professional care and flair, florist choice arrangements are unique and artful collections of the day’s best selection of blooms and foliage. Our Designers Choice Sympathy range is a quality tribute to express your feelings and thoughts when words are never enough. Or choose from our wider range of Sympathy wreaths, sheaves, bouquets and arrangements, crafted and delivered with care to all homes, churches and service venues.",https://t.cfjump.com/90610/o/103205,2022-11-03 00:00:00.000,
103206,2022-11-03 16:40:53.043,2022-11-03 16:40:53.043,7602,https://c.cfjump.com/Avatars/4ad74eee-bbe0-487c-93bb-968fae780de3.png,Petals Network AU,"Flowers from the Largest, Most Trusted Network of Local Florists","Since 1992, Petals Network has been delivering flowers throughout Australia and around the world. Over the years we have developed a reputation for high quality service for the best price.  Petals has grown to be one of the largest and most trusted florist networks in Oceania. When you want the best flowers delivered fresh,  order from the Petals Florist Network.",https://t.cfjump.com/90610/o/103206,2022-11-03 00:00:00.000,
103207,2022-11-03 16:44:09.543,2022-11-03 16:44:09.543,7602,https://c.cfjump.com/Avatars/4ad74eee-bbe0-487c-93bb-968fae780de3.png,Petals Network AU,Celebrating 30 years!,"Petals Network is one of Australia's premier flower delivery services, proudly connecting customers with the world's best local florists for more than 30 years. All of Petals' flower arrangements are artistically arranged and hand-delivered using only the freshest flowers available through its talented network of local florists.",https://t.cfjump.com/90610/o/103207,2022-11-03 00:00:00.000,
103208,2022-11-03 16:45:46.497,2022-11-03 16:45:57.403,7602,https://c.cfjump.com/Avatars/4ad74eee-bbe0-487c-93bb-968fae780de3.png,Petals Network AU,100% Secure Shopping,,https://t.cfjump.com/90610/o/103208,2022-11-03 00:00:00.000,
65713,2020-04-27 13:00:24.583,2020-04-27 13:00:24.583,24988,https://c.cfjump.com/Avatars/f96dcb71-a9d6-4c09-bc96-8586e07bd5c9.png,Petals Network NZ,Fresh Flowers - Hand Delivered ,,https://t.cfjump.com/90610/o/65713,2020-04-27 00:00:00.000,
65714,2020-04-27 13:01:32.490,2020-04-27 13:01:32.490,24988,https://c.cfjump.com/Avatars/f96dcb71-a9d6-4c09-bc96-8586e07bd5c9.png,Petals Network NZ,"Buy Now, Pay Later with Afterpay",,https://t.cfjump.com/90610/o/65714,2020-04-27 00:00:00.000,
65715,2020-04-27 13:01:56.160,2020-04-27 13:01:56.160,24988,https://c.cfjump.com/Avatars/f96dcb71-a9d6-4c09-bc96-8586e07bd5c9.png,Petals Network NZ,Designer's Choice,,https://t.cfjump.com/90610/o/65715,2020-04-27 00:00:00.000,
103755,2022-11-11 13:49:56.227,2022-11-11 13:49:56.227,13804,https://c.cfjump.com/Avatars/dbc13f60-e699-4cc5-ab9d-0d18a07011d9.png,Price Rite Mart,FLAT RATE STANDARD POST $9.50.FREE SHIPPING ON ORDERS $99+.,,https://t.cfjump.com/90610/o/103755,2022-11-11 00:00:00.000,
111695,2023-07-06 16:45:35.073,2023-07-14 12:21:41.780,86163,https://c.cfjump.com/Avatars/18c0d77e-a358-48b8-b803-736787461ead.png,PTC Shop Australia,Free shipping for all AU orders over $30,,https://t.cfjump.com/90610/o/111695,2023-07-06 00:00:00.000,
111696,2023-07-06 16:46:20.323,2023-07-14 12:21:59.967,86163,https://c.cfjump.com/Avatars/18c0d77e-a358-48b8-b803-736787461ead.png,PTC Shop Australia,SIGN UP FOR 10% OFF TODAY,,https://t.cfjump.com/90610/o/111696,2023-07-06 00:00:00.000,
112220,2023-07-26 11:46:35.287,2024-08-22 11:54:32.463,86163,https://c.cfjump.com/Avatars/18c0d77e-a358-48b8-b803-736787461ead.png,PTC Shop Australia,Up to 50% off,,https://t.cfjump.com/90610/o/112220,2023-07-26 00:00:00.000,
114741,2023-09-13 05:19:20.217,2023-09-13 05:19:20.233,86163,https://c.cfjump.com/Avatars/18c0d77e-a358-48b8-b803-736787461ead.png,PTC Shop Australia,iPhone 15 Series accessories,,https://t.cfjump.com/90610/o/114741,2023-09-13 00:00:00.000,
59878,2019-11-06 15:33:26.470,2019-11-06 15:33:26.470,65707,https://c.cfjump.com/Avatars/c8b5ec3b-ebdf-40fa-a1c9-653b29a91a21.png,Purebaby,Express International Shipping Flat Rate $19.95,,https://t.cfjump.com/90610/o/59878,2019-11-06 00:00:00.000,
59881,2019-11-06 15:39:41.430,2019-11-06 15:39:41.430,65707,https://c.cfjump.com/Avatars/c8b5ec3b-ebdf-40fa-a1c9-653b29a91a21.png,Purebaby,Organic cotton baby clothes ,,https://t.cfjump.com/90610/o/59881,2019-11-06 00:00:00.000,
101609,2022-09-26 16:58:35.037,2022-09-26 16:58:35.037,65707,https://c.cfjump.com/Avatars/c8b5ec3b-ebdf-40fa-a1c9-653b29a91a21.png,Purebaby,Shop baby growsuits from $26.95,,https://t.cfjump.com/90610/o/101609,2022-09-26 00:00:00.000,
101610,2022-09-26 16:58:58.113,2023-10-17 16:31:02.217,65707,https://c.cfjump.com/Avatars/c8b5ec3b-ebdf-40fa-a1c9-653b29a91a21.png,Purebaby,Shop sleepwear from $29.95,,https://t.cfjump.com/90610/o/101610,2022-09-26 00:00:00.000,
101612,2022-09-26 16:59:41.337,2024-08-30 11:01:57.603,65707,https://c.cfjump.com/Avatars/c8b5ec3b-ebdf-40fa-a1c9-653b29a91a21.png,Purebaby,Shop baby jumpers & cardigans from $34.95,,https://t.cfjump.com/90610/o/101612,2022-09-26 00:00:00.000,
108521,2023-03-29 16:15:48.247,2023-10-17 16:24:32.933,65707,https://c.cfjump.com/Avatars/c8b5ec3b-ebdf-40fa-a1c9-653b29a91a21.png,Purebaby,Shop 2 Packs Growsuits from $49.95,See website for full T&Cs,https://t.cfjump.com/90610/o/108521,2023-03-29 00:00:00.000,
108522,2023-03-29 16:16:23.480,2024-08-30 11:02:23.480,65707,https://c.cfjump.com/Avatars/c8b5ec3b-ebdf-40fa-a1c9-653b29a91a21.png,Purebaby,Free shipping Australia-wide on orders over $100,See website for full T&Cs,https://t.cfjump.com/90610/o/108522,2023-03-29 00:00:00.000,
108523,2023-03-29 16:17:02.840,2024-08-30 11:03:02.560,65707,https://c.cfjump.com/Avatars/c8b5ec3b-ebdf-40fa-a1c9-653b29a91a21.png,Purebaby,Shop Baby Blankets from $59.95,See website for full T&Cs,https://t.cfjump.com/90610/o/108523,2023-03-29 00:00:00.000,
108525,2023-03-29 16:17:50.217,2024-08-30 11:03:21.543,65707,https://c.cfjump.com/Avatars/c8b5ec3b-ebdf-40fa-a1c9-653b29a91a21.png,Purebaby,Long Sleeve Sleeping Bags from $49.95,See website for full T&Cs,https://t.cfjump.com/90610/o/108525,2023-03-29 00:00:00.000,
108526,2023-03-29 16:19:07.047,2023-03-29 16:19:58.580,65707,https://c.cfjump.com/Avatars/c8b5ec3b-ebdf-40fa-a1c9-653b29a91a21.png,Purebaby,Purebaby - GOTS-certified organic,See website for full T&Cs,https://t.cfjump.com/90610/o/108526,2023-03-29 00:00:00.000,
108527,2023-03-29 16:20:22.860,2023-03-29 16:20:22.860,65707,https://c.cfjump.com/Avatars/c8b5ec3b-ebdf-40fa-a1c9-653b29a91a21.png,Purebaby,Shop the baby and toddler gifts at Purebaby,See website for full T&Cs,https://t.cfjump.com/90610/o/108527,2023-03-29 00:00:00.000,
147186,2026-03-03 11:24:13.943,2026-03-03 11:24:13.943,36113,https://c.cfjump.com/Avatars/bf35da74-55ab-4afa-9b4c-69a612c02764.png,Quiksilver,PayPal Frenzy - Up to 50% Off,https://www.quiksilver.com.au/pages/promotions,https://t.cfjump.com/90610/o/147186,2026-03-04 00:00:00.000,2026-03-10 23:59:59.000
128524,2024-09-05 09:36:35.720,2024-09-05 09:36:35.720,90402,https://c.cfjump.com/Avatars/e3fadee0-4359-4568-97f6-78cbb8c40b5c.png,RC & Co,Free Delivery Over $100,Free standard delivery on all Australian delivered orders over $100,https://t.cfjump.com/90610/o/128524,2024-09-05 00:00:00.000,
128525,2024-09-05 09:36:51.970,2024-09-05 09:37:02.830,90402,https://c.cfjump.com/Avatars/e3fadee0-4359-4568-97f6-78cbb8c40b5c.png,RC & Co,Afterpay Available,,https://t.cfjump.com/90610/o/128525,2024-09-05 00:00:00.000,
129912,2024-10-08 14:17:44.027,2024-10-08 14:17:44.027,90402,https://c.cfjump.com/Avatars/e3fadee0-4359-4568-97f6-78cbb8c40b5c.png,RC & Co,30 Day Returns & Exchanges,,https://t.cfjump.com/90610/o/129912,2024-10-08 00:00:00.000,
135270,2025-02-20 14:35:41.563,2025-02-20 14:35:41.563,90402,https://c.cfjump.com/Avatars/e3fadee0-4359-4568-97f6-78cbb8c40b5c.png,RC & Co,"Sign Up, Get $20 Off",Valid on Full Price items only. One use per customer. Not to be used in conjunction with any other discount code.,https://t.cfjump.com/90610/o/135270,2025-02-20 00:00:00.000,
139565,2025-06-06 14:24:24.237,2025-06-06 14:24:24.237,90402,https://c.cfjump.com/Avatars/e3fadee0-4359-4568-97f6-78cbb8c40b5c.png,RC & Co,Best Selling Linen,,https://t.cfjump.com/90610/o/139565,2025-06-06 00:00:00.000,
146756,2026-02-12 17:13:50.670,2026-02-12 17:13:50.687,90402,https://c.cfjump.com/Avatars/e3fadee0-4359-4568-97f6-78cbb8c40b5c.png,RC & Co,Spend & Save Up To 40% Off Sale Items,Valid on sale items only.,https://t.cfjump.com/90610/o/146756,2026-02-12 00:00:00.000,
146815,2026-02-13 14:11:35.233,2026-02-13 14:11:35.233,90402,https://c.cfjump.com/Avatars/e3fadee0-4359-4568-97f6-78cbb8c40b5c.png,RC & Co,"Refer A Friend - Share $20, Earn $20",,https://t.cfjump.com/90610/o/146815,2026-02-13 00:00:00.000,
126338,2024-06-19 13:40:04.827,2024-06-19 13:40:04.827,89591,https://c.cfjump.com/Avatars/6d3f4695-7f50-473e-99c5-e5d68a030fe5.png,Remedy Drinks,GET 15% OFF THE GOOD STUFF!,"- Sign up for our newsletter and score 15% OFF your first order. Plus, you'll get the inside scoop on new products and, of course, sweet discounts throughout the year.
- By subscribing, you agree to the Remedy Drinks T&C's and Privacy Policy.
- *Offer valid for first order only. Not available in conjunction with any other offer. Excludes subscriptions.",https://t.cfjump.com/90610/o/126338,2024-06-19 00:00:00.000,
126339,2024-06-19 13:40:45.093,2024-06-19 13:40:45.093,89591,https://c.cfjump.com/Avatars/6d3f4695-7f50-473e-99c5-e5d68a030fe5.png,Remedy Drinks,Free Shipping On All Orders,,https://t.cfjump.com/90610/o/126339,2024-06-19 00:00:00.000,
126444,2024-06-24 16:45:47.503,2024-06-24 16:45:47.503,89920,https://c.cfjump.com/Avatars/3313740b-67bf-4562-a381-5556c6770e04.png,Ride Electric,Free Shipping on All Orders Over $99,,https://t.cfjump.com/90610/o/126444,2024-06-24 00:00:00.000,
126445,2024-06-24 16:46:16.067,2024-06-24 16:46:16.067,89920,https://c.cfjump.com/Avatars/3313740b-67bf-4562-a381-5556c6770e04.png,Ride Electric,Hey Rider! Join RE Crew and Unlock $25 OFF Your First Order Now!,Subscribe to get the coupon code in your email,https://t.cfjump.com/90610/o/126445,2024-06-24 00:00:00.000,
126446,2024-06-24 16:46:38.363,2024-06-24 16:46:38.363,89920,https://c.cfjump.com/Avatars/3313740b-67bf-4562-a381-5556c6770e04.png,Ride Electric,Flexible Payments - Buy Now & Pay Later options,,https://t.cfjump.com/90610/o/126446,2024-06-24 00:00:00.000,
126447,2024-06-24 16:46:50.487,2024-06-24 16:46:50.487,89920,https://c.cfjump.com/Avatars/3313740b-67bf-4562-a381-5556c6770e04.png,Ride Electric,14-Day Returns - Shop with confidence,,https://t.cfjump.com/90610/o/126447,2024-06-24 00:00:00.000,
126448,2024-06-24 16:47:18.253,2024-06-24 16:47:18.253,89920,https://c.cfjump.com/Avatars/3313740b-67bf-4562-a381-5556c6770e04.png,Ride Electric,Onsite servicing available,,https://t.cfjump.com/90610/o/126448,2024-06-24 00:00:00.000,
126449,2024-06-24 16:48:59.817,2024-06-24 16:48:59.817,89920,https://c.cfjump.com/Avatars/3313740b-67bf-4562-a381-5556c6770e04.png,Ride Electric,Get The Best Tyres for Your E-scooter,- Tyres for leading scooter brands available,https://t.cfjump.com/90610/o/126449,2024-06-24 00:00:00.000,
139487,2025-06-04 11:54:21.207,2025-06-04 11:54:21.207,89920,https://c.cfjump.com/Avatars/3313740b-67bf-4562-a381-5556c6770e04.png,Ride Electric,Up to 35% off on Fox Racing Helmets - Speedframe Collection,,https://t.cfjump.com/90610/o/139487,2025-06-04 00:00:00.000,
62153,2019-12-20 11:35:09.070,2024-09-24 11:10:33.223,65435,https://c.cfjump.com/Avatars/55040c12-3f50-4788-9c87-cba8a732aada.png,Rip Curl,FREE Standard Shipping on Orders Over $90,,https://t.cfjump.com/90610/o/62153,2019-12-27 00:00:00.000,
147023,2026-02-25 12:37:00.557,2026-02-25 12:37:00.557,65435,https://c.cfjump.com/Avatars/55040c12-3f50-4788-9c87-cba8a732aada.png,Rip Curl,Free Standard shipping on all orders over $100.,,https://t.cfjump.com/90610/o/147023,2026-02-25 00:00:00.000,
147024,2026-02-25 12:37:17.747,2026-02-25 12:37:17.747,65435,https://c.cfjump.com/Avatars/55040c12-3f50-4788-9c87-cba8a732aada.png,Rip Curl,$5 Online Returns and Easy In-Store Returns now available.,,https://t.cfjump.com/90610/o/147024,2026-02-25 00:00:00.000,
147025,2026-02-25 12:38:32.823,2026-02-25 12:38:32.823,65435,https://c.cfjump.com/Avatars/55040c12-3f50-4788-9c87-cba8a732aada.png,Rip Curl,Up to 40% off Selected Styles,,https://t.cfjump.com/90610/o/147025,2026-02-25 00:00:00.000,
147026,2026-02-25 12:38:47.027,2026-02-25 12:38:47.027,65435,https://c.cfjump.com/Avatars/55040c12-3f50-4788-9c87-cba8a732aada.png,Rip Curl,Towel for $20 when you spend over $79.99,,https://t.cfjump.com/90610/o/147026,2026-02-25 00:00:00.000,
147187,2026-03-03 11:41:53.540,2026-03-03 11:41:53.540,36117,https://c.cfjump.com/Avatars/6a553f3d-0883-433e-80f6-10688a51ce3a.png,Roxy,Pay Pal Frenzy - Up to 50% Off,"Up to 50% off sale valid online only until 11:59pm AEST 10.03.2026. Prices as marked on sale items only, excludes full price products. Excludes gift cards. Not valid for use in conjunction with any other discount, offer or promotion. We reserve the right to exclude any other product and/or remove all promotions at any given time. Information and prices subject to change. Other exclusions may apply.",https://t.cfjump.com/90610/o/147187,2026-03-04 00:00:00.000,2026-03-10 23:59:59.000
140033,2025-07-02 15:59:47.907,2025-10-01 09:34:25.763,976,https://c.cfjump.com/Avatars/c935ff26-4341-4b16-b125-92612052373a.png,RY - Recreate Yourself,Free Shipping On All Orders Over $75,,https://t.cfjump.com/90610/o/140033,2025-07-02 00:00:00.000,
140035,2025-07-02 16:01:11.440,2025-07-02 16:01:11.440,976,https://c.cfjump.com/Avatars/c935ff26-4341-4b16-b125-92612052373a.png,RY - Recreate Yourself,Subscribe to our Newsletter get 5% Off,,https://t.cfjump.com/90610/o/140035,2025-07-02 00:00:00.000,
140036,2025-07-02 16:01:33.970,2025-07-02 16:01:33.970,976,https://c.cfjump.com/Avatars/c935ff26-4341-4b16-b125-92612052373a.png,RY - Recreate Yourself,Australian Owned,,https://t.cfjump.com/90610/o/140036,2025-07-02 00:00:00.000,
142199,2025-09-10 11:28:02.733,2025-09-10 11:28:02.733,976,https://c.cfjump.com/Avatars/c935ff26-4341-4b16-b125-92612052373a.png,RY - Recreate Yourself,Up to 23% off Medik8,n/a,https://t.cfjump.com/90610/o/142199,2025-09-10 00:00:00.000,
71405,2020-09-30 11:01:05.473,2025-04-18 16:28:55.930,70388,https://c.cfjump.com/Avatars/c48b9beb-66eb-4fe8-9dff-0802516466a7.png,SANS DRINKS,"Shop Now, Pay Later with Afterpay",,https://t.cfjump.com/90610/o/71405,2020-09-30 00:00:00.000,
143928,2025-10-30 14:56:30.863,2025-10-30 14:56:30.863,70388,https://c.cfjump.com/Avatars/c48b9beb-66eb-4fe8-9dff-0802516466a7.png,SANS DRINKS,Clearance Sale: Up to 80% off SALE,,https://t.cfjump.com/90610/o/143928,2025-10-30 00:00:00.000,
144377,2025-11-08 16:48:34.290,2025-11-08 16:48:34.290,70388,https://c.cfjump.com/Avatars/c48b9beb-66eb-4fe8-9dff-0802516466a7.png,SANS DRINKS,"Non-Alcoholic Drink Bundles. Wine, Beer & Spirits. Shop Now!",,https://t.cfjump.com/90610/o/144377,2025-11-08 00:00:00.000,
144378,2025-11-08 16:49:50.930,2025-11-08 16:49:50.930,70388,https://c.cfjump.com/Avatars/c48b9beb-66eb-4fe8-9dff-0802516466a7.png,SANS DRINKS,Fresh Drops: Shop New Non-Alcoholic Beverages Today!,,https://t.cfjump.com/90610/o/144378,2025-11-08 00:00:00.000,
144379,2025-11-08 16:52:06.430,2025-11-08 16:52:06.430,70388,https://c.cfjump.com/Avatars/c48b9beb-66eb-4fe8-9dff-0802516466a7.png,SANS DRINKS,Non-Alcoholic Drink Subscription Boxes. Save 10% Today!,,https://t.cfjump.com/90610/o/144379,2025-11-08 00:00:00.000,
144380,2025-11-08 16:53:33.790,2025-11-08 16:53:33.790,70388,https://c.cfjump.com/Avatars/c48b9beb-66eb-4fe8-9dff-0802516466a7.png,SANS DRINKS,Non-Alc Drinks with Purpose. Shop Functional Beverages.,,https://t.cfjump.com/90610/o/144380,2025-11-08 00:00:00.000,
144381,2025-11-08 16:54:39.040,2025-11-08 16:54:39.040,70388,https://c.cfjump.com/Avatars/c48b9beb-66eb-4fe8-9dff-0802516466a7.png,SANS DRINKS,Premium Non-Alc Wines. Top Brands. Shop Sans Drinks Now.,,https://t.cfjump.com/90610/o/144381,2025-11-08 00:00:00.000,
144382,2025-11-08 16:55:46.260,2025-11-08 16:55:46.260,70388,https://c.cfjump.com/Avatars/c48b9beb-66eb-4fe8-9dff-0802516466a7.png,SANS DRINKS,"Shop Non-Alcoholic Red Wine. Shiraz, Pinot Noir & More.",,https://t.cfjump.com/90610/o/144382,2025-11-08 00:00:00.000,
144383,2025-11-08 16:58:16.883,2025-11-08 16:58:16.883,70388,https://c.cfjump.com/Avatars/c48b9beb-66eb-4fe8-9dff-0802516466a7.png,SANS DRINKS,"Enjoy Your Favourite White Wine, Alcohol-Free. Shop Now!",,https://t.cfjump.com/90610/o/144383,2025-11-08 00:00:00.000,
144384,2025-11-08 16:58:59.777,2025-11-08 16:58:59.777,70388,https://c.cfjump.com/Avatars/c48b9beb-66eb-4fe8-9dff-0802516466a7.png,SANS DRINKS,Non-Alcoholic Sparkling Wine & Champagne. Shop Sans Drinks!,,https://t.cfjump.com/90610/o/144384,2025-11-08 00:00:00.000,
144385,2025-11-08 17:01:31.697,2025-11-08 17:01:31.697,70388,https://c.cfjump.com/Avatars/c48b9beb-66eb-4fe8-9dff-0802516466a7.png,SANS DRINKS,"Rich Non-Alcoholic Shiraz. Bold Flavours, Zero Alcohol.",,https://t.cfjump.com/90610/o/144385,2025-11-08 00:00:00.000,
144386,2025-11-08 17:03:33.370,2025-11-08 17:03:33.370,70388,https://c.cfjump.com/Avatars/c48b9beb-66eb-4fe8-9dff-0802516466a7.png,SANS DRINKS,"Shop Non-Alcoholic Spirits. Gin, Whiskey, Rum & More!",,https://t.cfjump.com/90610/o/144386,2025-11-08 00:00:00.000,
144387,2025-11-08 17:04:19.480,2025-11-08 17:04:19.480,70388,https://c.cfjump.com/Avatars/c48b9beb-66eb-4fe8-9dff-0802516466a7.png,SANS DRINKS,"Shop Non-Alcoholic Beer. IPA, Lager, XPA, Stout & More.",,https://t.cfjump.com/90610/o/144387,2025-11-08 00:00:00.000,
144388,2025-11-08 17:06:12.103,2025-11-08 17:06:12.103,70388,https://c.cfjump.com/Avatars/c48b9beb-66eb-4fe8-9dff-0802516466a7.png,SANS DRINKS,Get a FREE Taster Box When You Spend $99+! Sans Drinks.,,https://t.cfjump.com/90610/o/144388,2025-11-08 00:00:00.000,
144389,2025-11-08 17:13:07.650,2025-11-08 17:13:07.650,70388,https://c.cfjump.com/Avatars/c48b9beb-66eb-4fe8-9dff-0802516466a7.png,SANS DRINKS,"Shop Stylish Drinkware. Glasses, Barware & Cocktail Kits.",,https://t.cfjump.com/90610/o/144389,2025-11-08 00:00:00.000,
144390,2025-11-08 17:14:11.900,2025-11-08 17:14:11.900,70388,https://c.cfjump.com/Avatars/c48b9beb-66eb-4fe8-9dff-0802516466a7.png,SANS DRINKS,Non-Alcoholic Drinks Clearance! Up to 80% OFF. Shop Now!,,https://t.cfjump.com/90610/o/144390,2025-11-08 00:00:00.000,
146697,2026-02-10 14:45:38.543,2026-02-10 14:45:38.543,70388,https://c.cfjump.com/Avatars/c48b9beb-66eb-4fe8-9dff-0802516466a7.png,SANS DRINKS,Get 10% Off Your First Order,"Check your email for your 15% discount code once you sign up!

Join our loyalty program and start collecting points on every purchase.",https://t.cfjump.com/90610/o/146697,2026-02-10 00:00:00.000,2027-01-31 23:59:59.000
121008,2024-01-17 16:17:13.037,2024-01-17 16:17:13.037,88535,https://c.cfjump.com/Avatars/3451187c-97e4-4855-9442-1dcb25c48608.png,Sassy Organics,FREE AU SHIPPING OVER $100,,https://t.cfjump.com/90610/o/121008,2024-01-17 00:00:00.000,
121011,2024-01-17 16:18:30.473,2024-01-17 16:18:30.473,88535,https://c.cfjump.com/Avatars/3451187c-97e4-4855-9442-1dcb25c48608.png,Sassy Organics,Unlock 10% off your first order,,https://t.cfjump.com/90610/o/121011,2024-01-17 00:00:00.000,
121012,2024-01-17 16:18:57.803,2024-01-17 16:18:57.803,88535,https://c.cfjump.com/Avatars/3451187c-97e4-4855-9442-1dcb25c48608.png,Sassy Organics,30 days return ,"Returns & Refunds

Sassy Organics offers a 30 day return policy, where the product does not meet the consumer guarantee, in accordance with Australian Consumer Law. 30 days is calculated from the day the product is received by you. If you receive a faulty item(s), you must notify us as soon as you receive your order. This can be done by writing to us via email at info@sassyorganics.com.au or via Sassy Organics Resolution Centre. We will assess your claim and endeavour to address your concerns as soon as possible. You will be advised of the next step(s), including whether or not to send the goods back to us. Please do not send your purchased products back to the manufacturer. If you are asked to return the product to us, please mail it to the following address: 

Sassy Organics

PO Box 2665

Dunearn VIC 3175

 

General product enquiry

If any of the items purchased at Sassy Organics fail to meet your expectations, we will raise your concern with the product supplier on your behalf. We will endeavour to remedy your concerns either by:

Contacting the product supplier directly on your behalf;
Replacing the product;
Providing you with a refund; or
Offering you an alternative solution.
 

Change of mind

Sassy Organics offers a 30 day return policy for change of mind. That means if you are not satisfied with your purchase, you are welcome to return it to us within 30 days after you received it for your choice of exchange or full refund, excluding original delivery costs. If your product was over AU $100.00 and you qualified for FREE shipping, upon returning the product to us, shipping fee incurred by Sassy Organics will be deducted of the refund amount.

Please note that all returned products must be unopened, in their original box and packaging, sealed and unmarked, suitable for restocking and sale as a brand new item.  Any product returned which is received damaged, opened, used or otherwise blemished will not qualify for a refund and will be held until the buyer pays for redelivery. Returned products that do not qualify for a refund which are held for more than 30 days where a buyer has failed to pay the redelivery fee, may be destroyed or otherwise disposed of by Sassy Organics. When returning the products to us, please ensure your return parcel is securely packaged and both sender’s address and Sassy Organics return address are clearly displayed on the outside of the parcel. All questions regarding returns & refunds can be directed to info@sassyorganics.com.au ",https://t.cfjump.com/90610/o/121012,2024-01-17 00:00:00.000,
122586,2024-03-05 15:10:22.703,2024-03-05 15:10:22.703,88535,https://c.cfjump.com/Avatars/3451187c-97e4-4855-9442-1dcb25c48608.png,Sassy Organics,FREE Vitus Immune D Powder,Spend AU $125.00 on Vitus range & receive FREE Vitus Immune D Powder (180 g) RRP AU $49.95. Use code IMMUNE during checkout.,https://t.cfjump.com/90610/o/122586,2024-03-05 00:00:00.000,
122587,2024-03-05 15:13:25.140,2024-03-05 15:13:25.140,88535,https://c.cfjump.com/Avatars/3451187c-97e4-4855-9442-1dcb25c48608.png,Sassy Organics,FREE Eco by Sonya Eyeshadow,Spend AU $50.00 or more on Eco by Sonya range & receive FREE Eco by Sonya Eyeshadow Ruby Palette RRP AU $49.95. Use code RUBY during checkout.,https://t.cfjump.com/90610/o/122587,2024-03-05 00:00:00.000,
122588,2024-03-05 15:14:45.953,2024-03-05 15:14:45.953,88535,https://c.cfjump.com/Avatars/3451187c-97e4-4855-9442-1dcb25c48608.png,Sassy Organics,FREE Qsilica Rose Quartz Roller,Buy Qsilica Pro Collagen One-A-Day Capsules (30 pk) & receive FREE Qsilica Rose Quartz Roller RRP AU $29.95. Use code ROLLER during checkout.,https://t.cfjump.com/90610/o/122588,2024-03-05 00:00:00.000,
122589,2024-03-05 15:15:27.610,2024-03-05 15:15:27.610,88535,https://c.cfjump.com/Avatars/3451187c-97e4-4855-9442-1dcb25c48608.png,Sassy Organics,FREE Zuii Organic Face Tan Water,Spend AU $100.00 on Zuii Organic range & receive FREE Zuii Organic Sunkissed Tan Face Water (150 ml) RRP AU $39.95. Use code TAN WATER during checkout.,https://t.cfjump.com/90610/o/122589,2024-03-05 00:00:00.000,
122590,2024-03-05 15:16:07.360,2024-03-05 15:16:07.360,88535,https://c.cfjump.com/Avatars/3451187c-97e4-4855-9442-1dcb25c48608.png,Sassy Organics,FREE Manuka Biotic Shampoo,Buy two or more full size products from Manuka Biotic & receive FREE Manuka Biotic Shampoo (300 ml) RRP AU $22.95. Use code SHAMPOO during checkout.,https://t.cfjump.com/90610/o/122590,2024-03-05 00:00:00.000,
122591,2024-03-05 15:16:52.580,2024-03-05 15:16:52.580,88535,https://c.cfjump.com/Avatars/3451187c-97e4-4855-9442-1dcb25c48608.png,Sassy Organics,FREE The Jojoba Company Jojoba Oil Mini,Spend AU $50.00 or more on The Jojoba Company range & receive FREE The Jojoba Company Jojoba Oil (15 ml). No code required. Free product will be added during packing.,https://t.cfjump.com/90610/o/122591,2024-03-05 00:00:00.000,
122592,2024-03-05 15:17:38.830,2024-03-05 15:17:38.830,88535,https://c.cfjump.com/Avatars/3451187c-97e4-4855-9442-1dcb25c48608.png,Sassy Organics,FREE Eco Tan Cacao Tanning Mousse,Buy two or more full size products from Eco Tan & receive FREE Eco Tan Cacao Tanning Mousse (125 ml) RRP AU $34.95. Use code MOUSSE during checkout.,https://t.cfjump.com/90610/o/122592,2024-03-05 00:00:00.000,
122593,2024-03-05 15:18:24.283,2024-03-05 15:18:24.283,88535,https://c.cfjump.com/Avatars/3451187c-97e4-4855-9442-1dcb25c48608.png,Sassy Organics,FREE Retreatment Botanics Eye Contour Cream,Buy two or more full size products from Retreatment Botanics & receive FREE Retreatment Botanics Eye Contour Cream (15 ml) RRP AU $75.00. Use code EYE CREAM during checkout.,https://t.cfjump.com/90610/o/122593,2024-03-05 00:00:00.000,
122594,2024-03-05 15:19:14.283,2024-03-05 15:19:14.283,88535,https://c.cfjump.com/Avatars/3451187c-97e4-4855-9442-1dcb25c48608.png,Sassy Organics,FREE Mukti Cleanser Mini,Spend AU $50.00 or more on Mukti range & receive FREE Mukti Hydrating Cleansing Lotion (15 ml) or Mukti Balancing Cleansing Gel (15 ml). No code required. Free product will be added during packing.,https://t.cfjump.com/90610/o/122594,2024-03-05 00:00:00.000,
122595,2024-03-05 15:19:55.220,2024-03-05 15:19:55.220,88535,https://c.cfjump.com/Avatars/3451187c-97e4-4855-9442-1dcb25c48608.png,Sassy Organics,FREE Wotnot Beauty Sponge,Buy any BB Cream from Wotnot & receive FREE Wotnot Eco Beauty Sponge RRP AU $14.95. Use code WOTNOT during checkout.,https://t.cfjump.com/90610/o/122595,2024-03-05 00:00:00.000,
122596,2024-03-05 15:20:23.567,2024-03-05 15:20:23.567,88535,https://c.cfjump.com/Avatars/3451187c-97e4-4855-9442-1dcb25c48608.png,Sassy Organics,FREE Wotnot Tan Application Mitt,Buy gradual tanning lotion or tanning mousse from Wotnot & receive FREE Wotnot Tan Application Mitt RRP AU $9.95. Use code MITT during checkout.,https://t.cfjump.com/90610/o/122596,2024-03-05 00:00:00.000,
122597,2024-03-05 15:21:08.067,2024-03-05 15:21:08.067,88535,https://c.cfjump.com/Avatars/3451187c-97e4-4855-9442-1dcb25c48608.png,Sassy Organics,FREE Absolute Essential Orange Oil,Buy two or more full size products from Absolute Essential & receive FREE Absolute Essential Certified Organic Orange Sweet Essential Oil (10 ml) RRP AU $21.95. Use code ORANGE SWEET during checkout.,https://t.cfjump.com/90610/o/122597,2024-03-05 00:00:00.000,
122598,2024-03-05 15:21:56.707,2024-03-05 15:21:56.707,88535,https://c.cfjump.com/Avatars/3451187c-97e4-4855-9442-1dcb25c48608.png,Sassy Organics,FREE Antipodes Serum,Buy two or more full size products from Antipodes & receive FREE Antipodes Worship Skin Defence Antioxidant Serum (30 ml) RRP AU $54.00. Use code ANTIPODES during checkout.,https://t.cfjump.com/90610/o/122598,2024-03-05 00:00:00.000,
101903,2022-10-05 10:20:26.207,2022-10-05 10:24:58.997,42875,https://c.cfjump.com/Avatars/b67584df-e834-4f5a-99d4-d2212453af99.png,Scoopon,Unmissable escapes and experiences at great prices. ,Unmissable escapes and experiences at great prices. ,https://t.cfjump.com/90610/o/101903,2022-10-05 00:00:00.000,
123900,2024-04-09 11:27:37.163,2024-04-09 11:27:37.163,88703,https://c.cfjump.com/Avatars/79403a17-5a8f-40db-b1ac-e8a6df30f038.png,Shoe Connection,FREE Standard Shipping on all Australian orders over $100,,https://t.cfjump.com/90610/o/123900,2024-04-09 00:00:00.000,
123901,2024-04-09 11:27:47.273,2024-04-09 11:27:47.273,88703,https://c.cfjump.com/Avatars/79403a17-5a8f-40db-b1ac-e8a6df30f038.png,Shoe Connection,Sign Up And Receive 10% OFF Your First Full Priced Purchase,,https://t.cfjump.com/90610/o/123901,2024-04-09 00:00:00.000,
127545,2024-08-05 16:05:28.667,2024-08-05 16:05:28.667,90079,https://c.cfjump.com/Avatars/6f91e6a9-76d0-408b-9bd9-89ba3ed0bc10.png,SILK LAUNDRY,COMPLIMENTARY SHIPPING ON ALL ORDERS OVER 350 AUD,,https://t.cfjump.com/90610/o/127545,2024-08-05 00:00:00.000,
127546,2024-08-05 16:05:54.013,2024-08-05 16:05:54.013,90079,https://c.cfjump.com/Avatars/6f91e6a9-76d0-408b-9bd9-89ba3ed0bc10.png,SILK LAUNDRY,"BUY NOW, PAY LATER. PAYMENT OPTIONS AVAILABLE.",,https://t.cfjump.com/90610/o/127546,2024-08-05 00:00:00.000,
127834,2024-08-13 22:21:25.433,2024-08-13 22:21:25.433,90255,https://c.cfjump.com/Avatars/40f07fd5-5f00-48c3-b184-2a56c9376c7e.png,Skin Control,10% Off Your First Order - Subscribe to our email newsletter and receive 10% off your first order!,,https://t.cfjump.com/90610/o/127834,2024-08-13 00:00:00.000,
83266,2021-07-13 10:39:30.990,2021-07-13 10:39:30.990,74282,https://c.cfjump.com/Avatars/9c6a11be-b2ce-4968-af0e-365c22bff900.png,SmartBuyGlasses SEA,Free Shipping for orders above SGD110,"-Fast Domestic & International Delivery*
-Secure Service with Leading Delivery Companies
-FREE SHIPPING for orders over S$110",https://t.cfjump.com/90610/o/83266,2021-07-13 00:00:00.000,
83267,2021-07-13 10:39:57.117,2021-07-13 10:39:57.117,74282,https://c.cfjump.com/Avatars/9c6a11be-b2ce-4968-af0e-365c22bff900.png,SmartBuyGlasses SEA,100 day return policy,"-Full Refund & Exchanges Within 100 Days
-2 Year Warranty on ALL Sunglasses & Eyeglasses
-2 Year Warranty on ALL Prescription Eyewear
-3 Month Warranty on ALL Contact LensesMore",https://t.cfjump.com/90610/o/83267,2021-07-13 00:00:00.000,
83268,2021-07-13 10:41:00.023,2021-07-13 10:41:00.023,74282,https://c.cfjump.com/Avatars/9c6a11be-b2ce-4968-af0e-365c22bff900.png,SmartBuyGlasses SEA,Free Lenses,"We offer free basic 1.5 index lenses on all prescription eyeglasses. We provide opportunities to upgrade and add features during checkout. We make shopping online for your glasses simple, efficient and safe.",https://t.cfjump.com/90610/o/83268,2021-07-13 00:00:00.000,
83269,2021-07-13 10:41:26.463,2021-07-13 10:41:26.463,74282,https://c.cfjump.com/Avatars/9c6a11be-b2ce-4968-af0e-365c22bff900.png,SmartBuyGlasses SEA,Ray Ban - Certified reseller,,https://t.cfjump.com/90610/o/83269,2021-07-13 00:00:00.000,
83270,2021-07-13 10:41:40.933,2021-07-13 10:41:40.933,74282,https://c.cfjump.com/Avatars/9c6a11be-b2ce-4968-af0e-365c22bff900.png,SmartBuyGlasses SEA,Buy Spectacles and Sunglasses Online,,https://t.cfjump.com/90610/o/83270,2021-07-13 00:00:00.000,
93436,2022-03-02 03:58:40.970,2022-03-02 03:58:40.970,47628,https://c.cfjump.com/Avatars/969fa113-ef24-4750-ab54-75dc1adc3fa9.png,Speedo,10% Off your first order!,Subscribe to email updates to receive 15% off your first order*.,https://t.cfjump.com/90610/o/93436,2022-03-02 00:00:00.000,
147243,2026-03-04 14:40:32.470,2026-03-04 14:40:32.487,47628,https://c.cfjump.com/Avatars/969fa113-ef24-4750-ab54-75dc1adc3fa9.png,Speedo,Speedo x PayPal Frenzy 2026. PayPal Frenzy is Here! Enjoy 30% Off Selected Styles*,,https://t.cfjump.com/90610/o/147243,2026-03-03 00:00:00.000,2026-03-09 23:59:59.000
147244,2026-03-04 14:41:05.860,2026-03-04 14:41:05.860,47628,https://c.cfjump.com/Avatars/969fa113-ef24-4750-ab54-75dc1adc3fa9.png,Speedo,Speedo x PayPal Frenzy 2026. 30% off Selected Styles - These deals won’t last grab your favourites now!,,https://t.cfjump.com/90610/o/147244,2026-03-03 00:00:00.000,2026-03-09 23:59:59.000
140381,2025-07-16 14:13:25.990,2025-07-16 14:29:33.460,92098,https://c.cfjump.com/Avatars/e7d75067-63dc-4fba-b0fd-d2d879ea804d.png,Spicers Retreats,Babymoon Bliss at Spicers Tamarind Retreat,"Subject to availability. Bookable for stays from 1 August 2025. In collaboration with Pure Mama.
The babymoon package includes:

- Two nights of luxury accommodation at Spicers Tamarind Retreat.
- Daily à la carte breakfast and dinner at The Tamarind.
- Pure Mama Belly Spa Kit, featuring the signature Belly Oil, Bump Scrub, and Belly Hydration Masks for radiant, nourished skin.
- Pure Mama Magnesium Body Rub to soothe and relax.
- Complimentary Wi-Fi.

We reserve the right to change or withdraw this promotion at any time.",https://t.cfjump.com/90610/o/140381,2025-08-01 00:00:00.000,
140382,2025-07-16 14:14:00.427,2025-07-16 14:29:30.710,92098,https://c.cfjump.com/Avatars/e7d75067-63dc-4fba-b0fd-d2d879ea804d.png,Spicers Retreats,Babymoon Bliss at Spicers Guesthouse,"Subject to availability. Bookable for stays from 1 August 2025. In collaboration with Pure Mama.
The babymoon package includes:

- Two nights of luxury accommodation at Spicers Guesthouse Hunter Valley.
- Daily à la carte breakfast and dinner at éRemo.
- Pure Mama Belly Spa Kit, featuring the signature Belly Oil, Bump Scrub, and Belly Hydration Masks for radiant, nourished skin.
- Pure Mama Magnesium Body Rub to soothe and relax.
- Complimentary Wi-Fi.

We reserve the right to change or withdraw this promotion at any time.",https://t.cfjump.com/90610/o/140382,2025-08-01 00:00:00.000,
140384,2025-07-16 14:16:45.943,2025-07-16 14:29:38.743,92098,https://c.cfjump.com/Avatars/e7d75067-63dc-4fba-b0fd-d2d879ea804d.png,Spicers Retreats,Stay 2 nights & save up to 20% - Spicers Potts Point,"This offer is subject to availability and is exclusively for direct bookings. It cannot be combined with other promotions. Certain room types may be excluded, and specific dates during the sale period may not be available. This offer is not valid for group bookings and applies to new reservations only. We reserve the right to change or withdraw this promotion at any time.",https://t.cfjump.com/90610/o/140384,2025-07-16 00:00:00.000,
140385,2025-07-16 14:18:24.413,2025-07-16 14:29:45.680,92098,https://c.cfjump.com/Avatars/e7d75067-63dc-4fba-b0fd-d2d879ea804d.png,Spicers Retreats,Up to 25% off Early bird - Spicers Sangoma Retreat,"*Terms and conditions: Full prepayment is required at the time of booking. Early bird bookings are non-refundable and non-amendable. This offer is subject to availability and is exclusively for direct bookings. It cannot be combined with other promotions. Certain room types may be excluded, and specific dates during the sale period may not be available. This offer is not valid for group bookings and applies to new reservations only. We reserve the right to change or withdraw this promotion at any time.",https://t.cfjump.com/90610/o/140385,2025-07-16 00:00:00.000,
140386,2025-07-16 14:20:38.177,2025-07-16 14:29:27.790,92098,https://c.cfjump.com/Avatars/e7d75067-63dc-4fba-b0fd-d2d879ea804d.png,Spicers Retreats,All-Inclusive Getaway ,"All-inclusive getaways at Spicers Retreats (Spicers Peak Lodge & Spicers Sangoma Retreat). Subject to availability.

Your all-inclusive stay may include:
• Breakfast, lunch and dinner prepared by chef-hatted teams.
• A daily selection of wines, craft beers and non-alcoholic refreshments.
• Suites with fireplaces, stone baths and natural textures.
• Daily servicing and guest care.
• In-room refreshments restocked each day.
• Access to pools, saunas, walking trails and spa rituals.

We reserve the right to change or withdraw this promotion at any time.",https://t.cfjump.com/90610/o/140386,2025-07-16 00:00:00.000,
140389,2025-07-16 14:26:15.113,2025-12-15 16:52:58.993,92098,https://c.cfjump.com/Avatars/e7d75067-63dc-4fba-b0fd-d2d879ea804d.png,Spicers Retreats,Up to 15% off Early bird - Spicers Peak Lodge,"*Full prepayment is required at the time of booking. Early bird bookings are non-refundable and non-amendable. This offer is subject to availability and is exclusively for direct bookings. It cannot be combined with other promotions. Certain room types may be excluded, and specific dates during the sale period may not be available. This offer is not valid for group bookings and applies to new reservations only. We reserve the right to change or withdraw this promotion at any time.",https://t.cfjump.com/90610/o/140389,2025-07-16 00:00:00.000,
140391,2025-07-16 14:27:18.943,2025-07-16 14:29:36.290,92098,https://c.cfjump.com/Avatars/e7d75067-63dc-4fba-b0fd-d2d879ea804d.png,Spicers Retreats,"Dinner, Bed & Breakfast - Spicers Hidden Vale","Package includes:
- Luxury accommodation.
- Daily à la carte breakfast.
- 3-course a la carte dinner at Homage Restaurant.
- Complimentary WiFi.
- Complimentary ‘Market Garden Tour‘ experience.

This offer is subject to availability and is exclusively for direct bookings. It cannot be combined with other promotions. Certain room types may be excluded, and specific dates during the sale period may not be available. This offer is not valid for group bookings and applies to new reservations only. We reserve the right to change or withdraw this promotion at any time.",https://t.cfjump.com/90610/o/140391,2025-07-16 00:00:00.000,
145594,2025-12-15 16:54:25.757,2025-12-15 16:54:25.757,92098,https://c.cfjump.com/Avatars/e7d75067-63dc-4fba-b0fd-d2d879ea804d.png,Spicers Retreats,Up to 15% off Early bird - Spicers Hidden Vale,"*Full prepayment is required at the time of booking. Early bird bookings are non-refundable and non-amendable. This offer is subject to availability and is exclusively for direct bookings. It cannot be combined with other promotions. Certain room types may be excluded, and specific dates during the sale period may not be available. This offer is not valid for group bookings and applies to new reservations only. We reserve the right to change or withdraw this promotion at any time.",https://t.cfjump.com/90610/o/145594,2025-12-15 00:00:00.000,
145595,2025-12-15 16:55:15.993,2025-12-15 16:55:33.647,92098,https://c.cfjump.com/Avatars/e7d75067-63dc-4fba-b0fd-d2d879ea804d.png,Spicers Retreats,Up to 15% off Early bird - Spicers Potts Point,"*Full prepayment is required at the time of booking. Early bird bookings are non-refundable and non-amendable. This offer is subject to availability and is exclusively for direct bookings. It cannot be combined with other promotions. Certain room types may be excluded, and specific dates during the sale period may not be available. This offer is not valid for group bookings and applies to new reservations only. We reserve the right to change or withdraw this promotion at any time.",https://t.cfjump.com/90610/o/145595,2025-12-15 00:00:00.000,
145597,2025-12-15 16:57:11.993,2025-12-15 16:57:28.680,92098,https://c.cfjump.com/Avatars/e7d75067-63dc-4fba-b0fd-d2d879ea804d.png,Spicers Retreats,Up to 15% off Early bird - Spicers Tamarind Retreat,"*Full prepayment is required at the time of booking. Early bird bookings are non-refundable and non-amendable. This offer is subject to availability and is exclusively for direct bookings. It cannot be combined with other promotions. Certain room types may be excluded, and specific dates during the sale period may not be available. This offer is not valid for group bookings and applies to new reservations only. We reserve the right to change or withdraw this promotion at any time.",https://t.cfjump.com/90610/o/145597,2025-12-15 00:00:00.000,
146771,2026-02-12 19:22:59.197,2026-02-12 19:23:32.620,92098,https://c.cfjump.com/Avatars/e7d75067-63dc-4fba-b0fd-d2d879ea804d.png,Spicers Retreats,Up to 15% off Early bird - Spicers Balfour Brisbane,"*Full prepayment is required at the time of booking. Early bird bookings are non-refundable and non-amendable. This offer is subject to availability and is exclusively for direct bookings. It cannot be combined with other promotions. Certain room types may be excluded, and specific dates during the sale period may not be available. This offer is not valid for group bookings and applies to new reservations only. We reserve the right to change or withdraw this promotion at any time.",https://t.cfjump.com/90610/o/146771,2026-02-16 00:00:00.000,
146772,2026-02-12 19:26:36.340,2026-02-12 19:32:46.573,92098,https://c.cfjump.com/Avatars/e7d75067-63dc-4fba-b0fd-d2d879ea804d.png,Spicers Retreats,Autumn Extras - Shop Now and Get extra deals!,"For every new web direct booking (for stays 1 Mar – 31 May) the guest will receive:
Early check in, or late check out
Local seasonal amenity
10% off Food and Beverage",https://t.cfjump.com/90610/o/146772,2026-03-01 00:00:00.000,2026-04-30 23:59:59.000
127388,2024-07-30 18:02:49.280,2024-07-30 18:02:49.280,90036,https://c.cfjump.com/Avatars/4b18bd93-f41f-45c5-b205-56897eec30a7.png,Stylevana,FREE Shipping on NZ$69+,,https://t.cfjump.com/90610/o/127388,2024-07-30 00:00:00.000,
127389,2024-07-30 18:04:09.517,2024-07-30 18:04:09.517,90036,https://c.cfjump.com/Avatars/4b18bd93-f41f-45c5-b205-56897eec30a7.png,Stylevana,Welcome to Stylevana | Join as an Insider to enjoy top Asian beauty! Get your 10% coupon.,,https://t.cfjump.com/90610/o/127389,2024-07-30 00:00:00.000,
127390,2024-07-30 18:05:10.860,2024-07-30 18:05:10.860,90036,https://c.cfjump.com/Avatars/4b18bd93-f41f-45c5-b205-56897eec30a7.png,Stylevana,Welcome to Stylevana | Subscribe to STYLEVANA's Newsletter to win cash vouchers! 10 lucky winners will receive NZ$70 Cash Vouchers.,,https://t.cfjump.com/90610/o/127390,2024-07-30 00:00:00.000,
127468,2024-08-01 13:13:00.083,2024-08-01 13:13:00.083,90036,https://c.cfjump.com/Avatars/4b18bd93-f41f-45c5-b205-56897eec30a7.png,Stylevana,BOGO Offer,*May not be used with other onsite offers,https://t.cfjump.com/90610/o/127468,2024-08-01 00:00:00.000,
133955,2025-01-07 13:05:41.817,2025-01-07 13:05:41.817,90036,https://c.cfjump.com/Avatars/4b18bd93-f41f-45c5-b205-56897eec30a7.png,Stylevana,Deal Zone - Shop under NZ$12.99,,https://t.cfjump.com/90610/o/133955,2025-01-07 00:00:00.000,
133956,2025-01-07 13:08:23.583,2025-01-07 13:08:23.583,90036,https://c.cfjump.com/Avatars/4b18bd93-f41f-45c5-b205-56897eec30a7.png,Stylevana,Up to 66% OFF - Clearance on K-Beauty,,https://t.cfjump.com/90610/o/133956,2025-01-07 00:00:00.000,
140241,2025-07-10 18:39:56.967,2025-07-10 18:39:56.967,90036,https://c.cfjump.com/Avatars/4b18bd93-f41f-45c5-b205-56897eec30a7.png,Stylevana,Student Program - 20% off sitewide,Get your 20% off student discount by clicking 'Student Discount' section at the footer!,https://t.cfjump.com/90610/o/140241,2025-07-10 00:00:00.000,
141392,2025-08-18 10:12:38.433,2025-08-18 10:18:17.450,92447,https://c.cfjump.com/Avatars/ad6d9479-6d59-4af9-8f24-d88d5e8abc11.png,Summi Summi,Free standard shipping on all Australian orders over $150,,https://t.cfjump.com/90610/o/141392,2025-08-18 00:00:00.000,
141393,2025-08-18 10:12:55.980,2025-08-18 10:17:57.467,92447,https://c.cfjump.com/Avatars/ad6d9479-6d59-4af9-8f24-d88d5e8abc11.png,Summi Summi,International shipping available – we ship worldwide!,,https://t.cfjump.com/90610/o/141393,2025-08-18 00:00:00.000,
141394,2025-08-18 10:13:10.997,2025-08-18 10:17:44.763,92447,https://c.cfjump.com/Avatars/ad6d9479-6d59-4af9-8f24-d88d5e8abc11.png,Summi Summi,Easy 14-day returns for change of mind or sizing issues,,https://t.cfjump.com/90610/o/141394,2025-08-18 00:00:00.000,
141396,2025-08-18 10:18:37.560,2025-08-18 10:18:37.560,92447,https://c.cfjump.com/Avatars/ad6d9479-6d59-4af9-8f24-d88d5e8abc11.png,Summi Summi,Gift-ready packaging – because unwrapping should be part of the fun,,https://t.cfjump.com/90610/o/141396,2025-08-18 00:00:00.000,
141397,2025-08-18 10:19:15.027,2025-08-18 10:19:15.027,92447,https://c.cfjump.com/Avatars/ad6d9479-6d59-4af9-8f24-d88d5e8abc11.png,Summi Summi,Sign up to our newsletter for 10% off your first order,,https://t.cfjump.com/90610/o/141397,2025-08-18 00:00:00.000,
141398,2025-08-18 10:19:20.357,2025-08-18 10:19:20.357,92447,https://c.cfjump.com/Avatars/ad6d9479-6d59-4af9-8f24-d88d5e8abc11.png,Summi Summi,Ethically made using sustainable fabrics,,https://t.cfjump.com/90610/o/141398,2025-08-18 00:00:00.000,
141399,2025-08-18 10:19:39.793,2025-08-18 10:19:39.793,92447,https://c.cfjump.com/Avatars/ad6d9479-6d59-4af9-8f24-d88d5e8abc11.png,Summi Summi,Shop Latest Collection,,https://t.cfjump.com/90610/o/141399,2025-08-18 00:00:00.000,
138230,2025-04-30 13:09:30.900,2025-04-30 13:09:30.900,88747,https://c.cfjump.com/Avatars/7bfb1e40-2fcc-496b-b649-2b964b7797ee.png,Superloop,Family Plan  100/20Mbps for just $75/mth for 6 months then $95 ongoing PLUS get a FREE modem when you stay connected for 24 months,See website for T&C’s.,https://t.cfjump.com/90610/o/138230,2025-05-02 00:00:00.000,
146692,2026-02-10 10:15:33.583,2026-03-05 13:49:34.650,88747,https://c.cfjump.com/Avatars/7bfb1e40-2fcc-496b-b649-2b964b7797ee.png,Superloop,Super Speed Sale: Save $180 over 6 Months! ,See website for T&Cs,https://t.cfjump.com/90610/o/146692,2026-02-11 00:00:00.000,2026-03-31 23:59:59.000
80640,2021-04-30 11:55:26.870,2021-04-30 11:55:26.870,73384,https://c.cfjump.com/Avatars/45ab0541-cf04-4769-bbc6-c5b558119650.png,Supplement Mart,Buy Now Pay Later - Afterpay Available	,,https://t.cfjump.com/90610/o/80640,2021-04-30 00:00:00.000,
80641,2021-04-30 11:55:35.887,2026-03-04 14:26:37.643,73384,https://c.cfjump.com/Avatars/45ab0541-cf04-4769-bbc6-c5b558119650.png,Supplement Mart,Free Shipping + Free Gift Orders Over $200,,https://t.cfjump.com/90610/o/80641,2021-04-30 00:00:00.000,
80642,2021-04-30 11:55:47.653,2021-04-30 11:55:47.653,73384,https://c.cfjump.com/Avatars/45ab0541-cf04-4769-bbc6-c5b558119650.png,Supplement Mart,Widest Range of Supplements | Vitamins | Sports Nutrition | Health Foods	,,https://t.cfjump.com/90610/o/80642,2021-04-30 00:00:00.000,
147188,2026-03-03 12:06:32.743,2026-03-03 12:06:32.743,65605,https://c.cfjump.com/Avatars/96d56657-783a-4772-97db-073f68bd8c54.png,Surf Dive 'n Ski,Pay Pal Frenzy Up to 50% Off," Up to 50% off sale valid online only until 11:59pm AEST 10.03.2026. Prices as marked on sale items only, excludes full price products. Excludes gift cards. Not valid for use in conjunction with any other discount, offer or promotion. We reserve the right to exclude any other product and/or remove all promotions at any given time. Information and prices subject to change. Other exclusions may apply.

",https://t.cfjump.com/90610/o/147188,2026-03-04 00:00:00.000,2026-03-10 23:59:59.000
33203,2017-11-02 11:54:16.753,2017-11-02 11:54:16.753,47770,https://c.cfjump.com/Avatars/1ba3c2d2-6b6a-47c3-a3e4-0c5f8005f01e.png,T2 Tea,Afterpay Available!,- See website for full T&C's,https://t.cfjump.com/90610/o/33203,2017-11-02 00:00:00.000,
42146,2018-05-30 09:09:21.213,2018-05-30 09:09:21.213,47770,https://c.cfjump.com/Avatars/1ba3c2d2-6b6a-47c3-a3e4-0c5f8005f01e.png,T2 Tea,Wellness Wonders - Shop Today!,- See website for full T&C's,https://t.cfjump.com/90610/o/42146,2018-05-30 00:00:00.000,
65555,2020-04-20 10:56:40.077,2020-07-23 13:05:33.363,47770,https://c.cfjump.com/Avatars/1ba3c2d2-6b6a-47c3-a3e4-0c5f8005f01e.png,T2 Tea,Free shipping on orders +$50 + Free express shipping on orders +$120,See website for full T&C's,https://t.cfjump.com/90610/o/65555,2020-04-20 00:00:00.000,
85333,2021-09-14 10:48:32.307,2021-09-14 10:50:18.000,47770,https://c.cfjump.com/Avatars/1ba3c2d2-6b6a-47c3-a3e4-0c5f8005f01e.png,T2 Tea,Meet the Cold brew collection AU l Shop Now ,-See the website for full T&C,https://t.cfjump.com/90610/o/85333,2021-09-08 00:00:00.000,
147197,2026-03-03 15:48:06.637,2026-03-03 15:48:06.637,47770,https://c.cfjump.com/Avatars/1ba3c2d2-6b6a-47c3-a3e4-0c5f8005f01e.png,T2 Tea,Quality Credentials,see website for T&C's ,https://t.cfjump.com/90610/o/147197,2026-03-11 00:00:00.000,2026-03-25 23:59:59.000
126799,2024-07-09 15:56:31.983,2024-07-09 15:56:31.983,90019,https://c.cfjump.com/Avatars/9fc06539-e590-4837-9fed-605fa10207f0.png,Tech Sales Online,GET EXCLUSIVE OFFERS AND SAVE NOW - Sign up for exclusive deals and member benefits.,,https://t.cfjump.com/90610/o/126799,2024-07-09 00:00:00.000,
126801,2024-07-09 15:58:47.767,2024-07-09 15:58:47.767,90019,https://c.cfjump.com/Avatars/9fc06539-e590-4837-9fed-605fa10207f0.png,Tech Sales Online,Afterpay Available,,https://t.cfjump.com/90610/o/126801,2024-07-09 00:00:00.000,
126802,2024-07-09 15:59:10.220,2024-07-09 15:59:10.220,90019,https://c.cfjump.com/Avatars/9fc06539-e590-4837-9fed-605fa10207f0.png,Tech Sales Online,Free Shipping on all Robot Vacuums,,https://t.cfjump.com/90610/o/126802,2024-07-09 00:00:00.000,
126803,2024-07-09 15:59:29.343,2024-07-09 15:59:29.343,90019,https://c.cfjump.com/Avatars/9fc06539-e590-4837-9fed-605fa10207f0.png,Tech Sales Online,Manufacturers Warranty,,https://t.cfjump.com/90610/o/126803,2024-07-09 00:00:00.000,
125080,2024-05-08 11:28:58.947,2024-05-08 11:28:58.947,89154,https://c.cfjump.com/Avatars/dafb655f-d9f8-41b5-bdb8-9ea747dc7bb3.png,Technogym Australia,Design your own gym,,https://t.cfjump.com/90610/o/125080,2024-05-08 00:00:00.000,
125081,2024-05-08 11:29:35.820,2024-05-08 11:29:35.820,89154,https://c.cfjump.com/Avatars/dafb655f-d9f8-41b5-bdb8-9ea747dc7bb3.png,Technogym Australia,Discover your motivations,,https://t.cfjump.com/90610/o/125081,2024-05-08 00:00:00.000,
132910,2024-12-11 13:04:13.190,2024-12-11 13:04:13.190,90723,https://c.cfjump.com/Avatars/d9dc8385-792b-4b72-8d1b-a0c10235d84a.png,The Ayurveda Experience,Get A FREE 15-MINUTE  PERSONALIZED AYURVEDIC SKINCARE PRODUCT RECOMMENDATION THROUGH VIDEO,,https://t.cfjump.com/90610/o/132910,2024-12-11 00:00:00.000,
132911,2024-12-11 13:04:51.063,2024-12-11 13:04:51.063,90723,https://c.cfjump.com/Avatars/d9dc8385-792b-4b72-8d1b-a0c10235d84a.png,The Ayurveda Experience,Re-Introducing: Your Favorite Eye Contour Cream — REVAMPED!,,https://t.cfjump.com/90610/o/132911,2024-12-11 00:00:00.000,
41821,2018-05-22 11:31:22.403,2023-03-23 06:54:44.140,57499,https://c.cfjump.com/Avatars/9c603a03-7922-467d-9ede-6ae5b7b0c2fe.png,The Beauty Chef,Get free shipping on orders over $50,See website for full T&C's,https://t.cfjump.com/90610/o/41821,2018-05-22 00:00:00.000,
65600,2020-04-22 10:11:25.283,2024-01-18 10:55:23.473,57499,https://c.cfjump.com/Avatars/9c603a03-7922-467d-9ede-6ae5b7b0c2fe.png,The Beauty Chef,Refer a friend and save $20*,Full terms and conditions available on The Beauty Chef website.,https://t.cfjump.com/90610/o/65600,2020-04-22 00:00:00.000,
116579,2023-10-28 08:15:22.080,2023-10-28 08:15:22.080,57499,https://c.cfjump.com/Avatars/9c603a03-7922-467d-9ede-6ae5b7b0c2fe.png,The Beauty Chef,Shop the Beauty Chef Best Sellers,,https://t.cfjump.com/90610/o/116579,2023-10-28 00:00:00.000,
116580,2023-10-28 08:46:06.040,2023-10-28 08:46:06.040,57499,https://c.cfjump.com/Avatars/9c603a03-7922-467d-9ede-6ae5b7b0c2fe.png,The Beauty Chef,Shop the Beauty Chef's Popular Glow Inner Beauty Essential,,https://t.cfjump.com/90610/o/116580,2023-10-28 00:00:00.000,
121028,2024-01-18 10:46:05.003,2024-10-10 08:09:10.633,57499,https://c.cfjump.com/Avatars/9c603a03-7922-467d-9ede-6ae5b7b0c2fe.png,The Beauty Chef,FREE SHIPPING ON ALL ORDERS OVER $50*,FREE SHIPPING ON ALL ORDERS OVER $50*,https://t.cfjump.com/90610/o/121028,2024-01-18 00:00:00.000,
122994,2024-03-14 05:07:48.363,2024-03-14 05:07:48.363,57499,https://c.cfjump.com/Avatars/9c603a03-7922-467d-9ede-6ae5b7b0c2fe.png,The Beauty Chef,Your inner beauty journey starts here. Sign-up to receive 20% off your first order. Glowing skin awaits...,Your inner beauty journey starts here. Sign-up to receive 20% off your first order. Glowing skin awaits...,https://t.cfjump.com/90610/o/122994,2024-03-14 00:00:00.000,
128031,2024-08-21 03:09:59.927,2024-08-21 03:09:59.927,57499,https://c.cfjump.com/Avatars/9c603a03-7922-467d-9ede-6ae5b7b0c2fe.png,The Beauty Chef,Shop Our NEW Body Protein+,,https://t.cfjump.com/90610/o/128031,2024-08-27 00:00:00.000,
131221,2024-11-12 04:53:39.223,2024-11-12 04:53:39.223,57499,https://c.cfjump.com/Avatars/9c603a03-7922-467d-9ede-6ae5b7b0c2fe.png,The Beauty Chef,Shop Our Bundles and Save!,,https://t.cfjump.com/90610/o/131221,2024-11-12 00:00:00.000,
134970,2025-02-12 08:24:03.330,2025-02-12 08:24:03.330,57499,https://c.cfjump.com/Avatars/9c603a03-7922-467d-9ede-6ae5b7b0c2fe.png,The Beauty Chef,Shop the NEW GLOW Formula,,https://t.cfjump.com/90610/o/134970,2025-02-11 00:00:00.000,
134971,2025-02-12 08:24:27.890,2025-02-12 08:24:27.890,57499,https://c.cfjump.com/Avatars/9c603a03-7922-467d-9ede-6ae5b7b0c2fe.png,The Beauty Chef,Shop the NEW Glow Ageless Formula,,https://t.cfjump.com/90610/o/134971,2025-02-11 00:00:00.000,
134972,2025-02-12 08:25:33.813,2025-02-12 08:25:33.813,57499,https://c.cfjump.com/Avatars/9c603a03-7922-467d-9ede-6ae5b7b0c2fe.png,The Beauty Chef,Unlock 20% Off Your First Order!,,https://t.cfjump.com/90610/o/134972,2025-02-11 00:00:00.000,
134973,2025-02-12 08:26:25.860,2025-02-12 08:26:25.860,57499,https://c.cfjump.com/Avatars/9c603a03-7922-467d-9ede-6ae5b7b0c2fe.png,The Beauty Chef,Shop Our NEW Energy Boost!,,https://t.cfjump.com/90610/o/134973,2025-03-04 00:00:00.000,
115737,2023-10-10 17:12:56.117,2023-10-10 17:12:56.117,87685,https://c.cfjump.com/Avatars/36905d4e-1f47-408d-890c-a0a30da8df37.png,The Fable,New Customer Discount - 15% off store wide,"Offering new customers 15% off their entire order.
Enter code NEWCUSTOMER15%",https://t.cfjump.com/90610/o/115737,2023-10-10 00:00:00.000,
40534,2018-04-23 10:29:59.027,2019-12-20 12:16:27.100,45613,https://c.cfjump.com/Avatars/48c38bd2-aaa1-4a33-a30f-4e873d144fc6.png,The Healthy Mummy,Ready to change your life in 28 days? Join the Healthy Mummy challenge today,,https://t.cfjump.com/90610/o/40534,2018-04-23 00:00:00.000,
40567,2018-04-23 11:36:09.887,2019-12-20 12:21:19.987,45613,https://c.cfjump.com/Avatars/48c38bd2-aaa1-4a33-a30f-4e873d144fc6.png,The Healthy Mummy,"Discover our all-natural supplements which help with energy, metabolism and immunity",,https://t.cfjump.com/90610/o/40567,2018-04-23 00:00:00.000,
40570,2018-04-23 12:22:26.033,2025-11-10 16:45:18.053,45613,https://c.cfjump.com/Avatars/48c38bd2-aaa1-4a33-a30f-4e873d144fc6.png,The Healthy Mummy,Get ready to start your weightloss journey with The Healthy Mummy's weight loss smoothies ,,https://t.cfjump.com/90610/o/40570,2018-04-23 00:00:00.000,
40571,2018-04-23 12:25:18.063,2018-04-23 12:25:18.063,45613,https://c.cfjump.com/Avatars/48c38bd2-aaa1-4a33-a30f-4e873d144fc6.png,The Healthy Mummy,Find the right meal replacement for you available from The Healthy Mummy,,https://t.cfjump.com/90610/o/40571,2018-04-23 00:00:00.000,
147021,2026-02-25 11:44:49.353,2026-02-25 11:44:49.353,45613,https://c.cfjump.com/Avatars/48c38bd2-aaa1-4a33-a30f-4e873d144fc6.png,The Healthy Mummy,$1 for 30 Days TRIAL RATE!,See website,https://t.cfjump.com/90610/o/147021,2026-02-24 00:00:00.000,2026-03-31 23:59:59.000
147022,2026-02-25 11:47:10.337,2026-02-25 11:47:10.337,45613,https://c.cfjump.com/Avatars/48c38bd2-aaa1-4a33-a30f-4e873d144fc6.png,The Healthy Mummy,Body Balance Bundle - RRP $312+ | Now Only $144 | Save $168,See website ,https://t.cfjump.com/90610/o/147022,2026-02-25 00:00:00.000,2026-03-31 23:59:59.000
15169,2016-11-03 11:55:29.067,2016-11-03 11:55:29.067,37455,https://c.cfjump.com/Avatars/975270d0-9fd3-4b25-8094-1667a18a2098.png,The North Face Australia,Register with The North Face and receive 10% off your next purchase,Register with The North Face and receive 10% off your next purchase,https://t.cfjump.com/90610/o/15169,2016-11-03 00:00:00.000,
85900,2021-09-28 00:09:47.067,2021-09-28 00:09:47.067,37455,https://c.cfjump.com/Avatars/975270d0-9fd3-4b25-8094-1667a18a2098.png,The North Face Australia,TNF -  Sustainably Conscious packs,,https://t.cfjump.com/90610/o/85900,2021-09-28 00:00:00.000,
130696,2024-10-29 15:35:07.017,2024-10-29 15:35:07.017,37455,https://c.cfjump.com/Avatars/975270d0-9fd3-4b25-8094-1667a18a2098.png,The North Face Australia,Free Standard Shipping on all orders,,https://t.cfjump.com/90610/o/130696,2024-10-29 00:00:00.000,
133968,2025-01-08 11:42:20.310,2025-01-08 11:42:20.310,37455,https://c.cfjump.com/Avatars/975270d0-9fd3-4b25-8094-1667a18a2098.png,The North Face Australia,Rainwear.	Go further in gear designed to weather the storm with you.,,https://t.cfjump.com/90610/o/133968,2025-01-21 00:00:00.000,
142030,2025-09-04 08:48:08.853,2025-09-04 08:48:08.853,92551,https://c.cfjump.com/Avatars/9c6976f3-34d8-4fd8-b08b-6cd2e2c22cc7.png,The Outlet,Free Small Delivery on Orders Over $75,,https://t.cfjump.com/90610/o/142030,2025-09-04 00:00:00.000,
142031,2025-09-04 08:49:34.790,2025-09-04 08:49:34.790,92551,https://c.cfjump.com/Avatars/9c6976f3-34d8-4fd8-b08b-6cd2e2c22cc7.png,The Outlet,"Members Save. Sign up for first dibs, early access and exclusive offers.","Be the first to know & enjoy exclusive access to offers from The Outlet.

T&Cs Apply.",https://t.cfjump.com/90610/o/142031,2025-09-04 00:00:00.000,
142032,2025-09-04 08:54:14.777,2025-09-04 08:54:14.777,92551,https://c.cfjump.com/Avatars/9c6976f3-34d8-4fd8-b08b-6cd2e2c22cc7.png,The Outlet,Game Fits for the whole Family! At least 30% off All Blacks Gear,,https://t.cfjump.com/90610/o/142032,2025-09-04 00:00:00.000,
102166,2022-10-11 17:42:49.760,2022-10-11 17:42:49.760,79760,https://c.cfjump.com/Avatars/349b0943-c2c7-4029-9311-dea47987f3cb.png,The UGG Shop,Free shipping Australia wide for orders over $100,T&Cs Apply,https://t.cfjump.com/90610/o/102166,2022-10-11 00:00:00.000,
97063,2022-05-26 19:53:29.760,2024-04-30 20:54:26.157,75983,https://c.cfjump.com/Avatars/c0f867a2-b4e3-4925-b8b6-2637bba7d49e.png,The Whisky Club,Join The Whisky Club for free,"This month join the Club for free. Nothing to pay. $0.

The Whisky Club is a Whisky Subscription service which sends you full bottle of unbelievably good whisky every month, as well as all the whisky knowledge to boot. Our 'Whisky of the Month' range from $120-$150 per bottle, or as little as $5 per day.

Once a Member, you can skip or opt-out as many times as you like whilst still retaining your Club benefits, such as 20% off Drams at our nationwide Clubhouses & access to Member Only whisky events.",https://t.cfjump.com/90610/o/97063,2022-05-26 00:00:00.000,
123875,2024-04-08 17:04:13.890,2024-04-30 20:46:40.480,75983,https://c.cfjump.com/Avatars/c0f867a2-b4e3-4925-b8b6-2637bba7d49e.png,The Whisky Club,Whisky Club Members Discounts,"Become a Club Member to get 20% off whiskies at our Nationwide Clubhouse Network every time you visit by showing your membership card

AND

SAVE 10% ON BOTTLE PURCHASES
10% off bottle purchases when you visit our Distillery Clubhouse Cellar Doors with your membership card.

Check https://thewhiskyclub.com.au/whisky-clubhouses for locations and details.",https://t.cfjump.com/90610/o/123875,2024-04-08 00:00:00.000,
109085,2023-04-17 13:22:30.443,2023-04-17 13:37:05.780,84747,https://c.cfjump.com/Avatars/a5803daa-c783-4554-804c-d7f739088fee.png,Thrill Experiences,Free Gift Pack,,https://t.cfjump.com/90610/o/109085,2023-04-17 00:00:00.000,
109086,2023-04-17 13:23:11.833,2023-04-17 13:23:11.833,84747,https://c.cfjump.com/Avatars/a5803daa-c783-4554-804c-d7f739088fee.png,Thrill Experiences,Free Exchanges,,https://t.cfjump.com/90610/o/109086,2023-04-17 00:00:00.000,
109087,2023-04-17 13:23:44.503,2023-04-17 13:23:44.503,84747,https://c.cfjump.com/Avatars/a5803daa-c783-4554-804c-d7f739088fee.png,Thrill Experiences,Extended 28 Day Refunds,,https://t.cfjump.com/90610/o/109087,2023-04-17 00:00:00.000,
140237,2025-07-10 16:59:52.057,2025-07-10 16:59:52.057,92239,https://c.cfjump.com/Avatars/103f4f4e-5a57-4a0c-b2f2-046822e186d1.png,TOMS Australia,Explore New Arrivals,,https://t.cfjump.com/90610/o/140237,2025-07-10 00:00:00.000,
140238,2025-07-10 17:00:43.103,2025-07-24 07:45:21.093,92239,https://c.cfjump.com/Avatars/103f4f4e-5a57-4a0c-b2f2-046822e186d1.png,TOMS Australia,Free Aus Wide Shipping On Orders $90+,,https://t.cfjump.com/90610/o/140238,2025-07-10 00:00:00.000,
140239,2025-07-10 17:00:50.290,2025-07-10 17:00:50.290,92239,https://c.cfjump.com/Avatars/103f4f4e-5a57-4a0c-b2f2-046822e186d1.png,TOMS Australia,Afterpay Available,,https://t.cfjump.com/90610/o/140239,2025-07-10 00:00:00.000,
140240,2025-07-10 17:01:22.070,2025-07-10 17:01:22.070,92239,https://c.cfjump.com/Avatars/103f4f4e-5a57-4a0c-b2f2-046822e186d1.png,TOMS Australia,Sign up to our Newseletter for 15% OFF!,"*Plus FREE shipping on all orders $90+
*Valid on full price items only",https://t.cfjump.com/90610/o/140240,2025-07-10 00:00:00.000,
142104,2025-09-08 10:23:24.950,2025-09-08 10:23:24.950,92239,https://c.cfjump.com/Avatars/103f4f4e-5a57-4a0c-b2f2-046822e186d1.png,TOMS Australia,Up to 50% off Sale,Applies to selected items on the Sale page only. Discounts of up to 50% off are already applied — no code required. Available while stocks last.,https://t.cfjump.com/90610/o/142104,2025-09-08 00:00:00.000,
48575,2018-11-02 11:29:45.817,2018-11-02 11:29:45.817,60474,https://c.cfjump.com/Avatars/850b33ac-9656-412e-954a-8f4d868fe283.png,True Protein,Free Delivery for Orders over $99,,https://t.cfjump.com/90610/o/48575,2018-11-02 00:00:00.000,
48576,2018-11-02 11:30:52.200,2018-11-02 11:30:52.200,60474,https://c.cfjump.com/Avatars/850b33ac-9656-412e-954a-8f4d868fe283.png,True Protein,Shop Protein Powders at True Protein,,https://t.cfjump.com/90610/o/48576,2018-11-02 00:00:00.000,
68959,2020-07-27 13:50:08.350,2020-07-27 13:50:08.350,69632,https://c.cfjump.com/Avatars/957b2c8c-c526-4c7f-88a0-36f52709ae4e.png,UGG Express,No Risk 30 Day Returns,,https://t.cfjump.com/90610/o/68959,2020-07-27 00:00:00.000,
68960,2020-07-27 13:50:15.633,2020-07-27 13:50:15.633,69632,https://c.cfjump.com/Avatars/957b2c8c-c526-4c7f-88a0-36f52709ae4e.png,UGG Express,Satisfaction Guaranteed,,https://t.cfjump.com/90610/o/68960,2020-07-27 00:00:00.000,
69494,2020-08-11 14:59:14.743,2020-08-11 14:59:14.743,69632,https://c.cfjump.com/Avatars/957b2c8c-c526-4c7f-88a0-36f52709ae4e.png,UGG Express,PREMIUM LUXE RUGS MADE FROM A-GRADE AUSTRALIAN SHEEPSKIN,,https://t.cfjump.com/90610/o/69494,2020-08-11 00:00:00.000,
101741,2022-09-29 11:52:41.817,2022-09-29 11:52:41.817,69632,https://c.cfjump.com/Avatars/957b2c8c-c526-4c7f-88a0-36f52709ae4e.png,UGG Express,Free Shipping on $60+ orders Australia Wide ,"Free Shipping on $60+ orders Australia Wide 
T&Cs Apply",https://t.cfjump.com/90610/o/101741,2022-09-29 00:00:00.000,
107313,2023-02-27 12:09:55.197,2023-02-27 12:11:06.243,69632,https://c.cfjump.com/Avatars/957b2c8c-c526-4c7f-88a0-36f52709ae4e.png,UGG Express,2023 Trans-season Sale,Up to 80% off,https://t.cfjump.com/90610/o/107313,2023-02-27 00:00:00.000,
112766,2023-08-14 15:17:17.233,2023-08-14 15:17:17.233,69632,https://c.cfjump.com/Avatars/957b2c8c-c526-4c7f-88a0-36f52709ae4e.png,UGG Express,Clean & Care,,https://t.cfjump.com/90610/o/112766,2023-08-14 00:00:00.000,
116172,2023-10-20 10:39:50.007,2023-10-20 10:39:50.007,69632,https://c.cfjump.com/Avatars/957b2c8c-c526-4c7f-88a0-36f52709ae4e.png,UGG Express,Top Seller — TAZZY,,https://t.cfjump.com/90610/o/116172,2023-10-20 00:00:00.000,
123904,2024-04-09 15:00:31.753,2024-04-09 15:00:31.753,69632,https://c.cfjump.com/Avatars/957b2c8c-c526-4c7f-88a0-36f52709ae4e.png,UGG Express,NEW TEDDYCOZY ARRIVALS,,https://t.cfjump.com/90610/o/123904,2024-04-09 00:00:00.000,
125438,2024-05-22 16:43:05.717,2024-05-22 16:43:05.717,69632,https://c.cfjump.com/Avatars/957b2c8c-c526-4c7f-88a0-36f52709ae4e.png,UGG Express,2024 Australian Fashion Week,,https://t.cfjump.com/90610/o/125438,2024-05-16 00:00:00.000,
129016,2024-09-19 11:53:44.910,2024-09-19 11:53:44.910,69632,https://c.cfjump.com/Avatars/957b2c8c-c526-4c7f-88a0-36f52709ae4e.png,UGG Express,Ugg Slippers Collection ,,https://t.cfjump.com/90610/o/129016,2024-09-19 00:00:00.000,
135424,2025-02-25 15:10:18.600,2025-02-25 15:10:18.600,91262,https://c.cfjump.com/Avatars/0d7210ee-a22d-4030-b330-7fdc913e9a74.png,Ultraceuticals AU,Personalised Skin Solutions | Speak With An Online Skin Expert,,https://t.cfjump.com/90610/o/135424,2025-02-25 00:00:00.000,
136166,2025-03-11 12:54:22.777,2025-03-11 12:54:22.777,91262,https://c.cfjump.com/Avatars/0d7210ee-a22d-4030-b330-7fdc913e9a74.png,Ultraceuticals AU,Start Your Skincare Journey Today,,https://t.cfjump.com/90610/o/136166,2025-03-11 00:00:00.000,
136170,2025-03-11 13:02:44.997,2025-03-11 13:02:44.997,91262,https://c.cfjump.com/Avatars/0d7210ee-a22d-4030-b330-7fdc913e9a74.png,Ultraceuticals AU,Special Offers ,,https://t.cfjump.com/90610/o/136170,2025-03-11 00:00:00.000,
136407,2025-03-13 21:20:22.053,2025-12-11 14:21:12.663,91262,https://c.cfjump.com/Avatars/0d7210ee-a22d-4030-b330-7fdc913e9a74.png,Ultraceuticals AU,Afterpay Available,Standard T&C's apply,https://t.cfjump.com/90610/o/136407,2025-03-13 00:00:00.000,
146821,2026-02-13 14:26:15.937,2026-02-13 14:26:15.937,91262,https://c.cfjump.com/Avatars/0d7210ee-a22d-4030-b330-7fdc913e9a74.png,Ultraceuticals AU,ENJOY 10% OFF | Sign up for 10% off your first order,,https://t.cfjump.com/90610/o/146821,2026-02-13 00:00:00.000,
146822,2026-02-13 14:26:47.687,2026-02-13 14:26:47.687,91262,https://c.cfjump.com/Avatars/0d7210ee-a22d-4030-b330-7fdc913e9a74.png,Ultraceuticals AU,Free Shipping on all AU orders over $150,,https://t.cfjump.com/90610/o/146822,2026-02-13 00:00:00.000,
135453,2025-02-25 15:34:48.743,2025-02-25 15:34:48.743,91266,https://c.cfjump.com/Avatars/c933611d-6d98-4484-9e9d-06c1aad12cff.png,Ultraceuticals NZ,	Personalised Skin Solutions | Speak With An Online Skin Expert,,https://t.cfjump.com/90610/o/135453,2025-02-25 00:00:00.000,
136163,2025-03-11 12:51:54.073,2025-03-11 12:51:54.073,91266,https://c.cfjump.com/Avatars/c933611d-6d98-4484-9e9d-06c1aad12cff.png,Ultraceuticals NZ,"Sign up for tips, expert advice & exclusive offers from us.",,https://t.cfjump.com/90610/o/136163,2025-03-11 00:00:00.000,
136165,2025-03-11 12:53:47.497,2025-03-11 13:00:19.373,91266,https://c.cfjump.com/Avatars/c933611d-6d98-4484-9e9d-06c1aad12cff.png,Ultraceuticals NZ,Special Offers,,https://t.cfjump.com/90610/o/136165,2025-03-11 00:00:00.000,
136168,2025-03-11 12:56:41.683,2025-03-11 12:56:58.357,91266,https://c.cfjump.com/Avatars/c933611d-6d98-4484-9e9d-06c1aad12cff.png,Ultraceuticals NZ,30 day return period ,"Change of mind
If you change your mind about your purchase, you can return unopened goods to Ultraceuticals within 30 days of purchase for a full refund. Unfortunately, we cannot issue a change of mind refund for any goods that have been opened. Please note you will need to cover shipping charges on returned goods unless the item(s) are being returned as a result of an error on behalf of Ultraceuticals.",https://t.cfjump.com/90610/o/136168,2025-03-11 00:00:00.000,
134969,2025-02-12 08:20:54.213,2025-02-12 08:20:54.213,91288,https://c.cfjump.com/Avatars/4d14842e-3a5f-4264-b367-5bad1906e8dc.png,Umall,Free Sydney Delivery on Orders over $59,,https://t.cfjump.com/90610/o/134969,2025-02-12 00:00:00.000,
136776,2025-03-25 12:44:45.823,2025-03-25 12:44:45.823,91288,https://c.cfjump.com/Avatars/4d14842e-3a5f-4264-b367-5bad1906e8dc.png,Umall,Next-Day Delivery - 7 days a week,,https://t.cfjump.com/90610/o/136776,2025-03-25 00:00:00.000,
136777,2025-03-25 12:45:19.700,2025-03-25 12:45:19.700,91288,https://c.cfjump.com/Avatars/4d14842e-3a5f-4264-b367-5bad1906e8dc.png,Umall,Unlock 5% off and Free Gifts,*Sign up to our newsletter and receive 5% off your first order and Get Free Eggs,https://t.cfjump.com/90610/o/136777,2025-03-25 00:00:00.000,
136778,2025-03-25 12:46:27.293,2025-04-24 20:55:53.610,91288,https://c.cfjump.com/Avatars/4d14842e-3a5f-4264-b367-5bad1906e8dc.png,Umall,Refer for Rewards ,"*Give your friends a reward and claim your own when they make a purchase (They get
8% off orders)",https://t.cfjump.com/90610/o/136778,2025-03-25 00:00:00.000,
139598,2025-06-10 15:49:08.847,2026-02-11 18:20:17.593,85992,https://c.cfjump.com/Avatars/723e835f-5ad1-46f0-bfe6-a32c0d131da1.png,Urban Road,Get 20% Off When You Subscribe,Get 20% off fIrst order for Newsletter subscribers. Free mini automatically available in slide out cart to qualifying orders of $500 or more.,https://t.cfjump.com/90610/o/139598,2025-07-01 00:00:00.000,
146739,2026-02-11 18:19:10.500,2026-02-18 20:12:46.397,85992,https://c.cfjump.com/Avatars/723e835f-5ad1-46f0-bfe6-a32c0d131da1.png,Urban Road,Save Up to 30% on Wall Art & Décor,"Enjoy special pricing while stock lasts. 
Terms and Conditions Apply.",https://t.cfjump.com/90610/o/146739,2026-02-11 00:00:00.000,
146876,2026-02-17 17:02:21.623,2026-02-18 20:13:19.397,85992,https://c.cfjump.com/Avatars/723e835f-5ad1-46f0-bfe6-a32c0d131da1.png,Urban Road,Easter: Get a FREE Tea Towel Set,"Promotion: Spend $400+ receive free $89 artist-designed tea towel set (3)

From 15/02/2026 - 31/05/2026
 
Discount Conditions:
Available to Australian-residing retail customers ONLY.
Excludes wholesale customers & international orders.
It is not to be used in conjunction with any other offer. Promotion cannot be combined with any other promotions or products with the exception of our welcome offer for new customers.
One upsell per qualifying order while stocks last.
Promotions and sales are valid for the advertised dates & times only and cannot be extended. Promotion cannot be backdated to or used for purchases made outside the Promotion Period.",https://t.cfjump.com/90610/o/146876,2026-02-15 00:00:00.000,2026-05-31 23:59:59.000
99067,2022-07-21 15:00:50.663,2025-04-24 10:08:00.000,80327,https://c.cfjump.com/Avatars/3d8afb6b-71cd-4bc1-a12b-20cc583beba6.png,VicOffroad,FREE SHIPPING!,"REE SHIPPING ZONE

We provide free delivery for most metropolitan areas in Australia, but there may be additional delivery costs associated to some areas. 

Any delivery charges for your order will be shown once your postcode is entered during the checkout process.",https://t.cfjump.com/90610/o/99067,2022-07-21 00:00:00.000,
99068,2022-07-21 15:01:25.600,2025-04-24 10:08:00.000,80327,https://c.cfjump.com/Avatars/3d8afb6b-71cd-4bc1-a12b-20cc583beba6.png,VicOffroad,Multiple payment method available!,"Payment Methods
Vic offroad offers various payment options. We accept

Visa & MasterCard
PayPal
Direct Deposit
We are apologised that we are unable to accept BPAY and American Express at this stage.

Security
We do not store your credit card details anywhere on our system.
We use third parties gateway such as PayPal and eWay with PCI DSS Compliant (Payment Card Industry Date Security Standard) for security payment.
We have networking security software such as VPNs and firewall.
By using eWay payment gateway, you are secured and protected with military-grade software and servers from the most trusted security partners. eWay is a platinum partner of VeriSign.

For Bank Deposit
Bank: Commonwealth Bank of Australia

Account Name: VIC OFFROAD PTY LTD

BSB: 06 3571

Account Name: 1035 4303

Reference No: Your order number",https://t.cfjump.com/90610/o/99068,2022-07-21 00:00:00.000,
99070,2022-07-21 15:02:20.617,2025-04-24 10:08:00.000,80327,https://c.cfjump.com/Avatars/3d8afb6b-71cd-4bc1-a12b-20cc583beba6.png,VicOffroad,Free return within 30 days,,https://t.cfjump.com/90610/o/99070,2022-07-21 00:00:00.000,
99071,2022-07-21 15:02:32.990,2022-07-21 15:02:32.990,80327,https://c.cfjump.com/Avatars/3d8afb6b-71cd-4bc1-a12b-20cc583beba6.png,VicOffroad,Zip Buy Now Pay Later,,https://t.cfjump.com/90610/o/99071,2022-07-21 00:00:00.000,
99072,2022-07-21 15:02:48.680,2022-07-21 15:02:48.680,80327,https://c.cfjump.com/Avatars/3d8afb6b-71cd-4bc1-a12b-20cc583beba6.png,VicOffroad,Fast delivery Australia wide,,https://t.cfjump.com/90610/o/99072,2022-07-21 00:00:00.000,
139493,2025-06-04 15:03:31.443,2025-06-04 15:03:31.443,92012,https://c.cfjump.com/Avatars/28273ed3-4e4e-4bda-9847-844c56291f3d.png,Vic's Premium Quality Meats,Shop Today's Specials,,https://t.cfjump.com/90610/o/139493,2025-06-04 00:00:00.000,
139494,2025-06-04 15:04:19.130,2025-06-04 15:04:19.130,92012,https://c.cfjump.com/Avatars/28273ed3-4e4e-4bda-9847-844c56291f3d.png,Vic's Premium Quality Meats,Free Delivery On All Orders Over $175,,https://t.cfjump.com/90610/o/139494,2025-06-04 00:00:00.000,
139495,2025-06-04 15:04:52.083,2025-06-04 15:04:52.083,92012,https://c.cfjump.com/Avatars/28273ed3-4e4e-4bda-9847-844c56291f3d.png,Vic's Premium Quality Meats,10% Off Your First Order If You Sign Up To Our Newsletter,,https://t.cfjump.com/90610/o/139495,2025-06-04 00:00:00.000,
139880,2025-06-27 14:01:32.157,2025-06-27 14:01:32.157,92012,https://c.cfjump.com/Avatars/28273ed3-4e4e-4bda-9847-844c56291f3d.png,Vic's Premium Quality Meats,Join our Loyalty Program,$1 = 1 Point. Shop now and save on future orders,https://t.cfjump.com/90610/o/139880,2025-06-27 00:00:00.000,
139881,2025-06-27 14:02:12.703,2025-06-27 14:02:12.703,92012,https://c.cfjump.com/Avatars/28273ed3-4e4e-4bda-9847-844c56291f3d.png,Vic's Premium Quality Meats,DIY Kits,,https://t.cfjump.com/90610/o/139881,2025-06-27 00:00:00.000,
139882,2025-06-27 14:02:32.657,2025-06-27 14:02:32.657,92012,https://c.cfjump.com/Avatars/28273ed3-4e4e-4bda-9847-844c56291f3d.png,Vic's Premium Quality Meats,Shop the Best Seafood in Australia,,https://t.cfjump.com/90610/o/139882,2025-06-27 00:00:00.000,
139883,2025-06-27 14:02:48.953,2025-06-27 14:02:48.953,92012,https://c.cfjump.com/Avatars/28273ed3-4e4e-4bda-9847-844c56291f3d.png,Vic's Premium Quality Meats,High Marbling Score Meat ,,https://t.cfjump.com/90610/o/139883,2025-06-27 00:00:00.000,
139884,2025-06-27 14:03:05.953,2025-06-27 14:03:05.953,92012,https://c.cfjump.com/Avatars/28273ed3-4e4e-4bda-9847-844c56291f3d.png,Vic's Premium Quality Meats,Stone Axe Meat,,https://t.cfjump.com/90610/o/139884,2025-06-27 00:00:00.000,
139885,2025-06-27 14:04:53.107,2025-06-27 14:04:53.107,92012,https://c.cfjump.com/Avatars/28273ed3-4e4e-4bda-9847-844c56291f3d.png,Vic's Premium Quality Meats,Meat Bundle Boxes ,,https://t.cfjump.com/90610/o/139885,2025-06-27 00:00:00.000,
140054,2025-07-03 19:17:53.590,2025-07-03 19:17:53.590,92012,https://c.cfjump.com/Avatars/28273ed3-4e4e-4bda-9847-844c56291f3d.png,Vic's Premium Quality Meats,BOGOF Wagyu Springrolls,Until Offer Ends online,https://t.cfjump.com/90610/o/140054,2025-07-03 00:00:00.000,
140055,2025-07-03 19:18:14.543,2025-07-03 19:18:14.543,92012,https://c.cfjump.com/Avatars/28273ed3-4e4e-4bda-9847-844c56291f3d.png,Vic's Premium Quality Meats,30% off Wagyu Eye Fillet Whole Marble Score 5+ Rangers Valley,Until offer ends online,https://t.cfjump.com/90610/o/140055,2025-07-03 00:00:00.000,
140056,2025-07-03 19:18:45.747,2025-07-03 19:18:45.747,92012,https://c.cfjump.com/Avatars/28273ed3-4e4e-4bda-9847-844c56291f3d.png,Vic's Premium Quality Meats,30% off Beef Bistecca alla Fiorentina Marbling Score 3+ Black Onyx Rangers Valley - 1kg,until offer ends online.,https://t.cfjump.com/90610/o/140056,2025-07-03 00:00:00.000,
140057,2025-07-03 19:19:07.153,2025-07-03 19:19:07.153,92012,https://c.cfjump.com/Avatars/28273ed3-4e4e-4bda-9847-844c56291f3d.png,Vic's Premium Quality Meats,25% off Beef Eye Fillet Skewers Grass Fed - 100g x 4 Pieces,until offer ends online,https://t.cfjump.com/90610/o/140057,2025-07-03 00:00:00.000,
140058,2025-07-03 19:19:39.590,2025-07-03 19:19:39.590,92012,https://c.cfjump.com/Avatars/28273ed3-4e4e-4bda-9847-844c56291f3d.png,Vic's Premium Quality Meats,20% off - Wagyu Sirloin Steak Marbling Score 9 Rangers Valley - 300g,until offer ends online,https://t.cfjump.com/90610/o/140058,2025-07-03 00:00:00.000,
140059,2025-07-03 19:20:07.293,2025-07-03 19:20:07.293,92012,https://c.cfjump.com/Avatars/28273ed3-4e4e-4bda-9847-844c56291f3d.png,Vic's Premium Quality Meats,Beef Scotch Fillet Steak Marbling Score 5+ Superior Angus O'Connor - 300g,until offer ends online,https://t.cfjump.com/90610/o/140059,2025-07-03 00:00:00.000,
140060,2025-07-03 19:20:31.870,2025-07-03 19:20:31.870,92012,https://c.cfjump.com/Avatars/28273ed3-4e4e-4bda-9847-844c56291f3d.png,Vic's Premium Quality Meats,20% off - Fullblood Wagyu Katarosu (Chuck Eye Log) Roast Marbling Score 9+ Stone Axe - 800g,until offer ends online,https://t.cfjump.com/90610/o/140060,2025-07-03 00:00:00.000,
140061,2025-07-03 19:21:04.120,2025-07-03 19:21:04.120,92012,https://c.cfjump.com/Avatars/28273ed3-4e4e-4bda-9847-844c56291f3d.png,Vic's Premium Quality Meats,15% off Fullblood Wagyu Rump (Rostbiff) Steak Marbling Score 9+ Stone Axe - 300g x 2 Pieces,until offer ends online,https://t.cfjump.com/90610/o/140061,2025-07-03 00:00:00.000,
142236,2025-09-10 21:08:42.003,2025-09-10 21:08:53.847,92012,https://c.cfjump.com/Avatars/28273ed3-4e4e-4bda-9847-844c56291f3d.png,Vic's Premium Quality Meats,Miyazaki A5 Japanese Wagyu - Back In Stock!,Until Sold Out.,https://t.cfjump.com/90610/o/142236,2025-09-10 00:00:00.000,
109250,2023-04-21 19:02:30.763,2023-04-21 19:02:30.763,1381,https://c.cfjump.com/Avatars/3b7deb04-5619-49e9-91e2-1f3a67f068a2.png,Vision Direct,Designer Sunglasses Link,,https://t.cfjump.com/90610/o/109250,2023-04-21 00:00:00.000,
109251,2023-04-21 19:07:24.800,2023-04-21 19:07:24.800,1381,https://c.cfjump.com/Avatars/3b7deb04-5619-49e9-91e2-1f3a67f068a2.png,Vision Direct,Designer Eyeglasses,,https://t.cfjump.com/90610/o/109251,2023-04-21 00:00:00.000,
115985,2023-10-17 18:46:08.500,2023-10-17 18:46:08.500,1381,https://c.cfjump.com/Avatars/3b7deb04-5619-49e9-91e2-1f3a67f068a2.png,Vision Direct,Clearance ,,https://t.cfjump.com/90610/o/115985,2023-10-17 00:00:00.000,
121016,2024-01-17 16:23:39.463,2024-01-17 16:23:39.463,88718,https://c.cfjump.com/Avatars/f87ef150-e855-40af-9567-135af322eb66.png,Vivobarefoot Australia,FREE SHIPPING ON ORDERS OVER $100,,https://t.cfjump.com/90610/o/121016,2024-01-17 00:00:00.000,
121017,2024-01-17 16:23:45.557,2024-01-17 16:23:45.557,88718,https://c.cfjump.com/Avatars/f87ef150-e855-40af-9567-135af322eb66.png,Vivobarefoot Australia,  GET 10% OFF YOUR FIRST ORDER,,https://t.cfjump.com/90610/o/121017,2024-01-17 00:00:00.000,
64607,2020-03-18 16:12:35.580,2022-11-02 11:38:29.623,35589,https://c.cfjump.com/Avatars/6cd03e82-b413-4879-b300-54abdf5e58fa.png,Volcom Australia,FREE shipping on orders over $75,Get FREE shipping when you order over $75 and FREE returns at Volcom. While stocks last. T&Cs apply.,https://t.cfjump.com/90610/o/64607,2020-03-18 00:00:00.000,
64610,2020-03-18 16:15:36.960,2024-10-22 15:48:05.187,35589,https://c.cfjump.com/Avatars/6cd03e82-b413-4879-b300-54abdf5e58fa.png,Volcom Australia,Bundle Deals! 2 for $60 New Season Tees & Tanks,"2 for $60 + 2 for $100!

To activate the bundle deal discount, simply add 2 styles from the same $ deal to the cart and the discount will automatically be added. You will see a product badge on the top left of each style eligible for bundle deal savings. Eg. 2 for $60

Volcom reserves the right to cancel this offer and any associated order at any time due to pricing, technical, or other errors. Questions? Visit www.volcom.com.au/pages/support.",https://t.cfjump.com/90610/o/64610,2020-03-18 00:00:00.000,
64611,2020-03-18 16:16:20.167,2022-08-04 12:56:55.797,35589,https://c.cfjump.com/Avatars/6cd03e82-b413-4879-b300-54abdf5e58fa.png,Volcom Australia,FREE RETURNS on all orders,"Volcom wants to assure you are 100% satisfied with the product you purchased, which is why we offer a FREE 30 day return period on all items ordered via phone or online store. Items must be in 100% resalable condition.

Return timeframe starts from original ship date.
Items purchased through retail stores must be returned to its original location. 
Prepaid return labels are only available to customers within Australia. 
Please see Return Claim Process below for details on return postage. ",https://t.cfjump.com/90610/o/64611,2020-03-18 00:00:00.000,
73475,2020-11-16 17:35:14.747,2021-04-14 12:43:34.657,35589,https://c.cfjump.com/Avatars/6cd03e82-b413-4879-b300-54abdf5e58fa.png,Volcom Australia,At Least 50% OFF | Volcom Outlet Goodbuys,"Volcom Outlet Goodbuys offers are available to AU residents only. To obtain valid offers, you must purchase an eligible item on the Volcom website found at www.volcom.com.au/collections/outlet. Online only. Subscribe to receive 15% off your first Outlet Goodbuys purchase. All sales are final. Returns or exchanges not accepted. Offers cannot be applied toward previous purchases and cannot be redeemed for cash or gift cards or used in combination with any other offers, coupon codes, discounts or promotions. Non-AU. residents and employees of Volcom are not eligible. Additional exclusions or restrictions may apply and terms of offer are subject to change without notice. Volcom reserves the right to cancel this offer and any associated order at any time due to pricing, technical, or other errors. Questions? Visit www.volcom.com.au/pages/support.",https://t.cfjump.com/90610/o/73475,2020-11-16 00:00:00.000,
99079,2022-07-21 16:46:24.253,2022-07-21 16:46:24.253,35589,https://c.cfjump.com/Avatars/6cd03e82-b413-4879-b300-54abdf5e58fa.png,Volcom Australia,$1 Shipping For Volcom Stone Rewards Memebers!,"When you sign up as a loyalty member of our Volcom Stone Rewards Program, you will receive $1 Shipping on purchases made at www.volcom.com.au with no minimum threshold (offer applies to Basic membership).",https://t.cfjump.com/90610/o/99079,2022-07-21 00:00:00.000,
147192,2026-03-03 13:02:04.017,2026-03-03 13:02:04.017,35589,https://c.cfjump.com/Avatars/6cd03e82-b413-4879-b300-54abdf5e58fa.png,Volcom Australia,Pay Pal Frenzy - Up To 50% Off,https://www.volcom.com.au/pages/promotions,https://t.cfjump.com/90610/o/147192,2026-03-04 00:00:00.000,2026-03-10 23:59:59.000
115388,2023-10-03 11:00:50.773,2023-10-03 11:01:21.053,87624,https://c.cfjump.com/Avatars/8848e0fd-c4f6-400b-b8df-328c7e6c0b01.png,VUSH,VUSH HOLIDAY GIFT SHOP NOW OPEN,Check out website for more T&C,https://t.cfjump.com/90610/o/115388,2023-10-12 00:00:00.000,
147040,2026-02-25 15:52:33.743,2026-02-25 15:55:41.697,87624,https://c.cfjump.com/Avatars/8848e0fd-c4f6-400b-b8df-328c7e6c0b01.png,VUSH,"Up to 50% off SITEWIDE + Spend $199AUD & get a FREE Swish, Spend $275AUD & get a FREE Empress Tidal!","*T&Cs Apply.
Spend $199AUD and get a free Swish
Spend $275 AUD & get a free Empress Tidal",https://t.cfjump.com/90610/o/147040,2026-02-25 00:00:00.000,2026-03-11 23:59:59.000
139853,2025-06-25 13:23:03.833,2025-06-25 13:23:03.833,92133,https://c.cfjump.com/Avatars/076b5c05-2b09-4242-8b0c-02c4bd17bed0.png,Wheel&Barrow,Afterpay Available,,https://t.cfjump.com/90610/o/139853,2025-06-25 00:00:00.000,
139854,2025-06-25 13:23:40.800,2025-06-25 13:23:40.800,92133,https://c.cfjump.com/Avatars/076b5c05-2b09-4242-8b0c-02c4bd17bed0.png,Wheel&Barrow,Spend $149 or more for Free Metro Shipping ,,https://t.cfjump.com/90610/o/139854,2025-06-25 00:00:00.000,
139888,2025-06-27 16:55:00.473,2025-06-27 16:55:00.473,92133,https://c.cfjump.com/Avatars/076b5c05-2b09-4242-8b0c-02c4bd17bed0.png,Wheel&Barrow,Enjoy 20% Off When You Buy 6+ Glasses,,https://t.cfjump.com/90610/o/139888,2025-06-27 00:00:00.000,
142247,2025-09-11 09:24:36.713,2025-09-11 09:24:36.713,92133,https://c.cfjump.com/Avatars/076b5c05-2b09-4242-8b0c-02c4bd17bed0.png,Wheel&Barrow,Up to 50% Off Sale - Permanent Markdowns,,https://t.cfjump.com/90610/o/142247,2025-09-11 00:00:00.000,
147277,2026-03-05 12:04:38.907,2026-03-05 12:04:38.907,92133,https://c.cfjump.com/Avatars/076b5c05-2b09-4242-8b0c-02c4bd17bed0.png,Wheel&Barrow,Save $50 on Cutlery Sets,,https://t.cfjump.com/90610/o/147277,2026-03-05 00:00:00.000,2026-03-08 23:59:59.000
147132,2026-03-02 11:36:21.907,2026-03-02 11:36:21.907,92133,https://c.cfjump.com/Avatars/076b5c05-2b09-4242-8b0c-02c4bd17bed0.png,Wheel&Barrow,6 Mugs for $40,,https://t.cfjump.com/90610/o/147132,2026-03-03 00:00:00.000,2026-03-09 23:59:59.000
119754,2023-12-11 12:49:53.983,2023-12-12 15:56:05.030,88540,https://c.cfjump.com/Avatars/65d7c8e9-9169-484a-9072-4fb1add7c9a9.png,White & Co,New Subscriber Offer,"15% Off Welcome Discount
Use your unique code at checkout to receive 15% off your first order. Available for new sign-ups only. Code valid for one use only. Not applicable on sale or discounted products.",https://t.cfjump.com/90610/o/119754,2023-12-12 00:00:00.000,
119762,2023-12-11 13:11:47.953,2023-12-11 17:05:43.363,88540,https://c.cfjump.com/Avatars/65d7c8e9-9169-484a-9072-4fb1add7c9a9.png,White & Co,"Buy 2, Save $10 on Originals Tees & Tanks","Buy 2, Save $10 (AUD) Originals
Add 2 White & Co. Label Original T-Shirts to cart and save $10AUD. Discount applies to Original T-Shirts and Original Long Sleeve T-Shirts. Offer excludes Cali Tank Top, Turn Back Tee, and Classic Round Neck Tank. Offer not available in conjunction with any other offer, discount, or gift card use. Available online and in-store. Discount automatically applied at checkout. All prices in AUD. Offer valid for limited time only.",https://t.cfjump.com/90610/o/119762,2023-12-12 00:00:00.000,
119766,2023-12-11 13:15:31.813,2023-12-11 16:28:13.740,88540,https://c.cfjump.com/Avatars/65d7c8e9-9169-484a-9072-4fb1add7c9a9.png,White & Co,Free Shipping Over $150,"Standard Shipping Offer (Australia)
Free Standard Delivery for all orders $150 and over (excluding Gift cards)
A flat rate of $9.95 for all orders under $150 applies.
Estimated delivery 5-7 business days

Express
$4.95 flat rate for orders over $150
$14.95 for orders under $150
Estimated delivery 3-5 business days (Australia wide)

AUSTRALIA POST services utilised.",https://t.cfjump.com/90610/o/119766,2023-12-21 00:00:00.000,
119773,2023-12-11 13:23:00.687,2023-12-14 09:40:39.663,88540,https://c.cfjump.com/Avatars/65d7c8e9-9169-484a-9072-4fb1add7c9a9.png,White & Co,End of Season Sale | 20-50% Off,"We do not accept returns on sale, discounted items, including those purchased in promotions. No exchange/refund or credit note. ",https://t.cfjump.com/90610/o/119773,2023-12-14 00:00:00.000,
122185,2024-02-23 21:40:25.623,2024-02-23 21:40:25.623,88540,https://c.cfjump.com/Avatars/65d7c8e9-9169-484a-9072-4fb1add7c9a9.png,White & Co,Buy two Elm Fundamental LS for $80 and 2 x Divine Crews for $120,*While stocks last,https://t.cfjump.com/90610/o/122185,2024-02-21 00:00:00.000,
129968,2024-10-09 14:20:27.110,2024-10-09 14:20:27.110,88540,https://c.cfjump.com/Avatars/65d7c8e9-9169-484a-9072-4fb1add7c9a9.png,White & Co,"Essential Basics - Your Wardrobe Foundations. All year round essentials in lightweight, breathable 100% cotton slub",,https://t.cfjump.com/90610/o/129968,2024-10-05 00:00:00.000,
134188,2025-01-14 18:13:06.373,2025-01-14 18:13:06.373,88540,https://c.cfjump.com/Avatars/65d7c8e9-9169-484a-9072-4fb1add7c9a9.png,White & Co,Add a Yasmin Crew Neck Tee for just $19.95 AUD,"Purchase any item and add a Yasmin Crew Neck Tee - White/Black Stripe to your cart for only $19.95 (AUD). No code required; discount automatically applied. Available online and in-store. Limited time only. No returns or exchanges.
",https://t.cfjump.com/90610/o/134188,2025-01-14 00:00:00.000,
134189,2025-01-14 18:13:37.217,2025-01-14 18:13:37.217,88540,https://c.cfjump.com/Avatars/65d7c8e9-9169-484a-9072-4fb1add7c9a9.png,White & Co,Add a Mia Coin Purse for Just $15 AUD,"Purchase any full price Zoe Crossbody Bag and add a Mia Coin Purse in Black, Navy or Tan to your cart for only $15 (AUD). No code required; discount automatically applied. Available online and in-store. Not valid in conjunction with any other offer or discount. Limited time only.",https://t.cfjump.com/90610/o/134189,2025-01-14 00:00:00.000,
136016,2025-03-06 17:13:57.193,2025-03-06 17:14:24.647,88540,https://c.cfjump.com/Avatars/65d7c8e9-9169-484a-9072-4fb1add7c9a9.png,White & Co,White & Co. The Label Autumn 25 Capsule #01 - Available Online & In-store Now,"Introducing White & Co. THE LABEL Autumn ’25 🍂
Effortless comfort with raw beauty.
Set against the rugged textures of a rocky countryside, the collection finds harmony in contrast. Cashmere-blend knits with signature details offer indulgent softness and warmth. Ponte pants in iconic silhouettes and timeless colours bring ease and versatility.
Luxurious yet grounded, refined yet endlessly wearable.

White & Co. The Label Autumn 25 Capsule #01
Available Online & In-store Now",https://t.cfjump.com/90610/o/136016,2025-03-06 00:00:00.000,
137082,2025-04-04 13:36:31.477,2025-04-04 13:36:31.477,88540,https://c.cfjump.com/Avatars/65d7c8e9-9169-484a-9072-4fb1add7c9a9.png,White & Co,Add a Mia Coin Purse for Just $9.95 AUD,"Purchase any full price Zoe Crossbody Bag and add a Mia Coin Purse in Black, Navy or Tan to your cart for only $9.95 (AUD). No code required; discount automatically applied. Available online and in-store. Not valid in conjunction with any other offer or discount. Limited time only",https://t.cfjump.com/90610/o/137082,2025-04-04 00:00:00.000,
137083,2025-04-04 13:37:05.120,2025-04-04 13:37:05.120,88540,https://c.cfjump.com/Avatars/65d7c8e9-9169-484a-9072-4fb1add7c9a9.png,White & Co,Add a Cali Tank Top for just $20 AUD,Purchase any item and add a Cali Tank Top - Navy/White Stripe or Black/White Stripe to your cart for only $20 (AUD). No code required; discount automatically applied. Available online and in-store. Limited time only. Not valid in conjunction with any other offer or discount.,https://t.cfjump.com/90610/o/137083,2025-04-04 00:00:00.000,
139608,2025-06-11 13:02:39.417,2025-06-11 13:02:39.417,88540,https://c.cfjump.com/Avatars/65d7c8e9-9169-484a-9072-4fb1add7c9a9.png,White & Co,White & Co. End Of Season Sale: Take up to 60% Off elevated everyday women's clothing for a limited time!,"T&Cs:
In-store & Online.
100+ new styles added to sale
200+ further markdowns added
Sale commences June 12th 2025 and continues while stocks last.
No returns or exchange on sale items.",https://t.cfjump.com/90610/o/139608,2025-06-12 00:00:00.000,
141819,2025-08-28 18:30:59.150,2025-08-28 18:30:59.150,88540,https://c.cfjump.com/Avatars/65d7c8e9-9169-484a-9072-4fb1add7c9a9.png,White & Co,"Goodsole Gift With Purchase - Get a free tee, gym bag and set of laces when you purchase selected Goodsole Parallel Sneakers!",*Until stock last,https://t.cfjump.com/90610/o/141819,2025-08-29 00:00:00.000,
141933,2025-09-02 18:54:25.693,2025-09-02 18:54:25.693,88540,https://c.cfjump.com/Avatars/65d7c8e9-9169-484a-9072-4fb1add7c9a9.png,White & Co,2 for $99 White & Co The Label Long Sleeve Tees,"Discount applied automatically at checkout. Offer applies to select styles only. Offer available online and in-store. Offer cannot be used in conjunction with any other offer, promotion, or discount. Available for a limited time only.",https://t.cfjump.com/90610/o/141933,2025-09-03 00:00:00.000,
143642,2025-10-24 12:40:34.157,2025-10-24 12:40:34.157,88540,https://c.cfjump.com/Avatars/65d7c8e9-9169-484a-9072-4fb1add7c9a9.png,White & Co,10% Off Welcome Discount (reduced from 15% off)*,"*T&Cs:
10% Off Welcome Discount
Available for new sign-ups only. Code expires 30 days after receival and is valid for one use only. Not applicable on sale or discounted products. Cannot be used in conjunction with any other offer.",https://t.cfjump.com/90610/o/143642,2025-10-30 00:00:00.000,
146516,2026-02-02 13:58:28.157,2026-02-02 13:58:28.157,88540,https://c.cfjump.com/Avatars/65d7c8e9-9169-484a-9072-4fb1add7c9a9.png,White & Co,SALE: Up to 50% off!,"*End date TBC, check website for full T&Cs",https://t.cfjump.com/90610/o/146516,2026-01-06 00:00:00.000,
146979,2026-02-23 11:24:35.457,2026-03-03 15:51:13.107,88540,https://c.cfjump.com/Avatars/65d7c8e9-9169-484a-9072-4fb1add7c9a9.png,White & Co,30% Off Selected Tees!,"*Enjoy 30% Off a large range of Tees & Tanks.
100% Cotton. 150% Cool Comfort.
Strictly Limited Time!
In-store & Online. T&Cs apply.
 
Discount applied automatically at checkout. Discount applies to selected short sleeve tees and tanks Offer available in-store and online. Offer cannot be used in conjunction with any other offer, promotion, or discount. Active from 05/03/2026 12:00AM AEDT until 16/03/2026 11:59 PM AEDT or while stocks last.",https://t.cfjump.com/90610/o/146979,2026-03-05 00:00:00.000,2026-03-16 23:59:59.000
146980,2026-02-23 11:25:08.410,2026-03-03 13:59:27.473,88540,https://c.cfjump.com/Avatars/65d7c8e9-9169-484a-9072-4fb1add7c9a9.png,White & Co,AfterPay Day: 30%-50% Off Selected Styles,"*T&Cs – White & Co. Afterpay Day sale
Save 30-50% on selected styles in-store and online.
Discount on original RRP applied automatically at checkout. Sale products already reduced will remain at prices shown. Discount applies to products within afterpay day collection only. Limited styles and sizes in-store. Offer cannot be used in conjunction with any other offer, promotion, or discount. Active from 19/03/2026 12:00AM until 22/03/2026 11:59 PM (AEDT) or while stocks last. No return or exchange on already marked-down products.
 ",https://t.cfjump.com/90610/o/146980,2026-03-19 00:00:00.000,2026-03-22 23:59:59.000
84684,2021-08-20 15:46:40.543,2021-08-20 15:46:40.543,75120,https://c.cfjump.com/Avatars/4d3e6582-68b9-44a2-a539-44c7dc716a9a.png,Wild Secrets Lingerie AU,Free shipping +$59,See website for full T&C's,https://t.cfjump.com/90610/o/84684,2021-08-20 00:00:00.000,
84685,2021-08-20 15:49:38.017,2021-08-20 15:49:38.017,75120,https://c.cfjump.com/Avatars/4d3e6582-68b9-44a2-a539-44c7dc716a9a.png,Wild Secrets Lingerie AU,Free gift with orders +$100,See website for full T&C's,https://t.cfjump.com/90610/o/84685,2021-08-20 00:00:00.000,
112135,2023-07-24 13:23:16.760,2023-07-24 13:23:52.383,85725,https://c.cfjump.com/Avatars/0f4b14ec-b29d-4199-a2cb-00414b145636.png,Williams Shoes,Williams $10 Off Your Next Order,*$10 Off Your Next Order offer conditions: Offer available on next purchase for any customer subscribing to the Williams database. Offer is not available in conjunction with any other offer. ,https://t.cfjump.com/90610/o/112135,2023-07-25 00:00:00.000,
14287,2016-10-05 12:06:01.760,2019-04-29 11:33:38.137,26780,https://c.cfjump.com/Avatars/21a088f7-9b43-449c-9557-c36f2d65a723.png,Windsor Smith,Free Australian Delivery Over $100*,Free delivery on Australian orders over $100.,https://t.cfjump.com/90610/o/14287,2016-10-05 00:00:00.000,
139998,2025-07-01 14:23:19.203,2025-07-01 14:23:19.203,32549,https://c.cfjump.com/Avatars/a32f4d7f-0c8e-412f-b123-46c55655e6e6.png,Wine Selectors,15% off when you purchase 12 or more bottles,"- Purchase any 12 individual bottles of our Wine Shop and you’ll receive 15% off your order! 
- Create a dozen from your favourite varieties, including gorgeous reds, refreshing whites, celebratory sparkling and indulgent Fortifieds.
- Once you have 12 bottles in your cart, the 15% discount is automatically applied ",https://t.cfjump.com/90610/o/139998,2025-07-01 00:00:00.000,
121719,2024-02-06 16:18:24.633,2024-02-06 16:18:24.633,83939,https://c.cfjump.com/Avatars/c65eba2f-2333-4194-bc51-b97889af3460.png,XHunter Australia,Tough Move Supplier Package,,https://t.cfjump.com/90610/o/121719,2024-02-06 00:00:00.000,
121720,2024-02-06 16:22:05.353,2024-02-06 16:22:05.353,83939,https://c.cfjump.com/Avatars/c65eba2f-2333-4194-bc51-b97889af3460.png,XHunter Australia,Free Shipping Over $500,,https://t.cfjump.com/90610/o/121720,2024-02-06 00:00:00.000,
128750,2024-09-11 15:22:51.630,2024-09-11 15:22:51.630,83939,https://c.cfjump.com/Avatars/c65eba2f-2333-4194-bc51-b97889af3460.png,XHunter Australia,Huntselement Free Shipping,All Hunters Element Free Shipping,https://t.cfjump.com/90610/o/128750,2024-09-11 00:00:00.000,
132712,2024-12-07 21:01:46.737,2024-12-07 21:01:46.737,83939,https://c.cfjump.com/Avatars/c65eba2f-2333-4194-bc51-b97889af3460.png,XHunter Australia,Hunters Element Maverick Hunting Boot 65% off,,https://t.cfjump.com/90610/o/132712,2024-12-07 00:00:00.000,
134154,2025-01-14 14:26:21.680,2025-01-14 14:26:21.680,59459,https://c.cfjump.com/Avatars/7c0470b1-8193-4aa1-b23c-29b525199fc5.png,YesStyle,Snowy Savings Up to 50% OFF - Shop Away the Winter Blues!,,https://t.cfjump.com/90610/o/134154,2025-01-14 00:00:00.000,
134155,2025-01-14 14:26:58.587,2025-01-14 14:26:58.587,59459,https://c.cfjump.com/Avatars/7c0470b1-8193-4aa1-b23c-29b525199fc5.png,YesStyle,medicube 40% OFF - Perfectly Poreless,,https://t.cfjump.com/90610/o/134155,2025-01-14 00:00:00.000,
147207,2026-03-03 21:23:06.693,2026-03-03 21:23:06.693,59459,https://c.cfjump.com/Avatars/7c0470b1-8193-4aa1-b23c-29b525199fc5.png,YesStyle,Because You Deserve The Best! Up to 50% OFF - Skin Care for Every Woman,,https://t.cfjump.com/90610/o/147207,2026-03-03 00:00:00.000,2026-03-08 23:59:59.000
147208,2026-03-03 21:23:14.570,2026-03-03 21:23:14.570,59459,https://c.cfjump.com/Avatars/7c0470b1-8193-4aa1-b23c-29b525199fc5.png,YesStyle,Dr. Althea 30% OFF - Daily Essentials,,https://t.cfjump.com/90610/o/147208,2026-03-03 00:00:00.000,2026-03-08 23:59:59.000
147209,2026-03-03 21:23:23.553,2026-03-03 21:23:23.553,59459,https://c.cfjump.com/Avatars/7c0470b1-8193-4aa1-b23c-29b525199fc5.png,YesStyle,Dr.Melaxin 64% OFF - Refined Pores,,https://t.cfjump.com/90610/o/147209,2026-03-03 00:00:00.000,2026-03-08 23:59:59.000
147210,2026-03-03 21:23:32.287,2026-03-03 21:23:32.287,59459,https://c.cfjump.com/Avatars/7c0470b1-8193-4aa1-b23c-29b525199fc5.png,YesStyle,WHIPPED 50% OFF - Smooth Like Butter,,https://t.cfjump.com/90610/o/147210,2026-03-03 00:00:00.000,2026-03-08 23:59:59.000
147211,2026-03-03 21:23:42.740,2026-03-03 21:23:42.740,59459,https://c.cfjump.com/Avatars/7c0470b1-8193-4aa1-b23c-29b525199fc5.png,YesStyle,MOEV 40% OFF - Locks In Moisture,,https://t.cfjump.com/90610/o/147211,2026-03-03 00:00:00.000,2026-03-08 23:59:59.000
147212,2026-03-03 21:23:49.430,2026-03-03 21:23:49.430,59459,https://c.cfjump.com/Avatars/7c0470b1-8193-4aa1-b23c-29b525199fc5.png,YesStyle,Cell Fusion C 40% OFF - All-Day Coverage,,https://t.cfjump.com/90610/o/147212,2026-03-03 00:00:00.000,2026-03-08 23:59:59.000
147213,2026-03-03 21:23:56.413,2026-03-03 21:23:56.413,59459,https://c.cfjump.com/Avatars/7c0470b1-8193-4aa1-b23c-29b525199fc5.png,YesStyle,House of B 50% OFF - All-in-One Treatment,,https://t.cfjump.com/90610/o/147213,2026-03-03 00:00:00.000,2026-03-08 23:59:59.000
147214,2026-03-03 21:24:05.147,2026-03-03 21:24:05.147,59459,https://c.cfjump.com/Avatars/7c0470b1-8193-4aa1-b23c-29b525199fc5.png,YesStyle,P.CALM 50% OFF - Pore Tightening,,https://t.cfjump.com/90610/o/147214,2026-03-03 00:00:00.000,2026-03-08 23:59:59.000
147215,2026-03-03 21:24:11.960,2026-03-03 21:24:11.960,59459,https://c.cfjump.com/Avatars/7c0470b1-8193-4aa1-b23c-29b525199fc5.png,YesStyle,SKINTIFIC  30% OFF - Youthful Skin Renewal,,https://t.cfjump.com/90610/o/147215,2026-03-03 00:00:00.000,2026-03-08 23:59:59.000
147216,2026-03-03 21:24:19.757,2026-03-03 21:24:19.757,59459,https://c.cfjump.com/Avatars/7c0470b1-8193-4aa1-b23c-29b525199fc5.png,YesStyle,Fine Japan 50% OFF - Overnight Magic,,https://t.cfjump.com/90610/o/147216,2026-03-03 00:00:00.000,2026-03-08 23:59:59.000
147217,2026-03-03 21:24:26.413,2026-03-03 21:24:26.413,59459,https://c.cfjump.com/Avatars/7c0470b1-8193-4aa1-b23c-29b525199fc5.png,YesStyle,Dr.alva 25% OFF - Microbiome Expert,,https://t.cfjump.com/90610/o/147217,2026-03-03 00:00:00.000,2026-03-08 23:59:59.000
147218,2026-03-03 21:24:34.413,2026-03-03 21:24:34.413,59459,https://c.cfjump.com/Avatars/7c0470b1-8193-4aa1-b23c-29b525199fc5.png,YesStyle,Ishizawa-Lab 20% OFF - Smoother Pores,,https://t.cfjump.com/90610/o/147218,2026-03-03 00:00:00.000,2026-03-08 23:59:59.000
147219,2026-03-03 21:24:41.773,2026-03-03 21:24:41.773,59459,https://c.cfjump.com/Avatars/7c0470b1-8193-4aa1-b23c-29b525199fc5.png,YesStyle,cheeryep 25% OFF - Baddie Gaze,,https://t.cfjump.com/90610/o/147219,2026-03-03 00:00:00.000,2026-03-08 23:59:59.000
147220,2026-03-03 21:24:50.350,2026-03-03 21:24:50.350,59459,https://c.cfjump.com/Avatars/7c0470b1-8193-4aa1-b23c-29b525199fc5.png,YesStyle,NAMING 50% OFF - Juicy Kiss,,https://t.cfjump.com/90610/o/147220,2026-03-03 00:00:00.000,2026-03-08 23:59:59.000
147221,2026-03-03 21:24:57.037,2026-03-03 21:24:57.037,59459,https://c.cfjump.com/Avatars/7c0470b1-8193-4aa1-b23c-29b525199fc5.png,YesStyle,THE FACE SHOP 50% OFF - Silky Smooth Cleanse,,https://t.cfjump.com/90610/o/147221,2026-03-03 00:00:00.000,2026-03-08 23:59:59.000
147222,2026-03-03 21:25:03.477,2026-03-03 21:25:03.477,59459,https://c.cfjump.com/Avatars/7c0470b1-8193-4aa1-b23c-29b525199fc5.png,YesStyle,Goodal 50% OFF - Vita C Blast,,https://t.cfjump.com/90610/o/147222,2026-03-03 00:00:00.000,2026-03-08 23:59:59.000
147223,2026-03-03 21:25:10.600,2026-03-03 21:25:10.600,59459,https://c.cfjump.com/Avatars/7c0470b1-8193-4aa1-b23c-29b525199fc5.png,YesStyle,ISOI 50% OFF - Acne Fighter,,https://t.cfjump.com/90610/o/147223,2026-03-03 00:00:00.000,2026-03-08 23:59:59.000
147224,2026-03-03 21:25:16.850,2026-03-03 21:25:16.850,59459,https://c.cfjump.com/Avatars/7c0470b1-8193-4aa1-b23c-29b525199fc5.png,YesStyle,MIZON 50% OFF - Skin Rebirth,,https://t.cfjump.com/90610/o/147224,2026-03-03 00:00:00.000,2026-03-08 23:59:59.000
147225,2026-03-03 21:25:23.633,2026-03-03 21:25:23.633,59459,https://c.cfjump.com/Avatars/7c0470b1-8193-4aa1-b23c-29b525199fc5.png,YesStyle,107 Beauty 50% OFF - 24/7 Moisture Lock,,https://t.cfjump.com/90610/o/147225,2026-03-03 00:00:00.000,2026-03-08 23:59:59.000
