Id,DateCreated,DateModified,MerchantId,MerchantAvatar,MerchantCampaignName,Name,Description,TargetUrl,StartDate,EndDate
119302,2023-11-29 13:04:15.357,2023-11-29 13:04:15.357,88314,https://c.cfjump.com/Avatars/95fbec9f-d9c9-48ec-b18c-bd0b2e85f3a6.png,A Life Plus,Free Delivery over $50,,https://t.cfjump.com/90610/o/119302,2023-11-29 00:00:00.000,
119303,2023-11-29 13:04:45.217,2024-05-23 19:57:04.527,88314,https://c.cfjump.com/Avatars/95fbec9f-d9c9-48ec-b18c-bd0b2e85f3a6.png,A Life Plus,Sign up to our email list and get 15% off your first order,,https://t.cfjump.com/90610/o/119303,2023-11-29 00:00:00.000,
125496,2024-05-23 19:57:22.510,2024-05-23 19:57:22.510,88314,https://c.cfjump.com/Avatars/95fbec9f-d9c9-48ec-b18c-bd0b2e85f3a6.png,A Life Plus,✔️ NO CONTRACTS   ✔️ NO MINIMUM ORDERS,,https://t.cfjump.com/90610/o/125496,2024-05-23 00:00:00.000,
126234,2024-06-14 15:43:57.103,2024-06-14 15:43:57.103,89821,https://c.cfjump.com/Avatars/a6a7f3c4-3130-4d3e-ac91-c39db229b9d9.png,Above The Collar,FREE Shipping over $60,,https://t.cfjump.com/90610/o/126234,2024-06-14 00:00:00.000,
126274,2024-06-18 09:07:46.387,2024-06-18 09:07:46.387,89821,https://c.cfjump.com/Avatars/a6a7f3c4-3130-4d3e-ac91-c39db229b9d9.png,Above The Collar,"Receive $10 off your first order when you sign up for exclusive offers, promos. and freebies.",,https://t.cfjump.com/90610/o/126274,2024-06-18 00:00:00.000,
141192,2025-08-13 08:46:31.727,2025-08-13 08:46:31.727,89821,https://c.cfjump.com/Avatars/a6a7f3c4-3130-4d3e-ac91-c39db229b9d9.png,Above The Collar,Fathers Day Sale! Up To 70% Off Father’s Day Sale + Free 8 Piece Fathers Day Freebie With Any Order Over $199,,https://t.cfjump.com/90610/o/141192,2025-08-20 00:00:00.000,2025-09-02 23:59:59.000
53309,2019-03-18 13:27:15.217,2021-06-01 12:04:48.657,62977,https://c.cfjump.com/Avatars/408e07c3-b8c4-4e63-982a-5e6f39dfea4d.png,Adulttoymegastore,Free economy delivery over $100 AUD,,https://t.cfjump.com/90610/o/53309,2019-03-18 00:00:00.000,
126184,2024-06-13 11:39:23.733,2024-06-13 11:39:23.733,62977,https://c.cfjump.com/Avatars/408e07c3-b8c4-4e63-982a-5e6f39dfea4d.png,Adulttoymegastore,Reduced to Clear,,https://t.cfjump.com/90610/o/126184,2024-06-13 00:00:00.000,
138775,2025-05-15 07:13:29.580,2025-05-15 07:13:29.580,62977,https://c.cfjump.com/Avatars/408e07c3-b8c4-4e63-982a-5e6f39dfea4d.png,Adulttoymegastore,"HUGE Savings on 40,000+ Pleasure and Wellness Products",,https://t.cfjump.com/90610/o/138775,2025-05-15 00:00:00.000,
140200,2025-07-10 06:53:32.047,2025-07-10 06:53:32.047,62977,https://c.cfjump.com/Avatars/408e07c3-b8c4-4e63-982a-5e6f39dfea4d.png,Adulttoymegastore,FREE Satisfyer Pro 2 with Essentials Bundle,,https://t.cfjump.com/90610/o/140200,2025-07-10 00:00:00.000,
140201,2025-07-10 06:54:49.797,2025-07-10 06:54:49.797,62977,https://c.cfjump.com/Avatars/408e07c3-b8c4-4e63-982a-5e6f39dfea4d.png,Adulttoymegastore,FREE Kama Dual Stim Toy with Essentials Bundle,,https://t.cfjump.com/90610/o/140201,2025-07-10 00:00:00.000,
140202,2025-07-10 06:55:26.470,2025-07-10 06:55:26.470,62977,https://c.cfjump.com/Avatars/408e07c3-b8c4-4e63-982a-5e6f39dfea4d.png,Adulttoymegastore,FREE Vibrating Cock Ring with Essentials Bundle,,https://t.cfjump.com/90610/o/140202,2025-07-10 00:00:00.000,
140351,2025-07-15 14:17:06.567,2025-07-18 13:38:36.897,62977,https://c.cfjump.com/Avatars/408e07c3-b8c4-4e63-982a-5e6f39dfea4d.png,Adulttoymegastore,FREE Bullet Vibrator - No Minimum Spend! 🤩,"Click ""claim now"" on Adulttoymegastore's homepage bullet vibrator banner to get your FREE bullet vibrator added to cart. One bullet vibrator per customer. Not valid with coupon usage. Must pay shipping. ",https://t.cfjump.com/90610/o/140351,2025-07-15 00:00:00.000,
140436,2025-07-18 13:40:37.003,2025-07-18 13:40:37.003,62977,https://c.cfjump.com/Avatars/408e07c3-b8c4-4e63-982a-5e6f39dfea4d.png,Adulttoymegastore,🛒Shop + Find Freebies 🥳,"Free items available to find on site. Find one and ""claim"" or ""add to cart"" to secure. Must pay shipping. One free item per order. ",https://t.cfjump.com/90610/o/140436,2025-07-18 00:00:00.000,
135044,2025-02-13 14:24:38.127,2025-02-13 14:24:38.127,62977,https://c.cfjump.com/Avatars/408e07c3-b8c4-4e63-982a-5e6f39dfea4d.png,Adulttoymegastore,NEW Erotica Category LIVE,Products eligible for additional discounts.,https://t.cfjump.com/90610/o/135044,2025-02-13 00:00:00.000,
139911,2025-06-30 13:40:51.063,2025-06-30 13:40:51.063,62977,https://c.cfjump.com/Avatars/408e07c3-b8c4-4e63-982a-5e6f39dfea4d.png,Adulttoymegastore,😍FREE Toy With Essentials Bundle Purchase,,https://t.cfjump.com/90610/o/139911,2025-06-30 00:00:00.000,
140863,2025-08-07 13:59:16.850,2025-08-07 13:59:16.850,62977,https://c.cfjump.com/Avatars/408e07c3-b8c4-4e63-982a-5e6f39dfea4d.png,Adulttoymegastore,Claim a FREE SP2 with $100 Spend 😏,Must spend $100 excluding shipping to claim. Orders with a free SP2 or other free claimed product are not eligible for additional discounts or discount codes.,https://t.cfjump.com/90610/o/140863,2025-08-07 00:00:00.000,
141509,2025-08-21 07:34:01.573,2025-08-21 07:34:01.573,62977,https://c.cfjump.com/Avatars/408e07c3-b8c4-4e63-982a-5e6f39dfea4d.png,Adulttoymegastore,🍑 Booty Sale - Up to 75% OFF,,https://t.cfjump.com/90610/o/141509,2025-08-21 00:00:00.000,2025-08-31 23:59:59.000
115040,2023-09-20 16:14:47.183,2023-10-10 16:32:52.873,87838,https://c.cfjump.com/Avatars/a7267e51-7474-479d-8823-8c9286f9006b.png,Advwin,"Buy overs $500,Get FREE Laptop Stand",,https://t.cfjump.com/90610/o/115040,2023-09-20 00:00:00.000,
115041,2023-09-20 16:15:38.217,2023-10-10 16:32:56.547,87838,https://c.cfjump.com/Avatars/a7267e51-7474-479d-8823-8c9286f9006b.png,Advwin,Buy $300 Save $15OFF,,https://t.cfjump.com/90610/o/115041,2023-09-20 00:00:00.000,
115042,2023-09-20 16:17:15.000,2023-10-10 16:33:01.950,87838,https://c.cfjump.com/Avatars/a7267e51-7474-479d-8823-8c9286f9006b.png,Advwin,Buy $200 Save $10 OFF,,https://t.cfjump.com/90610/o/115042,2023-09-20 00:00:00.000,
115043,2023-09-20 16:17:39.157,2023-10-10 16:32:47.247,87838,https://c.cfjump.com/Avatars/a7267e51-7474-479d-8823-8c9286f9006b.png,Advwin,Extra 5% off,,https://t.cfjump.com/90610/o/115043,2023-09-20 00:00:00.000,
115734,2023-10-10 16:33:45.873,2023-10-10 16:33:45.873,87838,https://c.cfjump.com/Avatars/a7267e51-7474-479d-8823-8c9286f9006b.png,Advwin,Buy $500 Save $30 OFF,,https://t.cfjump.com/90610/o/115734,2023-10-10 00:00:00.000,
109746,2023-05-09 15:53:35.863,2023-05-09 15:53:35.863,85422,https://c.cfjump.com/Avatars/d67dcc1b-b693-45b9-a090-e2539d57a0ea.png,Altina Drinks,Shop our bundles and mix packs today! ,,https://t.cfjump.com/90610/o/109746,2023-05-09 00:00:00.000,
117137,2023-11-09 13:48:09.060,2023-11-09 13:48:09.060,85422,https://c.cfjump.com/Avatars/d67dcc1b-b693-45b9-a090-e2539d57a0ea.png,Altina Drinks,Save $20 on THE ALTINA TASTER PACK,End date TBC,https://t.cfjump.com/90610/o/117137,2023-11-09 00:00:00.000,
117138,2023-11-09 13:50:20.077,2023-11-09 13:50:20.077,85422,https://c.cfjump.com/Avatars/d67dcc1b-b693-45b9-a090-e2539d57a0ea.png,Altina Drinks,Save $8 on ALTINA ROSÉ ALL DAY BUNDLE,End date TBC,https://t.cfjump.com/90610/o/117138,2023-11-09 00:00:00.000,
115997,2023-10-18 09:06:11.017,2023-10-18 09:06:11.017,85422,https://c.cfjump.com/Avatars/d67dcc1b-b693-45b9-a090-e2539d57a0ea.png,Altina Drinks,$10 off ALTINA ENTERTAINERS' BUNDLE,"No code needed
Valid until stock lasts",https://t.cfjump.com/90610/o/115997,2023-10-18 00:00:00.000,
135212,2025-02-19 11:05:31.640,2025-02-19 11:05:31.640,85422,https://c.cfjump.com/Avatars/d67dcc1b-b693-45b9-a090-e2539d57a0ea.png,Altina Drinks,Free Shipping on orders over $140.  Flat rate $8 shipping for all other orders,T&Cs apply,https://t.cfjump.com/90610/o/135212,2025-02-19 00:00:00.000,
104958,2022-12-01 10:09:57.303,2022-12-01 10:10:39.413,71708,https://c.cfjump.com/Avatars/a54049ec-300d-4e6a-8502-0fa6fbd58a12.png,Ark Swimwear,Model search ,,https://t.cfjump.com/90610/o/104958,2022-12-01 00:00:00.000,
99231,2022-07-26 15:12:35.760,2025-08-12 08:10:26.333,80434,https://c.cfjump.com/Avatars/52bb6075-49b1-4bb9-ae88-30efbb629baf.png,Arms Of Eve,Free Shipping on orders over $79.00* (Australian customers only),,https://t.cfjump.com/90610/o/99231,2022-07-26 00:00:00.000,
99235,2022-07-26 15:41:25.173,2025-08-12 08:10:13.473,80434,https://c.cfjump.com/Avatars/52bb6075-49b1-4bb9-ae88-30efbb629baf.png,Arms Of Eve,Free shipping over $150 AUD (Australian customers only),For purchases over $150,https://t.cfjump.com/90610/o/99235,2022-07-26 00:00:00.000,
99238,2022-07-26 15:44:11.377,2025-08-12 08:12:36.227,80434,https://c.cfjump.com/Avatars/52bb6075-49b1-4bb9-ae88-30efbb629baf.png,Arms Of Eve,Stack and save with 20% off all stacks,prices as marked,https://t.cfjump.com/90610/o/99238,2022-07-26 00:00:00.000,
131741,2024-11-20 05:22:07.600,2024-11-20 05:22:07.600,80434,https://c.cfjump.com/Avatars/52bb6075-49b1-4bb9-ae88-30efbb629baf.png,Arms Of Eve,Take 30% off or more on sale earrings!,,https://t.cfjump.com/90610/o/131741,2024-11-20 00:00:00.000,2025-12-31 23:59:59.000
131742,2024-11-20 05:23:09.787,2024-11-20 05:23:09.787,80434,https://c.cfjump.com/Avatars/52bb6075-49b1-4bb9-ae88-30efbb629baf.png,Arms Of Eve,Take 30% off or more on discount rings,,https://t.cfjump.com/90610/o/131742,2024-11-20 00:00:00.000,2025-12-31 23:59:59.000
122995,2024-03-14 05:08:28.773,2025-08-12 08:11:01.023,80434,https://c.cfjump.com/Avatars/52bb6075-49b1-4bb9-ae88-30efbb629baf.png,Arms Of Eve,Sign up to Arms Of Eve Tribe and get 10% off,Sign up to Arms Of Eve Tribe and get 10% off,https://t.cfjump.com/90610/o/122995,2024-03-14 00:00:00.000,
84821,2021-08-26 13:13:42.520,2021-08-26 13:13:42.520,75358,https://c.cfjump.com/Avatars/7469c85c-2fae-44f2-9c64-9ecf30d1b95f.png,AROMABABY,Buy Now Pay Later with Afterpay,,https://t.cfjump.com/90610/o/84821,2021-08-26 00:00:00.000,
48177,2018-10-23 17:53:19.697,2023-12-07 15:52:33.370,60960,https://c.cfjump.com/Avatars/09c37b07-8254-47d8-99df-c2f7aeddcc9d.png,Aster & Oak,FREE SHIPPING OVER $100 AUSTRALIA WIDE,Spend over $100 for Free Shipping Australia Wide! ,https://t.cfjump.com/90610/o/48177,2018-10-23 00:00:00.000,
123031,2024-03-14 15:59:15.350,2024-03-14 15:59:15.350,60960,https://c.cfjump.com/Avatars/09c37b07-8254-47d8-99df-c2f7aeddcc9d.png,Aster & Oak,Easter Collection Is LIVE!,"Welcome to our magical Easter collection! The sweetest mix of the most adorable fluffy bunnies, the softest pink florals and neutral bunny patterns. Perfect for the little ones in your life, these non-chocolate gifts will surely bring a smile to their faces. Shop now and make this Easter one to remember!",https://t.cfjump.com/90610/o/123031,2024-03-14 00:00:00.000,
123032,2024-03-14 16:00:27.367,2024-03-14 16:00:27.367,60960,https://c.cfjump.com/Avatars/09c37b07-8254-47d8-99df-c2f7aeddcc9d.png,Aster & Oak,AW24 Drop One Collection Is LIVE!,"Welcome to the Baby Autumn/Winter Collection from Aster & Oak! Our collection features a wide range of cozy and stylish clothing options for your little one. Made from high-quality, organic cotton, each piece is designed to keep your baby warm, comfortable, and stylish during the colder months.

Our knitwear pieces are a standout feature of this collection. From our Knit Jumpers, Cardigan and knit rompers, our knitwear is perfect for layering and keeping your baby snug and warm. 

All of our kids winter clothes collection is made from organic cotton, which means it's gentle on your baby's skin and easy to care for. Browse our adorable collection today and get ready to rug up!",https://t.cfjump.com/90610/o/123032,2024-03-14 00:00:00.000,
43474,2018-07-03 15:32:05.757,2022-07-01 12:39:05.853,57654,https://c.cfjump.com/Avatars/16ccc019-c98e-4697-98dd-6bce0e950b64.png,AURA Home,Free Shipping for all orders over $200 within Australia,,https://t.cfjump.com/90610/o/43474,2018-07-03 00:00:00.000,
43476,2018-07-03 15:32:24.227,2018-07-03 15:32:24.227,57654,https://c.cfjump.com/Avatars/16ccc019-c98e-4697-98dd-6bce0e950b64.png,AURA Home,Free 30 day returns within Australia,,https://t.cfjump.com/90610/o/43476,2018-07-03 00:00:00.000,
98014,2022-06-21 10:39:28.947,2022-06-21 10:39:28.947,57654,https://c.cfjump.com/Avatars/16ccc019-c98e-4697-98dd-6bce0e950b64.png,AURA Home,Shop Luxury Laundry Accessories,,https://t.cfjump.com/90610/o/98014,2022-06-21 00:00:00.000,
98017,2022-06-21 10:40:44.653,2022-06-21 10:40:44.653,57654,https://c.cfjump.com/Avatars/16ccc019-c98e-4697-98dd-6bce0e950b64.png,AURA Home,Shop Gifts for Mum,,https://t.cfjump.com/90610/o/98017,2022-06-21 00:00:00.000,
97988,2022-06-21 10:18:57.140,2022-06-21 10:18:57.140,57654,https://c.cfjump.com/Avatars/16ccc019-c98e-4697-98dd-6bce0e950b64.png,AURA Home,Shop Our Best Sellers,,https://t.cfjump.com/90610/o/97988,2022-06-21 00:00:00.000,
97989,2022-06-21 10:19:36.767,2022-06-21 10:19:36.767,57654,https://c.cfjump.com/Avatars/16ccc019-c98e-4697-98dd-6bce0e950b64.png,AURA Home,Shop New Chambray Bedlinen,,https://t.cfjump.com/90610/o/97989,2022-06-21 00:00:00.000,
97990,2022-06-21 10:19:59.953,2025-01-08 14:36:59.613,57654,https://c.cfjump.com/Avatars/16ccc019-c98e-4697-98dd-6bce0e950b64.png,AURA Home,Shop Halo Organic Cotton Bedding,,https://t.cfjump.com/90610/o/97990,2022-06-21 00:00:00.000,
97991,2022-06-21 10:20:35.237,2022-06-21 10:20:35.237,57654,https://c.cfjump.com/Avatars/16ccc019-c98e-4697-98dd-6bce0e950b64.png,AURA Home,Shop Maison Linen Cotton Bed Linen,,https://t.cfjump.com/90610/o/97991,2022-06-21 00:00:00.000,
97992,2022-06-21 10:21:05.520,2022-06-21 10:21:05.520,57654,https://c.cfjump.com/Avatars/16ccc019-c98e-4697-98dd-6bce0e950b64.png,AURA Home,Shop New Velvet Bedding Collection	,,https://t.cfjump.com/90610/o/97992,2022-06-21 00:00:00.000,
97993,2022-06-21 10:21:39.190,2022-06-21 10:29:30.187,57654,https://c.cfjump.com/Avatars/16ccc019-c98e-4697-98dd-6bce0e950b64.png,AURA Home,Shop Outdoor Living Collection,,https://t.cfjump.com/90610/o/97993,2022-06-21 00:00:00.000,
97994,2022-06-21 10:22:20.803,2022-06-21 10:22:20.803,57654,https://c.cfjump.com/Avatars/16ccc019-c98e-4697-98dd-6bce0e950b64.png,AURA Home,Shop New Printed Bed Linen Collection,,https://t.cfjump.com/90610/o/97994,2022-06-21 00:00:00.000,
97995,2022-06-21 10:23:01.380,2022-06-21 10:23:01.380,57654,https://c.cfjump.com/Avatars/16ccc019-c98e-4697-98dd-6bce0e950b64.png,AURA Home,Shop Paros Sustainably Sourced Bath Towel Collection,,https://t.cfjump.com/90610/o/97995,2022-06-21 00:00:00.000,
97997,2022-06-21 10:23:50.130,2022-06-21 10:23:50.130,57654,https://c.cfjump.com/Avatars/16ccc019-c98e-4697-98dd-6bce0e950b64.png,AURA Home,Shop Maya Bath Towel Collection,,https://t.cfjump.com/90610/o/97997,2022-06-21 00:00:00.000,
97998,2022-06-21 10:24:14.477,2022-06-21 10:24:14.477,57654,https://c.cfjump.com/Avatars/16ccc019-c98e-4697-98dd-6bce0e950b64.png,AURA Home,Shop Waffle Bath Towel Collection,,https://t.cfjump.com/90610/o/97998,2022-06-21 00:00:00.000,
97999,2022-06-21 10:24:46.163,2022-06-21 10:24:46.163,57654,https://c.cfjump.com/Avatars/16ccc019-c98e-4697-98dd-6bce0e950b64.png,AURA Home,Shop Our New Furniture Collection,,https://t.cfjump.com/90610/o/97999,2022-06-21 00:00:00.000,
98000,2022-06-21 10:25:39.383,2022-06-21 10:25:39.383,57654,https://c.cfjump.com/Avatars/16ccc019-c98e-4697-98dd-6bce0e950b64.png,AURA Home,Shop Our New Bed Head Collection,,https://t.cfjump.com/90610/o/98000,2022-06-21 00:00:00.000,
98001,2022-06-21 10:28:05.123,2022-06-21 10:28:05.123,57654,https://c.cfjump.com/Avatars/16ccc019-c98e-4697-98dd-6bce0e950b64.png,AURA Home,Shop New Lamps & Lanterns,,https://t.cfjump.com/90610/o/98001,2022-06-21 00:00:00.000,
98002,2022-06-21 10:28:59.500,2022-06-21 10:28:59.500,57654,https://c.cfjump.com/Avatars/16ccc019-c98e-4697-98dd-6bce0e950b64.png,AURA Home,Shop New Pendant Lights,,https://t.cfjump.com/90610/o/98002,2022-06-21 00:00:00.000,
98003,2022-06-21 10:30:14.483,2022-06-21 10:30:14.483,57654,https://c.cfjump.com/Avatars/16ccc019-c98e-4697-98dd-6bce0e950b64.png,AURA Home,Shop New Arrivals,,https://t.cfjump.com/90610/o/98003,2022-06-21 00:00:00.000,
98004,2022-06-21 10:31:29.140,2022-06-21 10:31:29.140,57654,https://c.cfjump.com/Avatars/16ccc019-c98e-4697-98dd-6bce0e950b64.png,AURA Home,Shop Luxury Scented Soy Candles	,,https://t.cfjump.com/90610/o/98004,2022-06-21 00:00:00.000,
98005,2022-06-21 10:32:40.080,2022-06-21 10:32:40.080,57654,https://c.cfjump.com/Avatars/16ccc019-c98e-4697-98dd-6bce0e950b64.png,AURA Home,"Shop Luxury Bath, Body & Hand Wash",,https://t.cfjump.com/90610/o/98005,2022-06-21 00:00:00.000,
98007,2022-06-21 10:34:25.957,2022-06-21 10:34:25.957,57654,https://c.cfjump.com/Avatars/16ccc019-c98e-4697-98dd-6bce0e950b64.png,AURA Home,Shop Sofa Cushions,,https://t.cfjump.com/90610/o/98007,2022-06-21 00:00:00.000,
98008,2022-06-21 10:34:57.177,2022-06-21 10:34:57.177,57654,https://c.cfjump.com/Avatars/16ccc019-c98e-4697-98dd-6bce0e950b64.png,AURA Home,Shop Luxury Throws ,,https://t.cfjump.com/90610/o/98008,2022-06-21 00:00:00.000,
98009,2022-06-21 10:35:16.193,2022-06-21 10:35:16.193,57654,https://c.cfjump.com/Avatars/16ccc019-c98e-4697-98dd-6bce0e950b64.png,AURA Home,Shop Hand Made Rugs,,https://t.cfjump.com/90610/o/98009,2022-06-21 00:00:00.000,
98010,2022-06-21 10:35:39.473,2022-06-21 10:35:39.473,57654,https://c.cfjump.com/Avatars/16ccc019-c98e-4697-98dd-6bce0e950b64.png,AURA Home,Shop the Latest in Home Decor,,https://t.cfjump.com/90610/o/98010,2022-06-21 00:00:00.000,
98011,2022-06-21 10:36:31.117,2022-06-21 10:37:00.367,57654,https://c.cfjump.com/Avatars/16ccc019-c98e-4697-98dd-6bce0e950b64.png,AURA Home,Shop Pure Linen Table Linen,,https://t.cfjump.com/90610/o/98011,2022-06-21 00:00:00.000,
98013,2022-06-21 10:38:48.023,2022-06-21 10:38:48.023,57654,https://c.cfjump.com/Avatars/16ccc019-c98e-4697-98dd-6bce0e950b64.png,AURA Home,Shop Baskets & Storage,,https://t.cfjump.com/90610/o/98013,2022-06-21 00:00:00.000,
98015,2022-06-21 10:39:51.370,2022-06-21 10:39:51.370,57654,https://c.cfjump.com/Avatars/16ccc019-c98e-4697-98dd-6bce0e950b64.png,AURA Home,Shop Wedding Gifts,,https://t.cfjump.com/90610/o/98015,2022-06-21 00:00:00.000,
98016,2022-06-21 10:40:14.247,2022-06-21 10:40:14.247,57654,https://c.cfjump.com/Avatars/16ccc019-c98e-4697-98dd-6bce0e950b64.png,AURA Home,Shop Housewarming Gifts,,https://t.cfjump.com/90610/o/98016,2022-06-21 00:00:00.000,
98018,2022-06-21 10:41:08.557,2022-06-21 10:41:08.557,57654,https://c.cfjump.com/Avatars/16ccc019-c98e-4697-98dd-6bce0e950b64.png,AURA Home,Shop Gifts for Him,,https://t.cfjump.com/90610/o/98018,2022-06-21 00:00:00.000,
98019,2022-06-21 10:41:34.560,2022-06-21 10:41:34.560,57654,https://c.cfjump.com/Avatars/16ccc019-c98e-4697-98dd-6bce0e950b64.png,AURA Home,Shop Gifts under $100,,https://t.cfjump.com/90610/o/98019,2022-06-21 00:00:00.000,
98020,2022-06-21 10:41:56.480,2022-06-21 10:41:56.480,57654,https://c.cfjump.com/Avatars/16ccc019-c98e-4697-98dd-6bce0e950b64.png,AURA Home,Shop Gifts under $50,,https://t.cfjump.com/90610/o/98020,2022-06-21 00:00:00.000,
133969,2025-01-08 14:34:49.990,2025-01-08 14:34:49.990,57654,https://c.cfjump.com/Avatars/16ccc019-c98e-4697-98dd-6bce0e950b64.png,AURA Home,Shop New Evie Stonewash Bedding Collection,,https://t.cfjump.com/90610/o/133969,2025-01-08 00:00:00.000,
133970,2025-01-08 14:35:26.710,2025-01-08 14:35:26.710,57654,https://c.cfjump.com/Avatars/16ccc019-c98e-4697-98dd-6bce0e950b64.png,AURA Home,Shop Emile Pure Linen Bedding Collection,,https://t.cfjump.com/90610/o/133970,2025-01-08 00:00:00.000,
133971,2025-01-08 14:36:00.473,2025-01-08 14:36:00.490,57654,https://c.cfjump.com/Avatars/16ccc019-c98e-4697-98dd-6bce0e950b64.png,AURA Home,Shop Jaipur Pure Cotton Bedding Collection,,https://t.cfjump.com/90610/o/133971,2025-01-08 00:00:00.000,
133972,2025-01-08 14:36:44.397,2025-01-08 14:36:44.397,57654,https://c.cfjump.com/Avatars/16ccc019-c98e-4697-98dd-6bce0e950b64.png,AURA Home,Shop Classic Stripe Bedlinen,,https://t.cfjump.com/90610/o/133972,2025-01-08 00:00:00.000,
133973,2025-01-08 14:38:32.257,2025-01-08 14:38:32.257,57654,https://c.cfjump.com/Avatars/16ccc019-c98e-4697-98dd-6bce0e950b64.png,AURA Home,Shop Sustainable Towel Collection,,https://t.cfjump.com/90610/o/133973,2025-01-08 00:00:00.000,
133974,2025-01-08 14:39:03.647,2025-01-08 14:39:03.647,57654,https://c.cfjump.com/Avatars/16ccc019-c98e-4697-98dd-6bce0e950b64.png,AURA Home,Shop Haven Luxury Towel Collection,,https://t.cfjump.com/90610/o/133974,2025-01-08 00:00:00.000,
133975,2025-01-08 14:39:32.427,2025-01-08 14:39:32.427,57654,https://c.cfjump.com/Avatars/16ccc019-c98e-4697-98dd-6bce0e950b64.png,AURA Home,Shop Australian Cotton Luxury Towel Collection,,https://t.cfjump.com/90610/o/133975,2025-01-08 00:00:00.000,
133976,2025-01-08 14:39:54.363,2025-01-08 14:39:54.363,57654,https://c.cfjump.com/Avatars/16ccc019-c98e-4697-98dd-6bce0e950b64.png,AURA Home,Shop Australian Cotton Wave Towels,,https://t.cfjump.com/90610/o/133976,2025-01-08 00:00:00.000,
133977,2025-01-08 14:40:23.333,2025-01-08 14:40:23.333,57654,https://c.cfjump.com/Avatars/16ccc019-c98e-4697-98dd-6bce0e950b64.png,AURA Home,Shop Australian Cotton Beach Towels,,https://t.cfjump.com/90610/o/133977,2025-01-08 00:00:00.000,
139139,2025-05-27 10:43:54.123,2025-05-27 10:43:54.123,57654,https://c.cfjump.com/Avatars/16ccc019-c98e-4697-98dd-6bce0e950b64.png,AURA Home,Shop Emile Pure Linen Bedding,,https://t.cfjump.com/90610/o/139139,2025-05-27 00:00:00.000,
139140,2025-05-27 10:44:26.653,2025-05-27 10:44:26.653,57654,https://c.cfjump.com/Avatars/16ccc019-c98e-4697-98dd-6bce0e950b64.png,AURA Home,Shop Evie Stonewash Bedding,,https://t.cfjump.com/90610/o/139140,2025-05-27 00:00:00.000,
139141,2025-05-27 10:44:58.077,2025-05-27 10:44:58.077,57654,https://c.cfjump.com/Avatars/16ccc019-c98e-4697-98dd-6bce0e950b64.png,AURA Home,Shop Velvet Coverlets,,https://t.cfjump.com/90610/o/139141,2025-05-27 00:00:00.000,
139142,2025-05-27 10:45:23.577,2025-05-27 10:45:23.577,57654,https://c.cfjump.com/Avatars/16ccc019-c98e-4697-98dd-6bce0e950b64.png,AURA Home,Shop Luxury Velvet Cushions,,https://t.cfjump.com/90610/o/139142,2025-05-27 00:00:00.000,
1229,2014-07-14 16:35:02.873,2014-07-14 16:35:02.873,14839,https://c.cfjump.com/Avatars/f96bf8c9-da98-43a3-ba69-65e428cd9a2d.png,Aussie Health Products,Clearance Sale,,https://t.cfjump.com/90610/o/1229,2014-07-14 00:00:00.000,
1230,2014-07-14 16:35:34.747,2014-07-22 09:21:33.500,14839,https://c.cfjump.com/Avatars/f96bf8c9-da98-43a3-ba69-65e428cd9a2d.png,Aussie Health Products,Wide Selection of Products on Sale,,https://t.cfjump.com/90610/o/1230,2014-07-14 00:00:00.000,
138764,2025-05-14 10:20:48.510,2025-05-29 09:32:23.497,70231,https://c.cfjump.com/Avatars/56f9f8bc-d523-486a-8293-993be333bef4.png,aussieBum,Biggest Sale! Up to 65% Off!,,https://t.cfjump.com/90610/o/138764,2025-05-14 00:00:00.000,
96078,2022-05-02 16:51:27.530,2025-06-02 09:51:00.000,49527,https://c.cfjump.com/Avatars/03d064d6-1776-4e4e-8ee0-a1043c0a6c8e.png,Babycentral Australia,Free Shipping on orders over $99,"FREE Shipping*
Available on all standard orders when you spend over $99 and under 5kg to Australian delivery addresses",https://t.cfjump.com/90610/o/96078,2022-05-02 00:00:00.000,
96079,2022-05-02 16:52:11.000,2025-06-03 17:31:16.127,49527,https://c.cfjump.com/Avatars/03d064d6-1776-4e4e-8ee0-a1043c0a6c8e.png,Babycentral Australia,Sign up to our mailing list and save 15% off your first order,,https://t.cfjump.com/90610/o/96079,2022-05-02 00:00:00.000,
101130,2022-09-14 15:21:08.903,2022-09-14 15:21:33.887,81244,https://c.cfjump.com/Avatars/b95393df-c321-4706-9e5f-82946da2d8e5.png,Bargain Avenue,Interest free payment with Zip Pay.,,https://t.cfjump.com/90610/o/101130,2022-09-14 00:00:00.000,
101134,2022-09-14 15:43:58.973,2022-09-14 15:43:58.973,81244,https://c.cfjump.com/Avatars/b95393df-c321-4706-9e5f-82946da2d8e5.png,Bargain Avenue,Subscribe To Our Newsletter And Get A $10 Discount Code,,https://t.cfjump.com/90610/o/101134,2022-09-14 00:00:00.000,
101145,2022-09-14 23:45:37.760,2022-09-14 23:45:37.760,81244,https://c.cfjump.com/Avatars/b95393df-c321-4706-9e5f-82946da2d8e5.png,Bargain Avenue,Interest free payment with Afterpay.,,https://t.cfjump.com/90610/o/101145,2022-09-14 00:00:00.000,
87501,2021-11-03 15:51:10.960,2023-10-06 10:38:58.490,76149,https://c.cfjump.com/Avatars/f231359d-b8f2-46ab-bfa3-db594f4da474.png,Barrel & Batch,New Customer Offer: $30 off your first order. Use code WELCOME at checkout,"New customers get $30 off your first order over $120.
Use code WELCOME to redeem at checkout.",https://t.cfjump.com/90610/o/87501,2021-11-03 00:00:00.000,
108185,2023-03-20 15:55:40.773,2025-04-29 07:44:47.140,84266,https://c.cfjump.com/Avatars/f8260d1f-aa51-48d9-9265-5e6f54a6d328.png,Beauty Affairs,FREE SHIPPING ON ALL ORDERS $179+,Free shipping on all orders above AUD $179. Includes international orders. ,https://t.cfjump.com/90610/o/108185,2023-03-20 00:00:00.000,
108186,2023-03-20 15:56:22.367,2023-03-20 15:56:22.367,84266,https://c.cfjump.com/Avatars/f8260d1f-aa51-48d9-9265-5e6f54a6d328.png,Beauty Affairs,Luxury fragrances starting at $28,,https://t.cfjump.com/90610/o/108186,2023-03-20 00:00:00.000,
108843,2023-04-05 15:20:04.400,2023-04-05 15:20:30.277,84266,https://c.cfjump.com/Avatars/f8260d1f-aa51-48d9-9265-5e6f54a6d328.png,Beauty Affairs,Luxury skincare starting at $25	,,https://t.cfjump.com/90610/o/108843,2023-04-05 00:00:00.000,
108844,2023-04-05 15:20:37.090,2023-04-05 15:20:37.090,84266,https://c.cfjump.com/Avatars/f8260d1f-aa51-48d9-9265-5e6f54a6d328.png,Beauty Affairs,Luxury lipsticks starting at $25	,,https://t.cfjump.com/90610/o/108844,2023-04-05 00:00:00.000,
108845,2023-04-05 15:20:44.557,2023-04-05 15:20:44.557,84266,https://c.cfjump.com/Avatars/f8260d1f-aa51-48d9-9265-5e6f54a6d328.png,Beauty Affairs,Luxury haircare starting at $25	,,https://t.cfjump.com/90610/o/108845,2023-04-05 00:00:00.000,
109139,2023-04-18 10:09:57.897,2023-04-18 10:09:57.897,84266,https://c.cfjump.com/Avatars/f8260d1f-aa51-48d9-9265-5e6f54a6d328.png,Beauty Affairs,Up to 20% off Luxe Set Category,,https://t.cfjump.com/90610/o/109139,2023-04-18 00:00:00.000,
109588,2023-05-03 14:08:09.043,2023-05-03 14:08:09.043,84266,https://c.cfjump.com/Avatars/f8260d1f-aa51-48d9-9265-5e6f54a6d328.png,Beauty Affairs,Up to 70% off Bespoke Luxury Services,,https://t.cfjump.com/90610/o/109588,2023-05-03 00:00:00.000,
127815,2024-08-13 13:41:11.213,2024-08-13 13:41:11.213,84266,https://c.cfjump.com/Avatars/f8260d1f-aa51-48d9-9265-5e6f54a6d328.png,Beauty Affairs,Try Before You Buy,Pay $9.95 and get 5 free product samples tailored to your skin type. $9.95 is redeemable as a voucher on full-size products. ,https://t.cfjump.com/90610/o/127815,2024-08-13 00:00:00.000,
131638,2024-11-19 06:50:40.820,2024-11-19 06:50:40.820,84266,https://c.cfjump.com/Avatars/f8260d1f-aa51-48d9-9265-5e6f54a6d328.png,Beauty Affairs,50% First Medispa Appointment,Book your first Medispa appointment with us for an initial offer of 50% off. Can be used with MEDISPA50. Promo code can only be used once and is only valid for Medispa services. ,https://t.cfjump.com/90610/o/131638,2024-11-19 00:00:00.000,
136117,2025-03-10 13:38:17.110,2025-03-10 13:38:17.110,84266,https://c.cfjump.com/Avatars/f8260d1f-aa51-48d9-9265-5e6f54a6d328.png,Beauty Affairs,Free sample with all orders,Free sample with all orders. Requires purchase to redeem. ,https://t.cfjump.com/90610/o/136117,2025-03-10 00:00:00.000,
136118,2025-03-10 13:40:51.817,2025-04-29 07:45:02.737,84266,https://c.cfjump.com/Avatars/f8260d1f-aa51-48d9-9265-5e6f54a6d328.png,Beauty Affairs,Free gift with orders $199+,Free gift with orders valued over $199. Value is AUD. Subject to availability.,https://t.cfjump.com/90610/o/136118,2025-03-10 00:00:00.000,
136119,2025-03-10 13:41:22.833,2025-03-10 13:41:22.833,84266,https://c.cfjump.com/Avatars/f8260d1f-aa51-48d9-9265-5e6f54a6d328.png,Beauty Affairs,Exclusive gift with orders over $249,A luxury full-size gift is available with orders over $249. Value in AUD. ,https://t.cfjump.com/90610/o/136119,2025-03-10 00:00:00.000,
136076,2025-03-07 18:37:44.523,2025-08-04 20:04:57.950,83335,https://c.cfjump.com/Avatars/170cbf92-ef7a-434a-957b-0de64cec9b64.png,Beauty Amora AU,New members exclusive offer - 15% OFF no min. spend,Use code [BUFIRST] to enjoy 15% OFF no min. spend on your first shopping,https://t.cfjump.com/90610/o/136076,2025-03-07 00:00:00.000,
141682,2025-08-25 19:03:24.410,2025-08-25 19:03:24.410,83335,https://c.cfjump.com/Avatars/170cbf92-ef7a-434a-957b-0de64cec9b64.png,Beauty Amora AU,BACK TO SCHOOL - $10 Off + Free Shipping & Gift Set on $69+,"Use code [AFSCHOOL] to enjoy $10 OFF + Free Shipping and Free Gift Set -
Torriden - DIVE-IN Trial Kit - 1set on $69+",https://t.cfjump.com/90610/o/141682,2025-08-26 00:00:00.000,2025-08-31 23:59:59.000
101082,2022-09-14 10:49:04.443,2022-09-14 10:49:04.443,80589,https://c.cfjump.com/Avatars/8524bb56-1922-44be-85d0-db558b1042cd.png,Bedzy,"Sleep now, pay later with Afterpay, LatitudePay, Zip, Humm & Laybuy",,https://t.cfjump.com/90610/o/101082,2022-09-14 00:00:00.000,
101083,2022-09-14 10:49:22.573,2022-09-14 10:49:22.573,80589,https://c.cfjump.com/Avatars/8524bb56-1922-44be-85d0-db558b1042cd.png,Bedzy,Low Prices Always,,https://t.cfjump.com/90610/o/101083,2022-09-14 00:00:00.000,
101084,2022-09-14 10:49:31.367,2022-09-14 10:49:31.367,80589,https://c.cfjump.com/Avatars/8524bb56-1922-44be-85d0-db558b1042cd.png,Bedzy,The BIGGEST Range of Bedside Tables.,,https://t.cfjump.com/90610/o/101084,2022-09-14 00:00:00.000,
101085,2022-09-14 10:49:51.900,2022-09-14 10:49:51.900,80589,https://c.cfjump.com/Avatars/8524bb56-1922-44be-85d0-db558b1042cd.png,Bedzy,100% Australian owned & operated,,https://t.cfjump.com/90610/o/101085,2022-09-14 00:00:00.000,
101086,2022-09-14 10:50:02.070,2022-09-14 10:50:02.070,80589,https://c.cfjump.com/Avatars/8524bb56-1922-44be-85d0-db558b1042cd.png,Bedzy,FREE DELIVERY - To metro & regional areas,,https://t.cfjump.com/90610/o/101086,2022-09-14 00:00:00.000,
101087,2022-09-14 10:50:08.523,2022-09-14 10:50:08.523,80589,https://c.cfjump.com/Avatars/8524bb56-1922-44be-85d0-db558b1042cd.png,Bedzy,Fast dispatch,,https://t.cfjump.com/90610/o/101087,2022-09-14 00:00:00.000,
101088,2022-09-14 10:50:18.273,2022-09-14 10:50:18.273,80589,https://c.cfjump.com/Avatars/8524bb56-1922-44be-85d0-db558b1042cd.png,Bedzy,Bedzy shipping protection promise,,https://t.cfjump.com/90610/o/101088,2022-09-14 00:00:00.000,
101089,2022-09-14 10:50:33.277,2022-09-14 10:50:33.277,80589,https://c.cfjump.com/Avatars/8524bb56-1922-44be-85d0-db558b1042cd.png,Bedzy,Amazing prices with price match guarantee,,https://t.cfjump.com/90610/o/101089,2022-09-14 00:00:00.000,
47541,2018-10-02 15:18:51.067,2018-10-02 15:19:43.917,60466,https://c.cfjump.com/Avatars/7d08865a-8ac5-489f-ae2c-9036511ea73d.png,Beer Cartel,Fast Flat Rate Shipping.,"$9.99 per case in NSW/ACT
$14.99 per case for other States
Dispatched 4pm daily",https://t.cfjump.com/90610/o/47541,2018-10-02 00:00:00.000,
47542,2018-10-02 15:18:59.083,2018-10-02 15:20:26.420,60466,https://c.cfjump.com/Avatars/7d08865a-8ac5-489f-ae2c-9036511ea73d.png,Beer Cartel,"Stocking Over 1,100 Craft Beers","Australia's Largest Range Online,
Stocking Over 1,100 Craft Beers.",https://t.cfjump.com/90610/o/47542,2018-10-02 00:00:00.000,
107084,2023-02-16 10:14:14.167,2023-02-16 10:14:14.167,83661,https://c.cfjump.com/Avatars/1a311b5c-fc7f-4a26-ae33-14f06712f7c2.png,Beforeyouspeak Coffee,FREE SHIPPING ON DOMESTIC ORDERS OVER $130,,https://t.cfjump.com/90610/o/107084,2023-02-16 00:00:00.000,
107085,2023-02-16 10:14:41.137,2023-02-16 10:14:41.137,83661,https://c.cfjump.com/Avatars/1a311b5c-fc7f-4a26-ae33-14f06712f7c2.png,Beforeyouspeak Coffee,Australia’s fastest growing coffee business,,https://t.cfjump.com/90610/o/107085,2023-02-16 00:00:00.000,
107086,2023-02-16 10:14:55.027,2023-02-16 10:14:55.027,83661,https://c.cfjump.com/Avatars/1a311b5c-fc7f-4a26-ae33-14f06712f7c2.png,Beforeyouspeak Coffee,Sign Up and get 10% OFF your first order,,https://t.cfjump.com/90610/o/107086,2023-02-16 00:00:00.000,
136376,2025-03-13 11:04:32.600,2025-03-13 11:04:32.600,90285,https://c.cfjump.com/Avatars/9d43d810-ad2e-4399-a2c1-4a7c76fd00c6.png,Best Restaurants NZ,Accepted at Aotearoa's favourite Restaurants,,https://t.cfjump.com/90610/o/136376,2025-03-13 00:00:00.000,
101651,2022-09-27 07:50:18.393,2022-09-27 07:50:18.393,81438,https://c.cfjump.com/Avatars/73c2652d-8a77-46a1-83d2-f98349e36627.png,Bevilles Jewellers,Up to 60% Diamonds Super Buy,,https://t.cfjump.com/90610/o/101651,2022-09-27 00:00:00.000,
101797,2022-09-30 07:18:23.160,2024-07-29 14:11:51.510,81438,https://c.cfjump.com/Avatars/73c2652d-8a77-46a1-83d2-f98349e36627.png,Bevilles Jewellers,Free Shipping over $80,,https://t.cfjump.com/90610/o/101797,2022-09-30 00:00:00.000,
101798,2022-09-30 07:18:31.957,2022-09-30 07:18:31.957,81438,https://c.cfjump.com/Avatars/73c2652d-8a77-46a1-83d2-f98349e36627.png,Bevilles Jewellers,90-Day Exchanges,,https://t.cfjump.com/90610/o/101798,2022-09-30 00:00:00.000,
101799,2022-09-30 07:18:40.177,2022-09-30 07:18:40.177,81438,https://c.cfjump.com/Avatars/73c2652d-8a77-46a1-83d2-f98349e36627.png,Bevilles Jewellers,Secure Payment Methods,,https://t.cfjump.com/90610/o/101799,2022-09-30 00:00:00.000,
101800,2022-09-30 07:18:55.847,2022-09-30 07:18:55.847,81438,https://c.cfjump.com/Avatars/73c2652d-8a77-46a1-83d2-f98349e36627.png,Bevilles Jewellers,"Subscribe to our newsletter to be the first to hear about our new stock landing, promotion, exclusive offers and more. ",,https://t.cfjump.com/90610/o/101800,2022-09-30 00:00:00.000,
101801,2022-09-30 07:19:09.113,2022-09-30 07:19:09.113,81438,https://c.cfjump.com/Avatars/73c2652d-8a77-46a1-83d2-f98349e36627.png,Bevilles Jewellers,Free Returns for 14 days,,https://t.cfjump.com/90610/o/101801,2022-09-30 00:00:00.000,
127900,2024-08-15 19:55:37.787,2024-11-25 17:38:46.663,90254,https://c.cfjump.com/Avatars/3cd93739-c5e1-442c-9b47-c8c0ab145405.png,BLUETTI AU,Win Your 200 BLUETTI Bucks! Subscribe to our emails for updates on our latest innovations and exclusive coupons.,,https://t.cfjump.com/90610/o/127900,2024-08-15 00:00:00.000,
127901,2024-08-15 19:56:14.067,2024-08-15 19:56:14.067,90254,https://c.cfjump.com/Avatars/3cd93739-c5e1-442c-9b47-c8c0ab145405.png,BLUETTI AU,Afterpay Available,,https://t.cfjump.com/90610/o/127901,2024-08-15 00:00:00.000,
127903,2024-08-15 19:58:32.570,2024-08-15 19:58:32.570,90254,https://c.cfjump.com/Avatars/3cd93739-c5e1-442c-9b47-c8c0ab145405.png,BLUETTI AU,"AU Local Shipping, Fast, Free Shipping",,https://t.cfjump.com/90610/o/127903,2024-08-15 00:00:00.000,
127904,2024-08-15 19:59:23.303,2024-08-15 19:59:23.303,90254,https://c.cfjump.com/Avatars/3cd93739-c5e1-442c-9b47-c8c0ab145405.png,BLUETTI AU,Lifetime Customer Support,,https://t.cfjump.com/90610/o/127904,2024-08-15 00:00:00.000,
138047,2025-04-27 21:01:51.483,2025-04-27 21:02:48.857,90254,https://c.cfjump.com/Avatars/3cd93739-c5e1-442c-9b47-c8c0ab145405.png,BLUETTI AU,"🌱Go Dark to Green: Trade in your gas generator and save up to $1,999—Learn More & Claim Your Discount!",,https://t.cfjump.com/90610/o/138047,2025-04-27 00:00:00.000,
140772,2025-08-04 18:57:37.473,2025-08-04 18:57:37.473,90254,https://c.cfjump.com/Avatars/3cd93739-c5e1-442c-9b47-c8c0ab145405.png,BLUETTI AU,🚀Be First! Apex 300 at Launch Price + Extra 10% OFF with APEXAFF10,Valid until the end of September,https://t.cfjump.com/90610/o/140772,2025-08-01 00:00:00.000,2025-09-30 23:59:59.000
140773,2025-08-04 19:19:37.770,2025-08-04 19:19:37.770,90254,https://c.cfjump.com/Avatars/3cd93739-c5e1-442c-9b47-c8c0ab145405.png,BLUETTI AU,"🔥Power up with the new APEX 300 + B300K — just $4,998 now, plus 10% OFF for a limited time!",Valid until the end of September,https://t.cfjump.com/90610/o/140773,2025-08-01 00:00:00.000,2025-09-30 23:59:59.000
34890,2017-11-28 11:34:29.300,2017-11-28 11:34:29.300,50889,https://c.cfjump.com/Avatars/ae3499e1-01f9-464f-b1ab-528c0175bded.png,Bondi Smile Australia,Afterpay Available,Afterpay available on all orders,https://t.cfjump.com/90610/o/34890,2017-11-28 00:00:00.000,
34891,2017-11-28 11:34:58.583,2017-11-28 11:34:58.583,50889,https://c.cfjump.com/Avatars/ae3499e1-01f9-464f-b1ab-528c0175bded.png,Bondi Smile Australia,Zippay Available,Zippay available on all orders,https://t.cfjump.com/90610/o/34891,2017-11-28 00:00:00.000,
117958,2023-11-22 15:17:48.077,2024-10-03 10:26:00.000,88387,https://c.cfjump.com/Avatars/b1b81889-f67e-4443-a0d5-a766a498368e.png,Bottle Stop,Earn points for every dollar you spend with Budclub,,https://t.cfjump.com/90610/o/117958,2023-11-22 00:00:00.000,
117963,2023-11-22 15:26:23.763,2024-10-03 10:26:00.000,88387,https://c.cfjump.com/Avatars/b1b81889-f67e-4443-a0d5-a766a498368e.png,Bottle Stop,Check out our latest promotions,,https://t.cfjump.com/90610/o/117963,2023-11-22 00:00:00.000,
22234,2017-03-15 16:11:25.083,2021-11-04 15:55:51.487,42884,https://c.cfjump.com/Avatars/77ce2803-fb01-4272-a2bb-f98e1407c01f.png,Brava Lingerie ,Free postage on all orders over $99 in Australia ,see website for full T&Cs ,https://t.cfjump.com/90610/o/22234,2017-03-15 00:00:00.000,
22235,2017-03-15 16:12:18.100,2024-10-04 16:20:27.867,42884,https://c.cfjump.com/Avatars/77ce2803-fb01-4272-a2bb-f98e1407c01f.png,Brava Lingerie ,Get a free $15 voucher when you sign up,see website for full T&Cs ,https://t.cfjump.com/90610/o/22235,2017-03-15 00:00:00.000,
28731,2017-06-29 14:54:27.877,2017-06-29 14:54:27.877,42884,https://c.cfjump.com/Avatars/77ce2803-fb01-4272-a2bb-f98e1407c01f.png,Brava Lingerie ,"Shop Now, Enjoy Now, Pay Later!","Afterpay now available for all Australian online customers, aged over 18 years.",https://t.cfjump.com/90610/o/28731,2017-06-29 00:00:00.000,
26879,2017-05-16 10:34:15.223,2024-10-04 16:21:01.430,42884,https://c.cfjump.com/Avatars/77ce2803-fb01-4272-a2bb-f98e1407c01f.png,Brava Lingerie ,Up to 60% off selected D+ Cup Lingerie,,https://t.cfjump.com/90610/o/26879,2017-05-16 00:00:00.000,
26880,2017-05-16 10:34:53.103,2017-06-29 14:53:36.540,42884,https://c.cfjump.com/Avatars/77ce2803-fb01-4272-a2bb-f98e1407c01f.png,Brava Lingerie ,Up to 50% off selected D+ Cup Swimwear,,https://t.cfjump.com/90610/o/26880,2017-05-16 00:00:00.000,
107478,2023-03-02 14:43:36.457,2024-12-11 12:37:29.387,64098,https://c.cfjump.com/Avatars/e1c4eb44-54c5-4c18-99bf-5743924be29e.png,Bright Star Kids,30% OFF Pencil Labels,"From $16.95, now only $11.95",https://t.cfjump.com/90610/o/107478,2023-03-02 00:00:00.000,
107567,2023-03-06 14:39:06.860,2024-12-11 12:13:56.853,64098,https://c.cfjump.com/Avatars/e1c4eb44-54c5-4c18-99bf-5743924be29e.png,Bright Star Kids,20% OFF Bag Tags,"Durable plastic Bag Tags, were $12.95 now only $9.95. ",https://t.cfjump.com/90610/o/107567,2023-03-06 00:00:00.000,
108817,2023-04-05 13:35:44.227,2024-12-11 12:26:26.293,64098,https://c.cfjump.com/Avatars/e1c4eb44-54c5-4c18-99bf-5743924be29e.png,Bright Star Kids,$5 OFF Baby Clothing,"Personalised Baby & Kid's Clothing was $29.95, prices now starting from $24.95.",https://t.cfjump.com/90610/o/108817,2023-04-05 00:00:00.000,
108818,2023-04-05 13:41:09.773,2024-12-11 12:14:48.167,64098,https://c.cfjump.com/Avatars/e1c4eb44-54c5-4c18-99bf-5743924be29e.png,Bright Star Kids,40% OFF Mini Bag Tag Twin Pack,Mini Bag Tag Twin Pack was $19.95 now only $11.95. ,https://t.cfjump.com/90610/o/108818,2023-04-05 00:00:00.000,
111522,2023-07-03 11:44:32.217,2024-12-23 09:35:36.580,64098,https://c.cfjump.com/Avatars/e1c4eb44-54c5-4c18-99bf-5743924be29e.png,Bright Star Kids,25% OFF Road Massage Men's T-Shirt,"From $29.95, now only $22.95. Save $7!",https://t.cfjump.com/90610/o/111522,2023-07-03 00:00:00.000,
111525,2023-07-03 12:08:10.323,2024-12-11 12:19:20.230,64098,https://c.cfjump.com/Avatars/e1c4eb44-54c5-4c18-99bf-5743924be29e.png,Bright Star Kids,20% OFF Beer Labels,"From $12.95, now only $9.95",https://t.cfjump.com/90610/o/111525,2023-07-03 00:00:00.000,
111736,2023-07-10 09:10:15.983,2024-10-15 21:09:32.363,64098,https://c.cfjump.com/Avatars/e1c4eb44-54c5-4c18-99bf-5743924be29e.png,Bright Star Kids,50% OFF Personalised Kids T-Shirts,"From $29.95, now for only $14.95. Save $15!",https://t.cfjump.com/90610/o/111736,2023-07-10 00:00:00.000,
111737,2023-07-10 09:12:57.653,2024-12-23 09:34:37.923,64098,https://c.cfjump.com/Avatars/e1c4eb44-54c5-4c18-99bf-5743924be29e.png,Bright Star Kids,25% OFF Personalised Adult T-Shirts,"From $29.95, now for only $22.95. Save $7!",https://t.cfjump.com/90610/o/111737,2023-07-10 00:00:00.000,
111740,2023-07-10 09:19:31.297,2024-12-23 09:31:03.737,64098,https://c.cfjump.com/Avatars/e1c4eb44-54c5-4c18-99bf-5743924be29e.png,Bright Star Kids,20% OFF Wine Labels,"From $12.95, now only $9.95",https://t.cfjump.com/90610/o/111740,2023-07-10 00:00:00.000,
114411,2023-09-04 12:54:44.217,2024-12-10 15:14:13.587,64098,https://c.cfjump.com/Avatars/e1c4eb44-54c5-4c18-99bf-5743924be29e.png,Bright Star Kids,25% OFF Notepads,"From $13.95, now only $9.95",https://t.cfjump.com/90610/o/114411,2023-08-25 00:00:00.000,
114414,2023-09-04 12:58:07.797,2024-12-23 09:40:25.597,64098,https://c.cfjump.com/Avatars/e1c4eb44-54c5-4c18-99bf-5743924be29e.png,Bright Star Kids,10% OFF Dry Erase Kids Routine Chart,"From $39.95, now for just $34.95 ",https://t.cfjump.com/90610/o/114414,2023-08-25 00:00:00.000,
114420,2023-09-04 13:02:04.093,2024-12-11 12:29:32.077,64098,https://c.cfjump.com/Avatars/e1c4eb44-54c5-4c18-99bf-5743924be29e.png,Bright Star Kids,Lunch Bags at $34.95,,https://t.cfjump.com/90610/o/114420,2023-08-25 00:00:00.000,
114422,2023-09-04 13:03:05.127,2024-12-23 09:39:18.347,64098,https://c.cfjump.com/Avatars/e1c4eb44-54c5-4c18-99bf-5743924be29e.png,Bright Star Kids,35% OFF Bento Lunch Box,"From $34.95, now only $22.95
",https://t.cfjump.com/90610/o/114422,2023-08-25 00:00:00.000,
114426,2023-09-04 13:04:21.143,2024-12-11 13:03:54.330,64098,https://c.cfjump.com/Avatars/e1c4eb44-54c5-4c18-99bf-5743924be29e.png,Bright Star Kids,40% OFF Stubby Holders,"From $19.95, now only $11.95",https://t.cfjump.com/90610/o/114426,2023-08-25 00:00:00.000,
114427,2023-09-04 13:04:47.110,2024-12-11 12:25:35.560,64098,https://c.cfjump.com/Avatars/e1c4eb44-54c5-4c18-99bf-5743924be29e.png,Bright Star Kids,50% OFF Kids T-Shirts,"From $29.95, now only $14.95
",https://t.cfjump.com/90610/o/114427,2023-08-25 00:00:00.000,
114431,2023-09-04 13:06:27.767,2024-12-10 14:58:10.780,64098,https://c.cfjump.com/Avatars/e1c4eb44-54c5-4c18-99bf-5743924be29e.png,Bright Star Kids,$5 OFF Dry Erase Family Planners,"From $39.95, now for only $34.95. Save $5!",https://t.cfjump.com/90610/o/114431,2023-08-25 00:00:00.000,
114433,2023-09-04 13:07:14.173,2024-10-15 20:40:12.060,64098,https://c.cfjump.com/Avatars/e1c4eb44-54c5-4c18-99bf-5743924be29e.png,Bright Star Kids,Designer Essential Labels Value Kit at $30,"From $84.65, now only $30. ",https://t.cfjump.com/90610/o/114433,2023-08-25 00:00:00.000,
114436,2023-09-04 13:08:30.660,2024-12-10 15:15:32.383,64098,https://c.cfjump.com/Avatars/e1c4eb44-54c5-4c18-99bf-5743924be29e.png,Bright Star Kids,60% OFF Teacher Labels Value Kit,"From $72.95, now for just $29.95. Save $43!",https://t.cfjump.com/90610/o/114436,2023-08-25 00:00:00.000,
114437,2023-09-04 13:09:07.270,2024-10-15 21:29:06.403,64098,https://c.cfjump.com/Avatars/e1c4eb44-54c5-4c18-99bf-5743924be29e.png,Bright Star Kids,65% OFF Plain Labels Value Kit,"From $84.35, now for only $30.",https://t.cfjump.com/90610/o/114437,2023-08-25 00:00:00.000,
114440,2023-09-04 13:11:03.957,2024-12-11 13:30:13.510,64098,https://c.cfjump.com/Avatars/e1c4eb44-54c5-4c18-99bf-5743924be29e.png,Bright Star Kids,15% OFF Wrap & Stick Clothing Labels,"From $19.95, now only $16.95",https://t.cfjump.com/90610/o/114440,2023-08-25 00:00:00.000,
114442,2023-09-04 13:11:56.130,2024-10-15 21:37:06.770,64098,https://c.cfjump.com/Avatars/e1c4eb44-54c5-4c18-99bf-5743924be29e.png,Bright Star Kids,65% OFF Essential Labels Value Kit,"From $84.65, now for only $30.00.",https://t.cfjump.com/90610/o/114442,2023-08-25 00:00:00.000,
114443,2023-09-04 13:12:31.050,2024-12-11 13:29:16.743,64098,https://c.cfjump.com/Avatars/e1c4eb44-54c5-4c18-99bf-5743924be29e.png,Bright Star Kids,15% OFF Small Name Labels,"From $19.95, now only $16.95",https://t.cfjump.com/90610/o/114443,2023-08-25 00:00:00.000,
114444,2023-09-04 13:13:46.600,2024-10-15 20:38:48.420,64098,https://c.cfjump.com/Avatars/e1c4eb44-54c5-4c18-99bf-5743924be29e.png,Bright Star Kids,Daycare Labels Value Kit at $40,"From $174.25, now for only $40.00",https://t.cfjump.com/90610/o/114444,2023-08-25 00:00:00.000,
114448,2023-09-04 13:19:34.960,2024-10-15 21:00:53.720,64098,https://c.cfjump.com/Avatars/e1c4eb44-54c5-4c18-99bf-5743924be29e.png,Bright Star Kids,20% OFF Lunch Box Labels,"From $12.95, now for only $9.95. Save $3!",https://t.cfjump.com/90610/o/114448,2023-08-25 00:00:00.000,
114449,2023-09-04 13:20:27.117,2024-12-11 12:35:12.653,64098,https://c.cfjump.com/Avatars/e1c4eb44-54c5-4c18-99bf-5743924be29e.png,Bright Star Kids,25% OFF Shopping List Notepads,"From $13.95, now only $9.95",https://t.cfjump.com/90610/o/114449,2023-08-25 00:00:00.000,
114451,2023-09-04 13:21:14.570,2024-06-28 10:19:54.107,64098,https://c.cfjump.com/Avatars/e1c4eb44-54c5-4c18-99bf-5743924be29e.png,Bright Star Kids,Designer Preschool & Kindy Labels Value Kit at $35,,https://t.cfjump.com/90610/o/114451,2023-08-25 00:00:00.000,
114452,2023-09-04 13:21:55.977,2024-10-15 21:41:31.490,64098,https://c.cfjump.com/Avatars/e1c4eb44-54c5-4c18-99bf-5743924be29e.png,Bright Star Kids,20% OFF Tote Library Bags,"From $29.95, now for only $24.95.",https://t.cfjump.com/90610/o/114452,2023-08-25 00:00:00.000,
114454,2023-09-04 13:22:26.087,2024-10-15 21:38:14.533,64098,https://c.cfjump.com/Avatars/e1c4eb44-54c5-4c18-99bf-5743924be29e.png,Bright Star Kids,75% OFF Preschool & Kindy Labels Value Kit,"From $154.35, now for only $35.00!",https://t.cfjump.com/90610/o/114454,2023-08-25 00:00:00.000,
114458,2023-09-04 13:25:16.087,2024-12-10 15:00:02.873,64098,https://c.cfjump.com/Avatars/e1c4eb44-54c5-4c18-99bf-5743924be29e.png,Bright Star Kids,$2 OFF Personalised Sketchpads,"From $14.95, now for only $12.95",https://t.cfjump.com/90610/o/114458,2023-08-25 00:00:00.000,
114464,2023-09-04 13:31:32.107,2024-12-11 13:25:46.363,64098,https://c.cfjump.com/Avatars/e1c4eb44-54c5-4c18-99bf-5743924be29e.png,Bright Star Kids,$5 OFF Tote Bags,"From $29.95, now only $24.95",https://t.cfjump.com/90610/o/114464,2023-08-25 00:00:00.000,
114466,2023-09-04 13:32:37.530,2024-10-15 20:52:19.680,64098,https://c.cfjump.com/Avatars/e1c4eb44-54c5-4c18-99bf-5743924be29e.png,Bright Star Kids,20% OFF Personalised Tea Towels,"From $24.95, now for only $19.95. Save $5!",https://t.cfjump.com/90610/o/114466,2023-08-25 00:00:00.000,
115309,2023-09-29 08:44:03.210,2024-12-11 12:22:50.917,64098,https://c.cfjump.com/Avatars/e1c4eb44-54c5-4c18-99bf-5743924be29e.png,Bright Star Kids,Free shipping is on orders over $80,,https://t.cfjump.com/90610/o/115309,2023-09-29 00:00:00.000,
115310,2023-09-29 08:45:54.210,2023-09-29 08:45:54.210,64098,https://c.cfjump.com/Avatars/e1c4eb44-54c5-4c18-99bf-5743924be29e.png,Bright Star Kids,Shop Best Seller - NAME LABELS,,https://t.cfjump.com/90610/o/115310,2023-09-29 00:00:00.000,
115311,2023-09-29 08:46:30.603,2023-09-29 08:46:30.603,64098,https://c.cfjump.com/Avatars/e1c4eb44-54c5-4c18-99bf-5743924be29e.png,Bright Star Kids,Shop Best Seller Daycare Designer Label Kit,,https://t.cfjump.com/90610/o/115311,2023-09-29 00:00:00.000,
115312,2023-09-29 08:46:56.243,2023-09-29 08:46:56.243,64098,https://c.cfjump.com/Avatars/e1c4eb44-54c5-4c18-99bf-5743924be29e.png,Bright Star Kids,Shop Best Seller School Label Kits,,https://t.cfjump.com/90610/o/115312,2023-09-29 00:00:00.000,
116834,2023-11-03 06:18:43.193,2024-12-10 15:21:05.820,64098,https://c.cfjump.com/Avatars/e1c4eb44-54c5-4c18-99bf-5743924be29e.png,Bright Star Kids,75% OFF Daycare Name Labels,"From $174.25, now only $40.00",https://t.cfjump.com/90610/o/116834,2023-11-02 00:00:00.000,
116835,2023-11-03 06:19:30.523,2024-12-10 15:22:24.387,64098,https://c.cfjump.com/Avatars/e1c4eb44-54c5-4c18-99bf-5743924be29e.png,Bright Star Kids,75% OFF School Name Labels,"From $164.35, now only $40.00",https://t.cfjump.com/90610/o/116835,2023-11-02 00:00:00.000,
120659,2024-01-04 18:50:08.513,2024-10-15 19:37:42.860,64098,https://c.cfjump.com/Avatars/e1c4eb44-54c5-4c18-99bf-5743924be29e.png,Bright Star Kids,$10 OFF Kid's Backpack,"personalized kids backpacks were $59.95 now only $49.95, save $10!",https://t.cfjump.com/90610/o/120659,2024-01-04 00:00:00.000,
120660,2024-01-04 18:55:43.360,2024-10-15 21:23:59.450,64098,https://c.cfjump.com/Avatars/e1c4eb44-54c5-4c18-99bf-5743924be29e.png,Bright Star Kids,40% OFF First Day Signs,"From $24.95, now for only $14.95",https://t.cfjump.com/90610/o/120660,2024-01-04 00:00:00.000,
120661,2024-01-04 19:13:41.603,2024-12-10 14:43:39.073,64098,https://c.cfjump.com/Avatars/e1c4eb44-54c5-4c18-99bf-5743924be29e.png,Bright Star Kids,$5 OFF on Kid's Swim Bags,"Kid's swim bag were $44.95, now only $39.95",https://t.cfjump.com/90610/o/120661,2024-01-04 00:00:00.000,
120663,2024-01-04 19:26:02.597,2024-12-11 12:30:24.590,64098,https://c.cfjump.com/Avatars/e1c4eb44-54c5-4c18-99bf-5743924be29e.png,Bright Star Kids,$5 OFF Lunch Bags,"From $39.95, now for only $29.95",https://t.cfjump.com/90610/o/120663,2024-01-04 00:00:00.000,
120664,2024-01-04 19:43:14.827,2024-12-11 12:50:58.157,64098,https://c.cfjump.com/Avatars/e1c4eb44-54c5-4c18-99bf-5743924be29e.png,Bright Star Kids,Save $5 on Daycare Drink Bottles,"Daycare drink bottles were $29.95 now only $24.95, save $5 ",https://t.cfjump.com/90610/o/120664,2024-01-04 00:00:00.000,
120670,2024-01-05 15:44:42.183,2024-10-15 20:37:41.763,64098,https://c.cfjump.com/Avatars/e1c4eb44-54c5-4c18-99bf-5743924be29e.png,Bright Star Kids,15% OFF Iron On Labels Value Kit,"From $29.90, now only $24.95",https://t.cfjump.com/90610/o/120670,2024-01-05 00:00:00.000,
120671,2024-01-05 15:47:32.560,2024-10-15 20:31:31.083,64098,https://c.cfjump.com/Avatars/e1c4eb44-54c5-4c18-99bf-5743924be29e.png,Bright Star Kids,25% OFF Small Metal Drink Bottles,"From $39.95, now only $29.95. Save $10!",https://t.cfjump.com/90610/o/120671,2024-01-05 00:00:00.000,
120673,2024-01-05 15:50:58.827,2024-06-28 10:20:39.657,64098,https://c.cfjump.com/Avatars/e1c4eb44-54c5-4c18-99bf-5743924be29e.png,Bright Star Kids,15% OFF Designer Small Name Labels,Designer Small Name Labels were $19.95 now only $16.95,https://t.cfjump.com/90610/o/120673,2024-01-05 00:00:00.000,
120677,2024-01-05 16:08:57.947,2024-10-15 21:39:03.520,64098,https://c.cfjump.com/Avatars/e1c4eb44-54c5-4c18-99bf-5743924be29e.png,Bright Star Kids,70% off Ultimate Sticker Labels Kit,"From $204.15, now for only $60.00!",https://t.cfjump.com/90610/o/120677,2024-01-05 00:00:00.000,
130254,2024-10-15 19:33:48.247,2024-12-23 09:22:55.487,64098,https://c.cfjump.com/Avatars/e1c4eb44-54c5-4c18-99bf-5743924be29e.png,Bright Star Kids,$10 OFF Large Metal Drink Bottles,"From $44.95, now for only $34.95",https://t.cfjump.com/90610/o/130254,2024-10-15 00:00:00.000,
130255,2024-10-15 19:38:53.547,2024-10-15 19:38:53.547,64098,https://c.cfjump.com/Avatars/e1c4eb44-54c5-4c18-99bf-5743924be29e.png,Bright Star Kids,15% OFF Teacher Lanyards,"From $11.95, now for only $9.95",https://t.cfjump.com/90610/o/130255,2024-10-15 00:00:00.000,
130256,2024-10-15 19:40:22.297,2024-10-15 19:40:22.297,64098,https://c.cfjump.com/Avatars/e1c4eb44-54c5-4c18-99bf-5743924be29e.png,Bright Star Kids,40% OFF Colouring Pencil Tins,"From $24.95, now only $14.95",https://t.cfjump.com/90610/o/130256,2024-10-15 00:00:00.000,
130257,2024-10-15 19:41:45.110,2024-10-15 19:41:45.110,64098,https://c.cfjump.com/Avatars/e1c4eb44-54c5-4c18-99bf-5743924be29e.png,Bright Star Kids,15% OFF Tote Bags,"From $29.95, now for only $24.95.",https://t.cfjump.com/90610/o/130257,2024-10-15 00:00:00.000,
130258,2024-10-15 19:45:15.753,2024-10-15 19:45:15.753,64098,https://c.cfjump.com/Avatars/e1c4eb44-54c5-4c18-99bf-5743924be29e.png,Bright Star Kids,20% OFF Pencil Cases,"From $24.95, now for only $19.95",https://t.cfjump.com/90610/o/130258,2024-10-15 00:00:00.000,
130260,2024-10-15 19:47:57.630,2024-12-10 15:09:46.380,64098,https://c.cfjump.com/Avatars/e1c4eb44-54c5-4c18-99bf-5743924be29e.png,Bright Star Kids,$5 OFF Personalised Jigsaw Puzzles,"From $$29.95, now for only $24.95",https://t.cfjump.com/90610/o/130260,2024-10-15 00:00:00.000,
130262,2024-10-15 19:53:06.603,2024-10-15 19:53:06.603,64098,https://c.cfjump.com/Avatars/e1c4eb44-54c5-4c18-99bf-5743924be29e.png,Bright Star Kids,60% OFF Personalised Teacher Stickers,"From $12.95, now for only $4.95",https://t.cfjump.com/90610/o/130262,2024-10-15 00:00:00.000,
130263,2024-10-15 19:54:47.683,2024-10-15 19:54:47.683,64098,https://c.cfjump.com/Avatars/e1c4eb44-54c5-4c18-99bf-5743924be29e.png,Bright Star Kids,20% OFF Classroom Signs,"From $24.95, now for just $19.95",https://t.cfjump.com/90610/o/130263,2024-10-15 00:00:00.000,
130265,2024-10-15 20:28:37.503,2024-12-10 15:11:59.803,64098,https://c.cfjump.com/Avatars/e1c4eb44-54c5-4c18-99bf-5743924be29e.png,Bright Star Kids,30% OFF Personalised Pillow Cases,"From $29.95, now for only $19.95. Save $15!",https://t.cfjump.com/90610/o/130265,2024-10-15 00:00:00.000,
130266,2024-10-15 20:30:09.440,2024-10-15 20:30:09.440,64098,https://c.cfjump.com/Avatars/e1c4eb44-54c5-4c18-99bf-5743924be29e.png,Bright Star Kids,10% OFF Personalised Door Signs,"From $24.95, now for only $22.95. Save $2!",https://t.cfjump.com/90610/o/130266,2024-10-15 00:00:00.000,
130267,2024-10-15 20:57:20.123,2024-10-15 20:57:20.123,64098,https://c.cfjump.com/Avatars/e1c4eb44-54c5-4c18-99bf-5743924be29e.png,Bright Star Kids,40% OFF Personalised Coasters,"From $14.95, now for only $8.95. Save $6!",https://t.cfjump.com/90610/o/130267,2024-10-15 00:00:00.000,
130268,2024-10-15 20:58:49.827,2024-12-10 14:45:53.433,64098,https://c.cfjump.com/Avatars/e1c4eb44-54c5-4c18-99bf-5743924be29e.png,Bright Star Kids,$19 OFF Backpack & Lunch Bag Combo,"From $99.90, now for only $80.",https://t.cfjump.com/90610/o/130268,2024-10-15 00:00:00.000,
130270,2024-10-15 21:08:03.630,2024-10-15 21:08:03.630,64098,https://c.cfjump.com/Avatars/e1c4eb44-54c5-4c18-99bf-5743924be29e.png,Bright Star Kids,$10 OFF Personalised Adult Aprons,"From $39.95, now for only $29.95",https://t.cfjump.com/90610/o/130270,2024-10-15 00:00:00.000,
130271,2024-10-15 21:10:35.240,2024-10-15 21:10:35.240,64098,https://c.cfjump.com/Avatars/e1c4eb44-54c5-4c18-99bf-5743924be29e.png,Bright Star Kids,50% OFF Personalised Cushion Covers,"From $29.95, now for only $14.95. Save $15!",https://t.cfjump.com/90610/o/130271,2024-10-15 00:00:00.000,
130272,2024-10-15 21:11:35.210,2024-10-15 21:11:35.210,64098,https://c.cfjump.com/Avatars/e1c4eb44-54c5-4c18-99bf-5743924be29e.png,Bright Star Kids,$10 OFF Personalised BBQ Aprons,"From $39.95, now for only $29.95",https://t.cfjump.com/90610/o/130272,2024-10-15 00:00:00.000,
130273,2024-10-15 21:16:29.383,2024-10-15 21:16:29.383,64098,https://c.cfjump.com/Avatars/e1c4eb44-54c5-4c18-99bf-5743924be29e.png,Bright Star Kids,15% OFF Personalised Baby Onesies,"From $29.95, now for only $24.95. Save $5!",https://t.cfjump.com/90610/o/130273,2024-10-15 00:00:00.000,
130274,2024-10-15 21:25:03.307,2024-10-15 21:25:03.307,64098,https://c.cfjump.com/Avatars/e1c4eb44-54c5-4c18-99bf-5743924be29e.png,Bright Star Kids,25% OFF Best Dad Activity Booklet,"From $19.95, now for only $14.95 ",https://t.cfjump.com/90610/o/130274,2024-10-15 00:00:00.000,
130275,2024-10-15 21:26:20.450,2024-10-15 21:26:20.450,64098,https://c.cfjump.com/Avatars/e1c4eb44-54c5-4c18-99bf-5743924be29e.png,Bright Star Kids,50% OFF Best Dad Activity Card,"From $14.95, now for only $7.95",https://t.cfjump.com/90610/o/130275,2024-10-15 00:00:00.000,
130276,2024-10-15 21:30:27.563,2024-10-15 21:30:27.563,64098,https://c.cfjump.com/Avatars/e1c4eb44-54c5-4c18-99bf-5743924be29e.png,Bright Star Kids,75% OFF School Name Labels Value Kit,"From $$164.35, now for only $40.00",https://t.cfjump.com/90610/o/130276,2024-10-15 00:00:00.000,
130277,2024-10-15 21:32:09.313,2024-10-15 21:32:09.313,64098,https://c.cfjump.com/Avatars/e1c4eb44-54c5-4c18-99bf-5743924be29e.png,Bright Star Kids,50% OFF ABC & Numbers Activity Book Pack,"From $59.85, now for only $29.90.",https://t.cfjump.com/90610/o/130277,2024-10-15 00:00:00.000,
130278,2024-10-15 21:32:54.877,2024-10-15 21:32:54.877,64098,https://c.cfjump.com/Avatars/e1c4eb44-54c5-4c18-99bf-5743924be29e.png,Bright Star Kids,50% OFF Magical Adventure Book Pack,"From 59.85, now for just $29.90.",https://t.cfjump.com/90610/o/130278,2024-10-15 00:00:00.000,
130279,2024-10-15 21:33:52.360,2024-10-15 21:33:52.360,64098,https://c.cfjump.com/Avatars/e1c4eb44-54c5-4c18-99bf-5743924be29e.png,Bright Star Kids,50% OFF Roaring Adventure Book Pack,"From $59.85, now for just $29.90!",https://t.cfjump.com/90610/o/130279,2024-10-15 00:00:00.000,
130280,2024-10-15 21:35:25.550,2024-10-15 21:35:25.550,64098,https://c.cfjump.com/Avatars/e1c4eb44-54c5-4c18-99bf-5743924be29e.png,Bright Star Kids,25% OFF Little Labels Combo Pack,"From $19.90, now for only $14.95.",https://t.cfjump.com/90610/o/130280,2024-10-15 00:00:00.000,
130281,2024-10-15 21:42:38.613,2024-10-15 21:42:38.613,64098,https://c.cfjump.com/Avatars/e1c4eb44-54c5-4c18-99bf-5743924be29e.png,Bright Star Kids,65% OFF Children's Face Masks,"From $19.95, now for only $7.95!",https://t.cfjump.com/90610/o/130281,2024-10-15 00:00:00.000,
108733,2023-04-04 10:17:42.073,2023-04-04 10:17:42.073,84419,https://c.cfjump.com/Avatars/84625a36-dddc-4502-97ae-75b88bb3a481.png,Brooks Running,Free Shipping on all orders above $50. Australia wide!,,https://t.cfjump.com/90610/o/108733,2023-04-04 00:00:00.000,
112325,2023-07-28 13:00:04.277,2023-07-28 13:00:04.277,84419,https://c.cfjump.com/Avatars/84625a36-dddc-4502-97ae-75b88bb3a481.png,Brooks Running,30% off BROOKS Jackets with code 'JACKETS',30% off all Full Price Jackets. Enter the code 'JACKETS' at checkout to activate the offer. Not valid in conjunction with other offers. ,https://t.cfjump.com/90610/o/112325,2023-07-28 00:00:00.000,
95784,2022-04-21 15:45:09.103,2022-04-21 15:45:09.103,75880,https://c.cfjump.com/Avatars/12f9ff08-00c6-4409-9a7a-73e5d1d512c0.png,Casey's Toys,Casey's Toys - Our Famous Specials,,https://t.cfjump.com/90610/o/95784,2022-04-21 00:00:00.000,
114385,2023-09-04 10:39:59.617,2023-09-04 10:39:59.617,75880,https://c.cfjump.com/Avatars/12f9ff08-00c6-4409-9a7a-73e5d1d512c0.png,Casey's Toys,Lowest Price on Furby,"Head into Casey’s Toys for a dose of 90s nostalgia. Furby is back! And you’ll find him for the best price at Casey’s Toys.

The new Furby has quite the makeover, as cute as can be, with over 600 reactions and it’s own styling accessories too, it’s sure to be on every wish list for Christmas. Available online now.
",https://t.cfjump.com/90610/o/114385,2023-09-04 00:00:00.000,
125194,2024-05-13 18:15:08.913,2024-05-13 18:15:08.913,89551,https://c.cfjump.com/Avatars/42ffcc03-efe0-4c67-a139-96a19229db8d.png,CEMÔY,"LUMINOUS, YOUTHFUL-LOOKING EYES",,https://t.cfjump.com/90610/o/125194,2024-05-13 00:00:00.000,
125195,2024-05-13 18:15:33.100,2024-05-13 18:15:33.100,89551,https://c.cfjump.com/Avatars/42ffcc03-efe0-4c67-a139-96a19229db8d.png,CEMÔY,LUXURY SPF,,https://t.cfjump.com/90610/o/125195,2024-05-13 00:00:00.000,
125196,2024-05-13 18:16:01.507,2024-05-13 18:16:01.507,89551,https://c.cfjump.com/Avatars/42ffcc03-efe0-4c67-a139-96a19229db8d.png,CEMÔY,The Lumen Series,,https://t.cfjump.com/90610/o/125196,2024-05-13 00:00:00.000,
125197,2024-05-13 18:16:11.770,2024-05-13 18:16:11.770,89551,https://c.cfjump.com/Avatars/42ffcc03-efe0-4c67-a139-96a19229db8d.png,CEMÔY,Orbital Prestige Series,,https://t.cfjump.com/90610/o/125197,2024-05-13 00:00:00.000,
125198,2024-05-13 18:16:21.100,2024-05-13 18:16:21.100,89551,https://c.cfjump.com/Avatars/42ffcc03-efe0-4c67-a139-96a19229db8d.png,CEMÔY,Specialty Products,,https://t.cfjump.com/90610/o/125198,2024-05-13 00:00:00.000,
125199,2024-05-13 18:16:31.740,2024-05-13 18:16:31.740,89551,https://c.cfjump.com/Avatars/42ffcc03-efe0-4c67-a139-96a19229db8d.png,CEMÔY,21 Day Series,,https://t.cfjump.com/90610/o/125199,2024-05-13 00:00:00.000,
125200,2024-05-13 18:16:42.223,2024-05-13 18:16:42.223,89551,https://c.cfjump.com/Avatars/42ffcc03-efe0-4c67-a139-96a19229db8d.png,CEMÔY,Mask Collection,,https://t.cfjump.com/90610/o/125200,2024-05-13 00:00:00.000,
125201,2024-05-13 18:16:52.427,2024-05-13 18:16:52.427,89551,https://c.cfjump.com/Avatars/42ffcc03-efe0-4c67-a139-96a19229db8d.png,CEMÔY,Gift Kits,,https://t.cfjump.com/90610/o/125201,2024-05-13 00:00:00.000,
45151,2018-08-07 15:19:51.347,2019-06-26 13:42:20.597,59501,https://c.cfjump.com/Avatars/0e21d116-cfda-48cc-837b-fce3d853b17d.png,Cherub Baby Australia,FREE SHIPPING OVER $50,,https://t.cfjump.com/90610/o/45151,2018-08-07 00:00:00.000,
45152,2018-08-07 15:20:16.443,2018-08-07 15:20:16.443,59501,https://c.cfjump.com/Avatars/0e21d116-cfda-48cc-837b-fce3d853b17d.png,Cherub Baby Australia,Subscribe AND GET 10% OFF!,,https://t.cfjump.com/90610/o/45152,2018-08-07 00:00:00.000,
35797,2017-12-18 19:49:24.317,2017-12-20 18:53:19.527,49287,https://c.cfjump.com/Avatars/5ec481f8-9c71-442f-9bf8-74a10603c379.png,ChicMe,Holiday sales 45% off sitewide ,No need to use promocode. There is no minimum order value. The promotion is available for all customers of the store.,https://t.cfjump.com/90610/o/35797,2017-12-18 00:00:00.000,
36105,2017-12-27 19:26:57.350,2017-12-27 19:26:57.350,49287,https://c.cfjump.com/Avatars/5ec481f8-9c71-442f-9bf8-74a10603c379.png,ChicMe,"perfect dress,upto 80% off ","dress,upto 80% off+Free shipping ",https://t.cfjump.com/90610/o/36105,2017-12-27 00:00:00.000,
46173,2018-08-28 16:42:30.130,2018-08-28 16:42:30.130,49287,https://c.cfjump.com/Avatars/5ec481f8-9c71-442f-9bf8-74a10603c379.png,ChicMe,"New Terms begins,Up to 55% off,Free Shipping","New Terms begins,Up to 55% off,Free Shipping,<link>Shop Now</link>!",https://t.cfjump.com/90610/o/46173,2018-08-28 00:00:00.000,
46327,2018-08-30 17:18:02.987,2018-08-30 17:18:02.987,49287,https://c.cfjump.com/Avatars/5ec481f8-9c71-442f-9bf8-74a10603c379.png,ChicMe,"Shining your evening,Up to 60% off,Shop Now!","Shining your evening,Up to 60% off,<link>Shop Now</link>!",https://t.cfjump.com/90610/o/46327,2018-08-30 00:00:00.000,
46529,2018-09-04 15:56:12.343,2018-09-04 15:56:12.343,49287,https://c.cfjump.com/Avatars/5ec481f8-9c71-442f-9bf8-74a10603c379.png,ChicMe,"Way to define the bottom,Up to 55% off,Shop Now!","Way to define the bottom,Up to 55% off+Free Shipping,<link>Shop Now</link>!",https://t.cfjump.com/90610/o/46529,2018-09-04 00:00:00.000,
46596,2018-09-05 17:24:45.553,2018-09-05 17:24:45.553,49287,https://c.cfjump.com/Avatars/5ec481f8-9c71-442f-9bf8-74a10603c379.png,ChicMe,"Way to define the top,Up to 55% off,Shop Now!","Way to define the top,Up to 55% off+Free Shipping,<link>Shop Now</link>!",https://t.cfjump.com/90610/o/46596,2018-09-05 00:00:00.000,
46847,2018-09-11 17:54:18.387,2018-09-11 17:54:18.387,49287,https://c.cfjump.com/Avatars/5ec481f8-9c71-442f-9bf8-74a10603c379.png,ChicMe,"Midi Dress Appealing,Up to 60% off,Shake your body","Midi Dress Appealing,Up to 60% off,Shake your body,<link>Shop Now</link>!",https://t.cfjump.com/90610/o/46847,2018-09-11 00:00:00.000,
46902,2018-09-12 19:12:30.593,2018-09-12 19:12:30.593,49287,https://c.cfjump.com/Avatars/5ec481f8-9c71-442f-9bf8-74a10603c379.png,ChicMe,"Choose Your Suitable Sets,Up to 60% off,Shop the Exclusive!","Choose Your Suitable Sets,Up to 60% off+Free Shipping,<link>Shop the Exclusive</link>!",https://t.cfjump.com/90610/o/46902,2018-09-12 00:00:00.000,
47143,2018-09-19 17:48:28.913,2018-09-19 17:48:28.913,49287,https://c.cfjump.com/Avatars/5ec481f8-9c71-442f-9bf8-74a10603c379.png,ChicMe,"Bring A Romantic Night For You,Up to 60% off,Shop Your Dress!","Bring A Romantic Night For You,From 50% off,Up to 60% off sitewide+Free Shipping,<link>Shop Your Dress</link>!",https://t.cfjump.com/90610/o/47143,2018-09-19 00:00:00.000,
47144,2018-09-19 17:50:51.183,2018-09-19 17:50:51.183,49287,https://c.cfjump.com/Avatars/5ec481f8-9c71-442f-9bf8-74a10603c379.png,ChicMe,"Shining Your Night,Up to 60% off,Shop the trendy!","Shining Your Night,From 50% off,Up to 60% off sitewide+Free Shipping,<link>Shop the trendy</link>!",https://t.cfjump.com/90610/o/47144,2018-09-19 00:00:00.000,
47657,2018-10-05 21:58:37.733,2018-10-05 22:01:36.897,49287,https://c.cfjump.com/Avatars/5ec481f8-9c71-442f-9bf8-74a10603c379.png,ChicMe,"Pick Up Your Autumn Style ,Up to 55% off，Shop the new!","Pick Up Your Autumn Style ,Up to 55% off+Free Shipping,<link>Shop the new</link>!",https://t.cfjump.com/90610/o/47657,2018-10-05 00:00:00.000,
50873,2018-12-17 21:20:16.620,2018-12-18 13:45:38.020,49287,https://c.cfjump.com/Avatars/5ec481f8-9c71-442f-9bf8-74a10603c379.png,ChicMe,TOP ALL UNDER $15.99,TOP ALL UNDER $15.99<link> shop now </link>,https://t.cfjump.com/90610/o/50873,2018-12-17 00:00:00.000,
50947,2018-12-18 13:51:50.097,2018-12-18 13:51:50.097,49287,https://c.cfjump.com/Avatars/5ec481f8-9c71-442f-9bf8-74a10603c379.png,ChicMe,DRESS ALL UNDER $15.99,"DRESS ALL UNDER $15.99,GREAT PRICE,<LINK>SHOP NOW </LINK>",https://t.cfjump.com/90610/o/50947,2018-12-18 00:00:00.000,
51432,2019-01-09 22:30:41.767,2019-01-09 22:30:41.767,49287,https://c.cfjump.com/Avatars/5ec481f8-9c71-442f-9bf8-74a10603c379.png,ChicMe,"PRINTED BLOUSE SALE,SITEWIDE 55% OFF,BEST DEAL,SURPEISE PRICE,BEST ITEM","PRINTED BLOUSE SALE,SITEWIDE 55% OFF,BEST DEAL,SURPEISE PRICE,BEST ITEM,<link>SHOP NOW</link>",https://t.cfjump.com/90610/o/51432,2019-01-09 00:00:00.000,
51468,2019-01-11 14:00:16.343,2019-01-11 14:00:16.343,49287,https://c.cfjump.com/Avatars/5ec481f8-9c71-442f-9bf8-74a10603c379.png,ChicMe,"NEW STYLES UP 60% OFF,BEST NEW PRODUCT,HURRY UP NOW","NEW STYLES UP 60% OFF,BEST NEW PRODUCT,HURRY UP,<LINK>SHOP NOW</LINK>",https://t.cfjump.com/90610/o/51468,2019-01-11 00:00:00.000,
51731,2019-01-22 21:56:43.617,2019-01-22 21:56:43.617,49287,https://c.cfjump.com/Avatars/5ec481f8-9c71-442f-9bf8-74a10603c379.png,ChicMe,"exclusive flash sale,up to 60% off","exclusive flash sale,up to 60% off,women best seller list,<link> shop now </link>",https://t.cfjump.com/90610/o/51731,2019-01-22 00:00:00.000,
52233,2019-02-09 13:25:13.173,2019-02-09 13:25:13.173,49287,https://c.cfjump.com/Avatars/5ec481f8-9c71-442f-9bf8-74a10603c379.png,ChicMe,"JUMPSUITS SALE,BEST SELLERS, SITEWIDE 55% OFF","JUMPSUITS SALE,BEST SELLERS,
SITEWIDE 55% OFF.<link> shop now </link>
",https://t.cfjump.com/90610/o/52233,2019-02-09 00:00:00.000,
52235,2019-02-09 13:30:55.850,2019-02-09 13:30:55.850,49287,https://c.cfjump.com/Avatars/5ec481f8-9c71-442f-9bf8-74a10603c379.png,ChicMe,"ship within 24hours in this collecton,MUST-BUY ITEM,","ship within 24hours in this collecton,MUST-BUY ITEM,<link> shop now </link>",https://t.cfjump.com/90610/o/52235,2019-02-09 00:00:00.000,
52890,2019-03-04 19:34:59.193,2019-03-04 19:34:59.193,49287,https://c.cfjump.com/Avatars/5ec481f8-9c71-442f-9bf8-74a10603c379.png,ChicMe,Exclusive PayPal Offer For Chicme,"Exclusive PayPal Offer,9 dollars off for 99 dollars,7 dollars for 79 dollars,4 dollars for 49 dollars,Fast Shipping worldwide,<link>Shop Now</link>!",https://t.cfjump.com/90610/o/52890,2019-03-04 00:00:00.000,
54243,2019-04-19 19:17:51.190,2019-04-19 19:18:23.050,49287,https://c.cfjump.com/Avatars/5ec481f8-9c71-442f-9bf8-74a10603c379.png,ChicMe,"Easter Big Sale Start,Extra 8% off Now,Join this Offer!","Easter Big Sale,Extra 8% off sitewide Based on Common Discount,Join this Offer Now,<LINK>Click Details</LINK>.",https://t.cfjump.com/90610/o/54243,2019-04-19 00:00:00.000,
54262,2019-04-22 18:22:58.683,2019-04-22 18:22:58.683,49287,https://c.cfjump.com/Avatars/5ec481f8-9c71-442f-9bf8-74a10603c379.png,ChicMe,"TOPS Wear Every Day Able,Get the Trend!","TOPS Wear Every Day Able,7% off $79,10% off $120,12% off $199,<LINK>Get the Trend</LINK>!",https://t.cfjump.com/90610/o/54262,2019-04-22 00:00:00.000,
54269,2019-04-22 20:47:34.423,2019-04-22 20:47:34.423,49287,https://c.cfjump.com/Avatars/5ec481f8-9c71-442f-9bf8-74a10603c379.png,ChicMe,"Dive In Styles,Low to $16.99,Pick Your Favorite!","Dive In Styles,Low to $16.99,58% off sitewide,<LINK>Pick Your Favorite</LINK>!",https://t.cfjump.com/90610/o/54269,2019-04-22 00:00:00.000,
54552,2019-05-03 18:40:45.677,2019-05-21 11:27:58.060,49287,https://c.cfjump.com/Avatars/5ec481f8-9c71-442f-9bf8-74a10603c379.png,ChicMe,"BUY 3 GET 1 FREE,DOWN TO $11.99,UP TO 62% OFF,WHY WAIT?","BUY 3 GET 1 FREE,DOWN TO $11.99,UP TO 62% OFF+FREE SHIPPING WORLDWIDE,<LINK>VIEW MORE</LINK>!",https://t.cfjump.com/90610/o/54552,2019-05-03 00:00:00.000,
54955,2019-05-20 17:18:36.403,2019-05-20 17:18:36.403,49287,https://c.cfjump.com/Avatars/5ec481f8-9c71-442f-9bf8-74a10603c379.png,ChicMe,"All Jumpsuit For Your Summer Wear,Down To US23.2 dollars,Up To 60% off Now","All Jumpsuit For Your Summer Wear,Down To US23.2 dollars,Up To 60% off Now,<link>View More</link>!",https://t.cfjump.com/90610/o/54955,2019-05-20 00:00:00.000,
54983,2019-05-21 12:32:55.963,2019-05-21 12:32:55.963,49287,https://c.cfjump.com/Avatars/5ec481f8-9c71-442f-9bf8-74a10603c379.png,ChicMe,"SHARE UP TO 50% OFF , GET $15,A BIG HIT FOR NEW MEMBER!","Share lucky draw with your friends who will get UP TO 50% OFF discount,And you'll get $15 when they make a purchase,the surprise for new customer,<link>View More</link>!",https://t.cfjump.com/90610/o/54983,2019-05-21 00:00:00.000,
55056,2019-05-22 15:35:57.200,2019-05-22 15:35:57.200,49287,https://c.cfjump.com/Avatars/5ec481f8-9c71-442f-9bf8-74a10603c379.png,ChicMe,"BUY 3 GET 1 FREE,Big Promotion Down To $11.99,UP TO 60% OFF,Update Your Wardrobe!","BUY 3 GET 1 FREE,Big Promotion Down To $11.99,UP TO 60% OFF,Update Your Wardrobe!Extra 10% off For New customer!<link>Shop Now</link>!",https://t.cfjump.com/90610/o/55056,2019-05-22 00:00:00.000,
55060,2019-05-22 18:32:48.520,2019-05-22 18:34:45.543,49287,https://c.cfjump.com/Avatars/5ec481f8-9c71-442f-9bf8-74a10603c379.png,ChicMe,"New Swimwear Appealing,Big Promotion Down To $17.99,UP TO 60% OFF,Discover More!","New Swimwear Appealing,Big Promotion Down To $17.99,UP TO 60% OFF,Free Shipping When Meet $59,Extra 10% off for New Customer!<link>Discover More</link>!",https://t.cfjump.com/90610/o/55060,2019-05-22 00:00:00.000,
55061,2019-05-22 18:37:24.080,2019-05-22 18:37:24.080,49287,https://c.cfjump.com/Avatars/5ec481f8-9c71-442f-9bf8-74a10603c379.png,ChicMe,"Casual Wearing Out Season,Start From $17.99,UP TO 65% OFF,View More!","Casual Wearing Out Season,Start From $17.99,UP TO 65% OFF,Free Shipping When Meet $59,Extra 10% off for New Customer!<link>View More</link>!",https://t.cfjump.com/90610/o/55061,2019-05-22 00:00:00.000,
55179,2019-05-28 11:19:15.087,2019-05-28 11:19:15.087,49287,https://c.cfjump.com/Avatars/5ec481f8-9c71-442f-9bf8-74a10603c379.png,ChicMe,"Holiday Specials Week,Start From $14.99,Extra 15% Off Bonus Sharing,Come And Buy!","Holiday Specials Week,Start From $14.99,Extra 15% Off Bonus Sharing,Come And <link>Buy</link>!",https://t.cfjump.com/90610/o/55179,2019-05-28 00:00:00.000,
55262,2019-05-29 17:24:27.630,2019-05-29 17:24:27.630,49287,https://c.cfjump.com/Avatars/5ec481f8-9c71-442f-9bf8-74a10603c379.png,ChicMe,"Pick Your Summer Gift,Swimwear Sale Start From US16.99 dollars,Up To 60% Off Sitewide,Meet Your Favorite!","Pick Your Summer Gift,Swimwear Sale Start From US16.99 dollars,Up To 60% Off Sitewide,Meet Your Favorite!<link>Shop Now</link>!",https://t.cfjump.com/90610/o/55262,2019-05-29 00:00:00.000,
55403,2019-06-04 16:49:35.760,2019-06-04 16:49:35.760,49287,https://c.cfjump.com/Avatars/5ec481f8-9c71-442f-9bf8-74a10603c379.png,ChicMe,"Office Style Gathering,Start At 21.99,Extra 15% Off For $59","Office Style Gathering,Start At $21.99,Extra 15% Off For $59+Free Shipping,<LINK>Shop Now</LINK>!",https://t.cfjump.com/90610/o/55403,2019-06-04 00:00:00.000,
55570,2019-06-11 17:07:32.503,2019-06-11 17:07:32.503,49287,https://c.cfjump.com/Avatars/5ec481f8-9c71-442f-9bf8-74a10603c379.png,ChicMe,"Best Sellers Of Tops,Start From $9.99,Join This Crazy Sale!","Best Sellers Of Tops,Start From $9.99+Free Shipping,Extra 15% Off For $59,Join This Crazy Sale!<LINK>SHOP LINK</LINK>!",https://t.cfjump.com/90610/o/55570,2019-06-11 00:00:00.000,
55945,2019-06-24 19:24:05.767,2019-06-24 19:24:05.767,49287,https://c.cfjump.com/Avatars/5ec481f8-9c71-442f-9bf8-74a10603c379.png,ChicMe,"For The Love Of New,Up To 60% Off Sitewide,Start At $15.99","For The Love Of New,Up To 60% Off Sitewide,Start At $15.99,Extra 7% For $79,10% Off For $120,12% Off For $199,<link>Shop Now</link>!",https://t.cfjump.com/90610/o/55945,2019-06-24 00:00:00.000,
56076,2019-07-01 18:42:17.123,2019-07-01 18:42:17.123,49287,https://c.cfjump.com/Avatars/5ec481f8-9c71-442f-9bf8-74a10603c379.png,ChicMe,"BUY 2 GET 15% OFF,Start At $15.99","BUY 2 GET 15% OFF,Start At $15.99+Free Shipping Worldwide,Up To 60% Off,<link>Shop Now</link>!",https://t.cfjump.com/90610/o/56076,2019-07-01 00:00:00.000,
56403,2019-07-15 17:21:40.217,2019-07-15 17:21:40.217,49287,https://c.cfjump.com/Avatars/5ec481f8-9c71-442f-9bf8-74a10603c379.png,ChicMe,"Simple Beauty,UP TO 60% OFF","Simple Beauty,UP TO 60% OFF,FREE SHIPPING ORDER OVER $59,$79+ 7% OFF, $120+ 10% OFF, $199+ 12% OFF,<LINK>Shop Now</LINK>!",https://t.cfjump.com/90610/o/56403,2019-07-15 00:00:00.000,
56404,2019-07-15 17:22:11.243,2019-07-15 17:22:11.243,49287,https://c.cfjump.com/Avatars/5ec481f8-9c71-442f-9bf8-74a10603c379.png,ChicMe,"Catch Your Eyes,From $15.99 TO $29.99","Catch Your Eyes,From $15.99 TO $29.99,55% Off sitewide,FREE SHIPPING ORDER OVER $59
$79+ 7% OFF, $120+ 10% OFF, $199+ 12% OFF,<LINK>Shop Now</LINK>!",https://t.cfjump.com/90610/o/56404,2019-07-15 00:00:00.000,
56405,2019-07-15 17:22:44.393,2019-07-15 17:22:44.393,49287,https://c.cfjump.com/Avatars/5ec481f8-9c71-442f-9bf8-74a10603c379.png,ChicMe,"Blue Rose For You,Up To 60% OFF","Blue Rose For You,Up To 60% OFF,FREE SHIPPING ORDER OVER $59,$79+ 7% OFF, $120+ 10% OFF, $199+ 12% OFF,<LINK>Shop Now</LINK>!",https://t.cfjump.com/90610/o/56405,2019-07-15 00:00:00.000,
57105,2019-08-06 13:06:35.633,2019-08-06 13:07:58.700,49287,https://c.cfjump.com/Avatars/5ec481f8-9c71-442f-9bf8-74a10603c379.png,ChicMe,"Getaway vibes,From $8.99,Up To 70% Off Now,Ready For Summer Vacation?","Getaway vibes,From $8.99,Up To 70% Off Now,7% Off $79,10% Off $120,12% Off $199,Ready For Summer Vacation?<link>Shop Now</link>!",https://t.cfjump.com/90610/o/57105,2019-08-06 00:00:00.000,
57106,2019-08-06 13:22:27.893,2019-08-06 13:22:27.893,49287,https://c.cfjump.com/Avatars/5ec481f8-9c71-442f-9bf8-74a10603c379.png,ChicMe,"Printed Shirts Affection,From $18.99,Up To 60% Off,Come And Buy!","Printed Shirts Affection,From $18.99,Up To 60% Off,$5 Off When Order Over $59,Come And <link>Buy</link>!
",https://t.cfjump.com/90610/o/57106,2019-08-06 00:00:00.000,
57107,2019-08-06 13:35:41.617,2019-08-06 13:35:41.617,49287,https://c.cfjump.com/Avatars/5ec481f8-9c71-442f-9bf8-74a10603c379.png,ChicMe,"Going In Lace Paradise,Start At $14.99,Meet Your Fantasy Dress!","Going In Lace Paradise,Start At $14.99,$5 Off When Order Over $59,Meet Your Fantasy Dress!<LINK>Shop Here</link>!
",https://t.cfjump.com/90610/o/57107,2019-08-06 00:00:00.000,
57108,2019-08-06 13:40:57.147,2019-08-06 13:41:28.617,49287,https://c.cfjump.com/Avatars/5ec481f8-9c71-442f-9bf8-74a10603c379.png,ChicMe,"Summer Maxi Dress Display,Extra 15% Off For $59 Order,Show Your Beauty!","Summer Maxi Dress Display,Extra 15% Off For $59 Order,Show Your Beauty!<LINK>Shop Here</link>!",https://t.cfjump.com/90610/o/57108,2019-08-06 00:00:00.000,
57109,2019-08-06 13:49:12.150,2019-08-06 13:49:12.150,49287,https://c.cfjump.com/Avatars/5ec481f8-9c71-442f-9bf8-74a10603c379.png,ChicMe,"Bright Color Matches With Bright Summer,Start At $14.99,Come And Choose!","Bright Color Matches With Bright Summer,Start At $14.99,Come And Choose!<link>Shop Now</link>!",https://t.cfjump.com/90610/o/57109,2019-08-06 00:00:00.000,
57731,2019-08-22 15:35:47.793,2019-08-22 15:35:47.793,49287,https://c.cfjump.com/Avatars/5ec481f8-9c71-442f-9bf8-74a10603c379.png,ChicMe,"Tops In The Early Fall,Up To 60% Off,Start At $16.99","Tops In The Early Fall,Up To 60% Off,Start At $16.99,Free Shipping Over $59,<link>Shop Now</link>!
",https://t.cfjump.com/90610/o/57731,2019-08-22 00:00:00.000,
57788,2019-08-26 11:36:50.930,2019-08-26 11:36:50.930,49287,https://c.cfjump.com/Avatars/5ec481f8-9c71-442f-9bf8-74a10603c379.png,ChicMe,Chicme 4th Anniversary!	,"Chicme 4th Anniversary,BUY 2 GET 10% OFF,BUY 3 GET 15% OFF,BUY 4 GET 20% OFF,Let us Celebrate It!<link>Shop Now</link>!",https://t.cfjump.com/90610/o/57788,2019-08-26 00:00:00.000,
57888,2019-08-28 15:25:39.193,2019-08-28 15:25:39.193,49287,https://c.cfjump.com/Avatars/5ec481f8-9c71-442f-9bf8-74a10603c379.png,ChicMe,Save Upwards Of 72% Sitewide+Buy 4 Get 20% Off,"Save Upwards Of 72% Sitewide+Buy 4 Get 20% Off,All Types Of Styles Gathering,Down To $9.99,Pick What You Like!<LINK>Click Here And Get Your Discount!</LINK>",https://t.cfjump.com/90610/o/57888,2019-08-28 00:00:00.000,
58010,2019-09-03 15:46:31.517,2019-09-03 15:46:31.517,49287,https://c.cfjump.com/Avatars/5ec481f8-9c71-442f-9bf8-74a10603c379.png,ChicMe,"Buy Any 2 Get Extra $5 Off,Save Up to 60% Off","How To Wear Today,Buy Any 2 Get Extra $5 Off,Start At $19.99,Save Up to 60% Off+Free Shipping,<link>Let's Shop</link>!",https://t.cfjump.com/90610/o/58010,2019-09-03 00:00:00.000,
58011,2019-09-03 15:46:59.177,2019-09-03 15:46:59.177,49287,https://c.cfjump.com/Avatars/5ec481f8-9c71-442f-9bf8-74a10603c379.png,ChicMe,"New Party Wear Trending,Buy 2 Get 10% OFF","New Party Wear Trending,Buy 2 Get 10% OFF,Free Shipping Over $59,<LINK>Let's Shop</LINK>!
",https://t.cfjump.com/90610/o/58011,2019-09-03 00:00:00.000,
58012,2019-09-03 15:47:33.930,2019-09-03 15:47:33.930,49287,https://c.cfjump.com/Avatars/5ec481f8-9c71-442f-9bf8-74a10603c379.png,ChicMe,"From $9.99, Tops Hot on Sale,Save Up To 72% Off","From $9.99, Tops Hot on Sale,Save Up To 72% Off,Pre-autumn Sales Starting,<LINK>Shop At Chicme.com</LINK>!
",https://t.cfjump.com/90610/o/58012,2019-09-03 00:00:00.000,
58013,2019-09-03 15:49:22.723,2019-09-03 15:49:22.723,49287,https://c.cfjump.com/Avatars/5ec481f8-9c71-442f-9bf8-74a10603c379.png,ChicMe,We are ready for fall!Buy 3 Get 15% Off+Free Shipping,"We are ready for fall,Buy 2 Get 10% OFF,Buy 3 Get 15% OFF,Free Shipping Over $59,<LINK>Shop At Chicme.com</LINK>!",https://t.cfjump.com/90610/o/58013,2019-09-03 00:00:00.000,
58072,2019-09-04 19:40:31.637,2019-09-04 19:40:31.637,49287,https://c.cfjump.com/Avatars/5ec481f8-9c71-442f-9bf8-74a10603c379.png,ChicMe,"Closet Classics,BUY 3 GET 15% OFF,From $16.99+Free Shipping Over $59","Closet Classics,BUY 3 GET 15% OFF,From $16.99+Free Shipping Over $59,<link>Shop At Chicme.com</link>!",https://t.cfjump.com/90610/o/58072,2019-09-04 00:00:00.000,
58211,2019-09-10 16:43:51.923,2019-09-10 16:43:51.923,49287,https://c.cfjump.com/Avatars/5ec481f8-9c71-442f-9bf8-74a10603c379.png,ChicMe,"FALL DENIM TRENDS,BUY 2 GET 10% OFF,BUY 3 GET 15% OFF","FALL DENIM TRENDS,BUY 2 GET 10% OFF,BUY 3 GET 15% OFF,Free Shipping Over $59,<LINK>SHOP NOW</LINK>!
",https://t.cfjump.com/90610/o/58211,2019-09-10 00:00:00.000,
58238,2019-09-11 18:06:41.920,2019-09-11 18:06:41.920,49287,https://c.cfjump.com/Avatars/5ec481f8-9c71-442f-9bf8-74a10603c379.png,ChicMe,"Cozy in Warm Feeling,BUY 2 GET 10% OFF,BUY 3 GET 15% OFF","Cozy in Warm Feeling,BUY 2 GET 10% OFF,BUY 3 GET 15% OFF,Free Shipping Over $59,<LINK>Shop At Chicme.com</LINK>!",https://t.cfjump.com/90610/o/58238,2019-09-11 00:00:00.000,
58239,2019-09-11 19:09:03.463,2019-09-11 19:09:03.463,49287,https://c.cfjump.com/Avatars/5ec481f8-9c71-442f-9bf8-74a10603c379.png,ChicMe,"Bright Sequin Show,Up To 60% Off,Buy 3 Get 15% Off,Free Shipping Over $59","Bright Sequin Show,Up To 60% Off,Buy 3 Get 15% Off,Free Shipping Over $59,<LINK>Shop At Chicme.com</LINK>!
",https://t.cfjump.com/90610/o/58239,2019-09-11 00:00:00.000,
58240,2019-09-11 19:09:28.213,2019-09-11 19:09:28.213,49287,https://c.cfjump.com/Avatars/5ec481f8-9c71-442f-9bf8-74a10603c379.png,ChicMe,"Cozy in Warm Feeling,BUY 2 GET 10% OFF,BUY 3 GET 15% OFF","Cozy in Warm Feeling,BUY 2 GET 10% OFF,BUY 3 GET 15% OFF,Free Shipping Over $59,<LINK>Shop At Chicme.com</LINK>!",https://t.cfjump.com/90610/o/58240,2019-09-11 00:00:00.000,
58241,2019-09-11 19:09:53.170,2019-09-11 19:09:53.170,49287,https://c.cfjump.com/Avatars/5ec481f8-9c71-442f-9bf8-74a10603c379.png,ChicMe,"Temperature Falling Down,BUY 2 GET 10% OFF,BUY 3 GET 15% OFF","Temperature Falling Down,BUY 2 GET 10% OFF,BUY 3 GET 15% OFF,Free Shipping Over $59,<LINK>Shop At Chicme.com</LINK>!",https://t.cfjump.com/90610/o/58241,2019-09-11 00:00:00.000,
58320,2019-09-13 21:55:13.583,2019-09-13 21:55:13.583,49287,https://c.cfjump.com/Avatars/5ec481f8-9c71-442f-9bf8-74a10603c379.png,ChicMe,"NEW SEASON STYLE,BUY 2 GET 10% OFF,BUY 3 GET 15% OFF","NEW SEASON STYLE,BUY 2 GET 10% OFF,(CODE:FW10),BUY 3 GET 15% OFF,(CODE:FW15)<LINK>SHOP AT CHICME.COM</LINK>!",https://t.cfjump.com/90610/o/58320,2019-09-13 00:00:00.000,
58418,2019-09-17 17:48:12.233,2019-09-17 17:48:30.500,49287,https://c.cfjump.com/Avatars/5ec481f8-9c71-442f-9bf8-74a10603c379.png,ChicMe,"2019 AUTUMN POPULAR,UP TO 60% OFF,MEET YOUR FAVORITE!","2019 AUTUMN POPULAR,UP TO 60% OFF,MEET YOUR FAVORITE!<LINK>SHOP AT CHICME.COM</LINK>!",https://t.cfjump.com/90610/o/58418,2019-09-17 00:00:00.000,
58440,2019-09-18 20:23:22.883,2019-09-18 20:23:22.883,49287,https://c.cfjump.com/Avatars/5ec481f8-9c71-442f-9bf8-74a10603c379.png,ChicMe,"Your 2019'S Sexy Secret Weapon,Up To 80% Off,Buy 2 Get 10% OFF,Buy 3 Get 15% OFF","Your 2019'S Sexy Secret Weapon,Up To 80% Off,Buy 2 Get 10% OFF,Buy 3 Get 15% OFF,Free Shipping For Orders Over $59,<link>Shop At Chicme</link>!",https://t.cfjump.com/90610/o/58440,2019-09-18 00:00:00.000,
58689,2019-09-24 19:22:01.613,2019-09-24 19:22:01.613,49287,https://c.cfjump.com/Avatars/5ec481f8-9c71-442f-9bf8-74a10603c379.png,ChicMe,"NEW SEASON NEW SALE, BUY 3 GET 15% OFF,","NEW SEASON NEW SALE, BUY 3 GET 15% OFF, BUY 2 GET 10% OFF SITEWIDE<link> shop now </link>",https://t.cfjump.com/90610/o/58689,2019-09-24 00:00:00.000,
58777,2019-09-29 01:38:24.490,2019-09-29 01:38:24.503,49287,https://c.cfjump.com/Avatars/5ec481f8-9c71-442f-9bf8-74a10603c379.png,ChicMe,"All Kinds Of Dress Shine Your Night,Extra 15% Off Sitewide","All Kinds Of Dress Shine Your Night,Extra 15% Off Sitewide+Free Shipping Over $59,<link>Shop At Chicme.com</link>!
",https://t.cfjump.com/90610/o/58777,2019-09-29 00:00:00.000,
58778,2019-09-29 01:38:53.317,2019-09-29 01:38:53.317,49287,https://c.cfjump.com/Avatars/5ec481f8-9c71-442f-9bf8-74a10603c379.png,ChicMe,"New Drop of Sept,Up To 80% Off,Buy 3 Get 15% Off","New Drop of Sept,Up To 80% Off,Buy 3 Get 15% Off+Free Shipping Over $59,<link>Shop At Chicme.com</link>!",https://t.cfjump.com/90610/o/58778,2019-09-29 00:00:00.000,
58779,2019-09-29 16:43:58.583,2019-09-29 16:43:58.583,49287,https://c.cfjump.com/Avatars/5ec481f8-9c71-442f-9bf8-74a10603c379.png,ChicMe,"New Arrivals In Oct,Start From $15.99,Up To 60% Off,Buy 4 Get 20% Off","New Arrivals In Oct,Start From $15.99,Up To 60% Off,Buy 4 Get 20% Off+Free Shipping Sitewide,<link>Shop At Chicme</link>,More Discounts Happened Anywhere!",https://t.cfjump.com/90610/o/58779,2019-09-29 00:00:00.000,
58934,2019-10-04 15:27:11.740,2019-10-04 15:27:11.740,49287,https://c.cfjump.com/Avatars/5ec481f8-9c71-442f-9bf8-74a10603c379.png,ChicMe,"It's Fall Baby,Find New Discount Drops At Chicme","It's Fall Baby,Find New Discount Drops At Chicme.com,BUY 3 GET 15% OFF,BUY 2 GET 10% OFF,<LINK>SHOP HERE</LINK>!
",https://t.cfjump.com/90610/o/58934,2019-10-04 00:00:00.000,
59004,2019-10-09 16:45:21.633,2019-10-09 16:45:21.633,49287,https://c.cfjump.com/Avatars/5ec481f8-9c71-442f-9bf8-74a10603c379.png,ChicMe,"2019 Jumpsuits Trendy For You,BUY 3 GET 15% OFF","2019 Jumpsuits Trendy For You,BUY 3 GET 15% OFF+Free Shipping Over The World,<link>Shop Chicme Now</link>!",https://t.cfjump.com/90610/o/59004,2019-10-09 00:00:00.000,
59005,2019-10-09 16:46:06.773,2019-10-09 16:46:06.773,49287,https://c.cfjump.com/Avatars/5ec481f8-9c71-442f-9bf8-74a10603c379.png,ChicMe,"Get Your Party Wear,Start At $18.99,Up To 65% Off,BUY 4 GET 20% OFF","Get Your Party Wear,Start At $18.99,Up To 65% Off,BUY 4 GET 20% OFF+Free Shipping Over The World,<link>Shop Chicme Now</link>!
",https://t.cfjump.com/90610/o/59005,2019-10-09 00:00:00.000,
59027,2019-10-10 17:51:49.863,2019-10-10 17:51:49.863,49287,https://c.cfjump.com/Avatars/5ec481f8-9c71-442f-9bf8-74a10603c379.png,ChicMe,"Pants Revolution,Buy 2 Get 10% Off,Buy 3 Get 15% Off","Pants Revolution,Buy 2 Get 10% Off,Buy 3 Get 15% Off+Free Shipping Over $59,<link>Shop At Chicme</link>!",https://t.cfjump.com/90610/o/59027,2019-10-10 00:00:00.000,
59054,2019-10-11 19:33:10.937,2019-10-11 19:33:10.937,49287,https://c.cfjump.com/Avatars/5ec481f8-9c71-442f-9bf8-74a10603c379.png,ChicMe,"Cocktail O'Clock,Buy 3 Get 12% Off,Buy 4 Get 15% Off","Cocktail O'Clock,Buy 2 Get 10% Off,Buy 3 Get 12% Off,Buy 4 Get 15% Off+Free Shipping Over $59,<link>Shop On Chicme</link>!",https://t.cfjump.com/90610/o/59054,2019-10-11 00:00:00.000,
59238,2019-10-15 17:23:32.230,2019-10-15 17:23:32.230,49287,https://c.cfjump.com/Avatars/5ec481f8-9c71-442f-9bf8-74a10603c379.png,ChicMe,"2019 Halloween Sale,Cheer You Up Now!","2019 Halloween Sale,Cheer You Up Now,BUY 2 GET 10% OFF,CODE:HLW10,BUY 3 GET 15% OFF,CODE:HLW15,<LINK>SHOP AT CHICME</LINK>!MORE DISCOUNTS HAPPENED EVERYWHERE!",https://t.cfjump.com/90610/o/59238,2019-10-15 00:00:00.000,
59267,2019-10-16 17:37:07.163,2019-10-16 17:37:07.163,49287,https://c.cfjump.com/Avatars/5ec481f8-9c71-442f-9bf8-74a10603c379.png,ChicMe,Bright Sequins Dress Shining Your Halloween!,"Bright Sequins Dress Shining Your Halloween!UP TO 60% OFF,BUY 2 GET 10% OFF,BUY 3 GET 15% OFF,FREE SHIPPING OVER $59,<LINK>SHOP AT CHICME.COM</LINK>!",https://t.cfjump.com/90610/o/59267,2019-10-16 00:00:00.000,
59328,2019-10-17 20:43:50.723,2019-10-17 20:43:50.723,49287,https://c.cfjump.com/Avatars/5ec481f8-9c71-442f-9bf8-74a10603c379.png,ChicMe,Paypal Discount For You,"Paypal Discount For You,BUY 2 GET 10% OFF,BUY 3 GET 15% OFF,<LINK>SHOP NOW</LINK>!",https://t.cfjump.com/90610/o/59328,2019-10-17 00:00:00.000,
59660,2019-10-29 17:54:25.533,2019-10-29 17:54:25.533,49287,https://c.cfjump.com/Avatars/5ec481f8-9c71-442f-9bf8-74a10603c379.png,ChicMe,"Fall In Love With Red,Buy 2 Get 10% Off,By 3 Get 15% Off,Down To $18.99","Fall In Love With Red,Buy 2 Get 10% Off,Buy 3 Get 15% Off,Down To $18.99,Save Up To 60% Off,Refresh Your Wardrobe With Bright Colors!More Details Please Visit <LINK>Chicme.com</LINK>.",https://t.cfjump.com/90610/o/59660,2019-10-29 00:00:00.000,
59661,2019-10-29 17:55:11.443,2019-10-29 17:55:11.443,49287,https://c.cfjump.com/Avatars/5ec481f8-9c71-442f-9bf8-74a10603c379.png,ChicMe,"Prepare Your Excellent Coat For Your 2019 Autumn,Buy 2 Get 10% Off,Buy 3 Get 15% Off","Last Remind!Prepare Your Excellent Coat For Your 2019 Autumn,Buy 2 Get 10% Off,Buy 3 Get 15% Off,Save Up To $40 For You.Grab The Deals On <LINK>Chicme.com</LINK>!
",https://t.cfjump.com/90610/o/59661,2019-10-29 00:00:00.000,
59662,2019-10-29 17:56:11.320,2019-10-29 17:56:11.320,49287,https://c.cfjump.com/Avatars/5ec481f8-9c71-442f-9bf8-74a10603c379.png,ChicMe,"Try Leopard Print,Inspired Your Fashion Style!Now From $14.99,Save Up To $40 Off For You,Buy 3 Get 15% Off","Bored With Your Looking?Try Leopard Print,Inspired Your Fashion Style!Now From $14.99,Save Up To $40 Off For You,Buy 3 Get 15% Off,Go Ahead To Pick It!More Details You Can Visit <LINK>Chicme.com</LINK>.
",https://t.cfjump.com/90610/o/59662,2019-10-29 00:00:00.000,
59663,2019-10-29 17:57:15.350,2019-10-29 17:57:15.350,49287,https://c.cfjump.com/Avatars/5ec481f8-9c71-442f-9bf8-74a10603c379.png,ChicMe,"Look How Professional You Are!Down To $19.99,Save Up To 57% Off For You","Look How Professional You Are!Down To $19.99,Save Up To 57% Off For You,Extra $40 Off For $249+,Don't Miss It Out!More Details Please Visit <LINK>Chicme.com</LINK>.",https://t.cfjump.com/90610/o/59663,2019-10-29 00:00:00.000,
59771,2019-11-02 00:47:24.457,2019-11-02 00:47:24.457,49287,https://c.cfjump.com/Avatars/5ec481f8-9c71-442f-9bf8-74a10603c379.png,ChicMe,"Flash Deals On Chicme,Big Clearance Start At $4.99,Up To 88% Off Sitewide","Flash Deals On Chicme,Big Clearance Start At $4.99,Up To 88% Off Sitewide,Buy 2 Get 10% Off,Buy 3 Get 15% Off,<link>Shop Now</link>!",https://t.cfjump.com/90610/o/59771,2019-11-02 00:00:00.000,
81936,2021-05-31 17:33:50.807,2021-05-31 17:33:50.807,49287,https://c.cfjump.com/Avatars/5ec481f8-9c71-442f-9bf8-74a10603c379.png,ChicMe,"2021 Blowout Sale,UP TO 90% Off,Shop Now!","2021 Blowout Sale,UP TO 90% Off,Shop Now!",https://t.cfjump.com/90610/o/81936,2021-05-31 00:00:00.000,
83619,2021-07-16 18:31:11.653,2021-07-16 18:39:11.560,49287,https://c.cfjump.com/Avatars/5ec481f8-9c71-442f-9bf8-74a10603c379.png,ChicMe,"Summer's Last Splash,UP TO 80% OFF,15% OFF For US$29","Summer's Last Splash,UP TO 80% OFF,15% OFF For Orders Over US$29,20% Off For Orders Over US$89,25% Off For Orders Over US$129,Shop Now!",https://t.cfjump.com/90610/o/83619,2021-07-16 00:00:00.000,
84181,2021-08-04 22:21:08.403,2021-08-04 22:21:08.403,49287,https://c.cfjump.com/Avatars/5ec481f8-9c71-442f-9bf8-74a10603c379.png,ChicMe,"Chicme 6th Anniversary Sale,UP TO 80% OFF,Rock The Gift IPHONE 12 PRO MAX	","Chicme 6th Anniversary Sale,UP TO 80% OFF,Rock The Gift IPHONE 12 PRO MAX,US$5 OFF On Orders $59,20% OFF On Orders $69+,30% Off On Orders $129+,WIN US$50 WORTH OF POINTS,SHOP NOW!",https://t.cfjump.com/90610/o/84181,2021-08-04 00:00:00.000,
84856,2021-08-27 16:53:31.073,2021-08-27 16:53:31.073,49287,https://c.cfjump.com/Avatars/5ec481f8-9c71-442f-9bf8-74a10603c379.png,ChicMe,"First Warm Hug in Sep.,Sitewide 10% Off,Buy 3 Get 20% Off,Buy 5 Get 25% Off,Shop Now!	","First Warm Hug in Sep.,Sitewide 10% Off,Buy 3 Get 20% Off,Buy 5 Get 25% Off,Shop Now!",https://t.cfjump.com/90610/o/84856,2021-08-27 00:00:00.000,
84857,2021-08-27 16:53:52.467,2021-08-27 16:53:52.467,49287,https://c.cfjump.com/Avatars/5ec481f8-9c71-442f-9bf8-74a10603c379.png,ChicMe,"Chicme Paypal Promotion,Extra $7 Off Over $79","Chicme Paypal Promotion,Extra $7 Off Over $79",https://t.cfjump.com/90610/o/84857,2021-08-27 00:00:00.000,
86556,2021-10-14 12:46:01.037,2021-10-14 12:46:01.037,49287,https://c.cfjump.com/Avatars/5ec481f8-9c71-442f-9bf8-74a10603c379.png,ChicMe,"2021 Chicme October Edition,Free Shipping Order Over $39,Shop Now!","2021 Chicme October Edition,Free Shipping Order Over $39,Shop Now!",https://t.cfjump.com/90610/o/86556,2021-10-14 00:00:00.000,
87142,2021-10-27 18:06:51.150,2021-10-27 18:06:51.150,49287,https://c.cfjump.com/Avatars/5ec481f8-9c71-442f-9bf8-74a10603c379.png,ChicMe,"Chicme Halloween Sale,BUY 1 GET 1 FREE","Chicme Halloween Sale,BUY 1 GET 1 FREE,10% Off On Orders $69+,15% Off On Orders $99+,20% Off On Order $159+,ShopNow!",https://t.cfjump.com/90610/o/87142,2021-10-27 00:00:00.000,
87143,2021-10-27 18:07:17.447,2021-10-27 18:07:17.447,49287,https://c.cfjump.com/Avatars/5ec481f8-9c71-442f-9bf8-74a10603c379.png,ChicMe,"FW SUPER SALE,UP TO 50% OFF EVERYTHING","FW SUPER SALE,UP TO 50% OFF EVERYTHING,Shop Now!",https://t.cfjump.com/90610/o/87143,2021-10-27 00:00:00.000,
87144,2021-10-27 18:07:39.383,2021-10-27 18:07:39.383,49287,https://c.cfjump.com/Avatars/5ec481f8-9c71-442f-9bf8-74a10603c379.png,ChicMe,"Christmas Day pre-sale,seek more styles!	","Christmas Day pre-sale,seek more styles!	",https://t.cfjump.com/90610/o/87144,2021-10-27 00:00:00.000,
87508,2021-11-03 17:56:38.547,2021-11-03 17:56:38.547,49287,https://c.cfjump.com/Avatars/5ec481f8-9c71-442f-9bf8-74a10603c379.png,ChicMe,"11.11 Shopping Carnival Sale,BUY 1 GET 1 FREE	","11.11 Shopping Carnival Sale,BUY 1 GET 1 FREE,ALL IN US$11.11,Shop Now!",https://t.cfjump.com/90610/o/87508,2021-11-03 00:00:00.000,
89236,2021-11-24 19:39:21.563,2021-11-24 19:39:21.563,49287,https://c.cfjump.com/Avatars/5ec481f8-9c71-442f-9bf8-74a10603c379.png,ChicMe,"Chicme Beauty Latest Collection,Price Low To $1.85,25% OFF EVERYTHING,Explore it！","Chicme Beauty Latest Collection,Price Low To $1.85,25% OFF EVERYTHING,explore your fav!",https://t.cfjump.com/90610/o/89236,2021-11-24 00:00:00.000,
89259,2021-11-25 14:34:47.933,2021-11-25 14:34:47.933,49287,https://c.cfjump.com/Avatars/5ec481f8-9c71-442f-9bf8-74a10603c379.png,ChicMe,"Black Friday Sale,30% Off Sitewide,40% Off On Orders US$99+,45% Off On Orders US$199+,Shop Now!","Black Friday Sale,30% Off Sitewide,40% Off On Orders US$99+,45% Off On Orders US$199+,Shop Now!",https://t.cfjump.com/90610/o/89259,2021-11-25 00:00:00.000,
89268,2021-11-25 16:05:39.643,2021-11-25 16:05:39.643,49287,https://c.cfjump.com/Avatars/5ec481f8-9c71-442f-9bf8-74a10603c379.png,ChicMe,"Black Friday Sale,30% Off Sitewide,40% Off On Orders US$99+,45% Off On Orders US$199+,Shop Now!","Black Friday Sale,30% Off Sitewide,40% Off On Orders US$99+,45% Off On Orders US$199+,Shop Now!",https://t.cfjump.com/90610/o/89268,2021-11-25 00:00:00.000,
89364,2021-11-27 21:36:10.653,2021-11-27 21:36:10.653,49287,https://c.cfjump.com/Avatars/5ec481f8-9c71-442f-9bf8-74a10603c379.png,ChicMe,CYBER MONDAY UP TO 90% OFF SITEWIDE,"CYBER MONDAY UP TO 90% OFF SITEWIDE,BUY 3 GET 35% OFF,BUY 5 GET 40% OFF,BUY 8 GET 45% OFF,SHOP NOW!",https://t.cfjump.com/90610/o/89364,2021-11-27 00:00:00.000,
89834,2021-12-08 16:13:49.007,2021-12-08 16:13:49.007,49287,https://c.cfjump.com/Avatars/5ec481f8-9c71-442f-9bf8-74a10603c379.png,ChicMe,"Get Your Christmas Gift,UP TO 80% OFF,BUY 3 GET 35% OFF,BUY 6 GET 40% OFF,Shop Now!","Get Your Christmas Gift,UP TO 80% OFF,BUY 3 GET 35% OFF,BUY 6 GET 40% OFF,Shop Now!",https://t.cfjump.com/90610/o/89834,2021-12-08 00:00:00.000,
90437,2021-12-14 16:58:02.307,2021-12-14 16:58:02.307,49287,https://c.cfjump.com/Avatars/5ec481f8-9c71-442f-9bf8-74a10603c379.png,ChicMe,"Explore Chicme Latest Beauty,Low to US1.85 dollars,Shop Now!","Explore Chicme Latest Beauty,Low to US1.85 dollars,Shop Now!",https://t.cfjump.com/90610/o/90437,2021-12-14 00:00:00.000,
91017,2021-12-22 17:59:59.400,2021-12-22 17:59:59.400,49287,https://c.cfjump.com/Avatars/5ec481f8-9c71-442f-9bf8-74a10603c379.png,ChicMe,"Merry Christmas,30% Off Sitewide,35% off On Orders $79+,40% Off On Orders $169+,Shop Now!	","Merry Christmas,30% Off Sitewide,35% off On Orders $79+,40% Off On Orders $169+,Shop Now!	",https://t.cfjump.com/90610/o/91017,2021-12-22 00:00:00.000,
91234,2022-01-04 18:10:34.007,2022-01-04 18:10:34.007,49287,https://c.cfjump.com/Avatars/5ec481f8-9c71-442f-9bf8-74a10603c379.png,ChicMe,"HAPPY NEW YEAR 2022,sitewide 30% Off,40% Off On Orders US$159+","HAPPY NEW YEAR 2022,sitewide 30% Off,40% Off On Orders US$159+,SHOP NOW!",https://t.cfjump.com/90610/o/91234,2022-01-04 00:00:00.000,
92057,2022-01-29 20:03:45.753,2022-01-29 20:03:45.753,49287,https://c.cfjump.com/Avatars/5ec481f8-9c71-442f-9bf8-74a10603c379.png,ChicMe,"End Of Season Sale,UP TO 85% OFF,SHOP NOW!","End Of Season Sale,UP TO 85% OFF,SHOP NOW!",https://t.cfjump.com/90610/o/92057,2022-01-29 00:00:00.000,
84689,2021-08-20 19:20:27.683,2021-08-20 19:20:27.683,49287,https://c.cfjump.com/Avatars/5ec481f8-9c71-442f-9bf8-74a10603c379.png,ChicMe,"Just In New Arrivals to Fall For,Buy 2 Get 3rd 40% Off,Buy 3 Get 4th 70% Off,Buy 5th Get 6th 90% Off,Pick Your Style!","Just In New Arrivals to Fall For,Buy 2 Get 3rd 40% Off,Buy 3 Get 4th 70% Off,Buy 5th Get 6th 90% Off,Pick Your Style!",https://t.cfjump.com/90610/o/84689,2021-08-20 00:00:00.000,
92746,2022-02-16 16:46:08.587,2022-02-16 16:46:08.587,49287,https://c.cfjump.com/Avatars/5ec481f8-9c71-442f-9bf8-74a10603c379.png,ChicMe,"Spring Sale,10% OFF ON Orders US$39+,20% OFF ON Orders Orders US$79+,25% OFF ON Orders US$169+,Shop now!","Spring Sale,10% OFF ON Orders US$39+,20% OFF ON Orders Orders US$79+,25% OFF ON Orders US$169+,Shop now!",https://t.cfjump.com/90610/o/92746,2022-02-16 00:00:00.000,
117348,2023-11-14 18:53:16.197,2023-11-14 18:54:12.807,49287,https://c.cfjump.com/Avatars/5ec481f8-9c71-442f-9bf8-74a10603c379.png,ChicMe,BLACK FRIDAY SALE Up To 85% OFF ,,https://t.cfjump.com/90610/o/117348,2023-11-14 00:00:00.000,
135561,2025-02-26 19:38:39.517,2025-02-26 19:38:39.517,91289,https://c.cfjump.com/Avatars/629c27f2-d406-438b-8fd0-ac89016c3b45.png,Chief Nutrition,Stop Eating Junk - Shop Extraordinarily Clean Snacks and Supplements ,,https://t.cfjump.com/90610/o/135561,2025-02-26 00:00:00.000,
135959,2025-03-05 12:34:30.073,2025-03-05 12:34:30.073,91289,https://c.cfjump.com/Avatars/629c27f2-d406-438b-8fd0-ac89016c3b45.png,Chief Nutrition,"Health is your most valuable asset, feed your body right",,https://t.cfjump.com/90610/o/135959,2025-03-05 00:00:00.000,
135960,2025-03-05 12:34:54.763,2025-03-05 12:38:13.560,91289,https://c.cfjump.com/Avatars/629c27f2-d406-438b-8fd0-ac89016c3b45.png,Chief Nutrition,Free standard shipping for subscriptions or orders >$99 in Australia,,https://t.cfjump.com/90610/o/135960,2025-03-05 00:00:00.000,
135961,2025-03-05 12:36:01.027,2025-03-05 12:36:01.027,91289,https://c.cfjump.com/Avatars/629c27f2-d406-438b-8fd0-ac89016c3b45.png,Chief Nutrition,"Sign up and get access to special offers, nutrition education, recipes and more. Unsubscribe at any time.",,https://t.cfjump.com/90610/o/135961,2025-03-05 00:00:00.000,
135962,2025-03-05 12:37:01.450,2025-03-05 12:37:01.450,91289,https://c.cfjump.com/Avatars/629c27f2-d406-438b-8fd0-ac89016c3b45.png,Chief Nutrition,100% Happiness Guarantee,"If you're not happy with your order please contact us so we can make it right! We provide an unconditional return policy on all our products within 90 days so if for any reason you're not completely satisfied, we will happily offer a free replacement or full refund. This also applies if you ordered something you don't want anymore.",https://t.cfjump.com/90610/o/135962,2025-03-05 00:00:00.000,
140829,2025-08-06 12:46:19.267,2025-08-06 12:46:19.283,85028,https://c.cfjump.com/Avatars/56a81cce-5386-423c-ae6e-7c5ce9a994f9.png,CircleDNA,Merdeka Sale ,"Tier 1: Premium Kit with code MERDEKA68-1
• Buy 1: 50% OFF 

Tier 2: Premium Kit with code MERDEKA68-2
• Buy 1: 40% OFF
• Buy 2: 50% OFF
• Buy 3 or more: 53% OFF
• Buy 8 or more: 55% OFF

Only Malaysia",https://t.cfjump.com/90610/o/140829,2025-08-28 00:00:00.000,2025-09-01 23:59:59.000
140830,2025-08-06 12:48:02.860,2025-08-06 12:48:02.860,85028,https://c.cfjump.com/Avatars/56a81cce-5386-423c-ae6e-7c5ce9a994f9.png,CircleDNA,Workplace Wellness Week,"Tier 1: Premium Kit with code WorkplaceWellness-1
• Buy 1: 50% OFF 

Tier 2: Premium Kit with code WorkplaceWellness-2
• Buy 1: 40% OFF
• Buy 2: 50% OFF
• Buy 3 or more: 53% OFF
• Buy 8 or more: 55% OFF

Global except KR and MY",https://t.cfjump.com/90610/o/140830,2025-08-28 00:00:00.000,2025-09-01 23:59:59.000
128672,2024-09-10 14:58:06.623,2024-09-10 14:58:06.623,90377,https://c.cfjump.com/Avatars/e91ec560-6d91-49e4-8b5a-64a82ead4ef8.png,CLUTCH Glue,"FREE STANDARD SHIPPING ON ORDERS OVER $50AUD (AUS, NZ & USA ONLY)",,https://t.cfjump.com/90610/o/128672,2024-09-10 00:00:00.000,
134554,2025-01-28 11:29:32.407,2025-01-28 11:29:32.407,90377,https://c.cfjump.com/Avatars/e91ec560-6d91-49e4-8b5a-64a82ead4ef8.png,CLUTCH Glue,OUR BEST SELLER IS BACK!!! CLUTCH Glue 15ml tubes have been restocked.,,https://t.cfjump.com/90610/o/134554,2025-01-28 00:00:00.000,
134555,2025-01-28 11:29:51.017,2025-01-28 11:29:51.017,90377,https://c.cfjump.com/Avatars/e91ec560-6d91-49e4-8b5a-64a82ead4ef8.png,CLUTCH Glue,"US, AUS & NZ: FREE SHIPPING ON ORDERS OF 2 TUBES OR MORE",,https://t.cfjump.com/90610/o/134555,2025-01-28 00:00:00.000,
106906,2023-02-13 00:33:19.227,2023-02-13 00:33:19.227,83731,https://c.cfjump.com/Avatars/f1704504-9fa4-4f3d-86f3-bb285bc34895.png,CoolThings Australia,BE THE COOLEST GIFT GIVER IN YOUR FAMILY,,https://t.cfjump.com/90610/o/106906,2023-02-13 00:00:00.000,
106907,2023-02-13 00:33:36.837,2023-02-13 00:33:56.290,83731,https://c.cfjump.com/Avatars/f1704504-9fa4-4f3d-86f3-bb285bc34895.png,CoolThings Australia,Join Our community for cool insider only promotions and deals.,,https://t.cfjump.com/90610/o/106907,2023-02-13 00:00:00.000,
106908,2023-02-13 00:34:25.543,2023-02-13 00:34:25.543,83731,https://c.cfjump.com/Avatars/f1704504-9fa4-4f3d-86f3-bb285bc34895.png,CoolThings Australia,FREE SHIPPING WITHIN AUSTRALIA,"For logged in members orders over $99 can be shipped free via our standard delivery service. Orders with ALL products in-stock will be dispatched same day if submitted before 12:00 pm Monday - Friday. Orders with free shipping cannot be split. Free Shipping not applicable with orders using a coupon or voucher, or some larger items and bulk orders that have been given special pricing - as marked.	",https://t.cfjump.com/90610/o/106908,2023-02-13 00:00:00.000,
136005,2025-03-06 12:09:38.070,2025-04-29 10:24:40.120,83731,https://c.cfjump.com/Avatars/f1704504-9fa4-4f3d-86f3-bb285bc34895.png,CoolThings Australia,Mesmerising toy that turns a simple loop of string into a captivating aerial performance,,https://t.cfjump.com/90610/o/136005,2025-03-06 00:00:00.000,
138069,2025-04-28 11:53:52.290,2025-04-28 11:53:52.290,83731,https://c.cfjump.com/Avatars/f1704504-9fa4-4f3d-86f3-bb285bc34895.png,CoolThings Australia,Shop Best Sensory Gifts,,https://t.cfjump.com/90610/o/138069,2025-04-28 00:00:00.000,
136010,2025-03-06 14:50:04.543,2025-03-06 14:50:04.543,91278,https://c.cfjump.com/Avatars/d8287a00-758a-470f-ac41-c7867b52b9e0.png,Cracked Soda,Want 10% off your order? Sign up and we'll send you a discount code.,,https://t.cfjump.com/90610/o/136010,2025-03-06 00:00:00.000,
136011,2025-03-06 14:50:58.247,2025-03-06 14:50:58.247,91278,https://c.cfjump.com/Avatars/d8287a00-758a-470f-ac41-c7867b52b9e0.png,Cracked Soda,Fee Shipping for Orders Over $120 Australia Wide,,https://t.cfjump.com/90610/o/136011,2025-03-06 00:00:00.000,
136172,2025-03-11 14:26:18.330,2025-03-11 14:26:30.893,91278,https://c.cfjump.com/Avatars/d8287a00-758a-470f-ac41-c7867b52b9e0.png,Cracked Soda,"Give $10, Get $10 - Have A Friend Who Wants To Try Cracked Soda?","Give your friend $10 off their first order, and get $10 off (in points) for each successful referral.",https://t.cfjump.com/90610/o/136172,2025-03-11 00:00:00.000,
136237,2025-03-12 14:06:35.117,2025-03-12 14:06:35.117,91278,https://c.cfjump.com/Avatars/d8287a00-758a-470f-ac41-c7867b52b9e0.png,Cracked Soda,30 Days Return Policy,"Cracked Soda is passionate about ensuring that you are completely happy with your purchase. If you change your mind about an item purchased on our website, you are entitled to a store credit within 30 days of receipt of delivery.


To start the return process, please contact us Here

Once we receive your request we’ll send you instructions on how and where to send your package. 

In Order to qualify for a store credit please make sure that you have the below information

Proof of purchase provided (invoice or order number)
Email associated with the order
Tags are still attached
Items are in original, undamaged packaging
Items are in their original and unworn condition

We may refuse returns of items where this has not been done. This policy applies to Cracked Soda customers only. Our Returns Policy is in addition to your rights under the Australian Consumer Law.",https://t.cfjump.com/90610/o/136237,2025-03-12 00:00:00.000,
140858,2025-08-07 11:31:36.927,2025-08-07 11:31:36.927,91278,https://c.cfjump.com/Avatars/d8287a00-758a-470f-ac41-c7867b52b9e0.png,Cracked Soda,New Drop ,,https://t.cfjump.com/90610/o/140858,2025-08-07 00:00:00.000,
136249,2025-03-12 17:19:46.567,2025-03-12 17:19:46.567,91278,https://c.cfjump.com/Avatars/d8287a00-758a-470f-ac41-c7867b52b9e0.png,Cracked Soda,Shop Baby Boys Sizes 0000-2,,https://t.cfjump.com/90610/o/136249,2025-03-12 00:00:00.000,
136251,2025-03-12 17:20:05.083,2025-03-12 17:20:05.083,91278,https://c.cfjump.com/Avatars/d8287a00-758a-470f-ac41-c7867b52b9e0.png,Cracked Soda,Boys Shop by age 3-8,,https://t.cfjump.com/90610/o/136251,2025-03-12 00:00:00.000,
136253,2025-03-12 17:20:26.817,2025-03-12 17:20:26.817,91278,https://c.cfjump.com/Avatars/d8287a00-758a-470f-ac41-c7867b52b9e0.png,Cracked Soda,Boys Shop by age 10-16,,https://t.cfjump.com/90610/o/136253,2025-03-12 00:00:00.000,
136256,2025-03-12 17:20:56.240,2025-03-12 17:20:56.240,91278,https://c.cfjump.com/Avatars/d8287a00-758a-470f-ac41-c7867b52b9e0.png,Cracked Soda,Shop Mens - Matching Dad and Son,,https://t.cfjump.com/90610/o/136256,2025-03-12 00:00:00.000,
136257,2025-03-12 17:21:15.833,2025-03-12 17:21:15.833,91278,https://c.cfjump.com/Avatars/d8287a00-758a-470f-ac41-c7867b52b9e0.png,Cracked Soda,Shop Girls 0000-2,,https://t.cfjump.com/90610/o/136257,2025-03-12 00:00:00.000,
136260,2025-03-12 17:21:37.677,2025-03-12 17:21:37.677,91278,https://c.cfjump.com/Avatars/d8287a00-758a-470f-ac41-c7867b52b9e0.png,Cracked Soda,Shop Girls 3-8,,https://t.cfjump.com/90610/o/136260,2025-03-12 00:00:00.000,
136262,2025-03-12 17:21:56.520,2025-03-12 17:21:56.520,91278,https://c.cfjump.com/Avatars/d8287a00-758a-470f-ac41-c7867b52b9e0.png,Cracked Soda,Older Girls 10-16,,https://t.cfjump.com/90610/o/136262,2025-03-12 00:00:00.000,
136265,2025-03-12 17:22:21.007,2025-03-12 17:22:21.007,91278,https://c.cfjump.com/Avatars/d8287a00-758a-470f-ac41-c7867b52b9e0.png,Cracked Soda,New Arrivals - Boys,,https://t.cfjump.com/90610/o/136265,2025-03-12 00:00:00.000,
136268,2025-03-12 17:22:49.083,2025-03-12 17:22:49.100,91278,https://c.cfjump.com/Avatars/d8287a00-758a-470f-ac41-c7867b52b9e0.png,Cracked Soda, New Arrivals Girls,,https://t.cfjump.com/90610/o/136268,2025-03-12 00:00:00.000,
136273,2025-03-12 17:23:50.960,2025-03-12 17:23:50.960,91278,https://c.cfjump.com/Avatars/d8287a00-758a-470f-ac41-c7867b52b9e0.png,Cracked Soda,Boy Hoodies,,https://t.cfjump.com/90610/o/136273,2025-03-12 00:00:00.000,
136275,2025-03-12 17:24:08.820,2025-03-12 17:24:08.820,91278,https://c.cfjump.com/Avatars/d8287a00-758a-470f-ac41-c7867b52b9e0.png,Cracked Soda,Boys Jumpers,,https://t.cfjump.com/90610/o/136275,2025-03-12 00:00:00.000,
136278,2025-03-12 17:24:37.757,2025-03-12 17:24:37.757,91278,https://c.cfjump.com/Avatars/d8287a00-758a-470f-ac41-c7867b52b9e0.png,Cracked Soda,Boys Tops,,https://t.cfjump.com/90610/o/136278,2025-03-12 00:00:00.000,
136280,2025-03-12 17:24:56.927,2025-03-12 17:24:56.927,91278,https://c.cfjump.com/Avatars/d8287a00-758a-470f-ac41-c7867b52b9e0.png,Cracked Soda,Boys Bottoms,,https://t.cfjump.com/90610/o/136280,2025-03-12 00:00:00.000,
136281,2025-03-12 17:25:16.507,2025-03-12 17:25:16.507,91278,https://c.cfjump.com/Avatars/d8287a00-758a-470f-ac41-c7867b52b9e0.png,Cracked Soda,Boys Trackies,,https://t.cfjump.com/90610/o/136281,2025-03-12 00:00:00.000,
136282,2025-03-12 17:25:33.677,2025-03-12 17:25:33.677,91278,https://c.cfjump.com/Avatars/d8287a00-758a-470f-ac41-c7867b52b9e0.png,Cracked Soda,Boys Overalls,,https://t.cfjump.com/90610/o/136282,2025-03-12 00:00:00.000,
136283,2025-03-12 17:25:53.973,2025-03-12 17:25:53.973,91278,https://c.cfjump.com/Avatars/d8287a00-758a-470f-ac41-c7867b52b9e0.png,Cracked Soda,Shop Mens,,https://t.cfjump.com/90610/o/136283,2025-03-12 00:00:00.000,
136284,2025-03-12 17:26:19.803,2025-03-12 17:26:19.803,91278,https://c.cfjump.com/Avatars/d8287a00-758a-470f-ac41-c7867b52b9e0.png,Cracked Soda,Shop All Boys,,https://t.cfjump.com/90610/o/136284,2025-03-12 00:00:00.000,
136285,2025-03-12 17:26:40.117,2025-03-12 17:26:40.117,91278,https://c.cfjump.com/Avatars/d8287a00-758a-470f-ac41-c7867b52b9e0.png,Cracked Soda,Girls Dresses,,https://t.cfjump.com/90610/o/136285,2025-03-12 00:00:00.000,
136286,2025-03-12 17:27:10.223,2025-03-12 17:27:10.223,91278,https://c.cfjump.com/Avatars/d8287a00-758a-470f-ac41-c7867b52b9e0.png,Cracked Soda,Girl Hoodies,,https://t.cfjump.com/90610/o/136286,2025-03-12 00:00:00.000,
136287,2025-03-12 17:27:29.913,2025-03-12 17:27:29.913,91278,https://c.cfjump.com/Avatars/d8287a00-758a-470f-ac41-c7867b52b9e0.png,Cracked Soda,Girls Jumpers,,https://t.cfjump.com/90610/o/136287,2025-03-12 00:00:00.000,
136289,2025-03-12 17:27:48.833,2025-03-12 17:27:48.833,91278,https://c.cfjump.com/Avatars/d8287a00-758a-470f-ac41-c7867b52b9e0.png,Cracked Soda,Girls Tops,,https://t.cfjump.com/90610/o/136289,2025-03-12 00:00:00.000,
136291,2025-03-12 17:28:05.333,2025-03-12 17:28:05.333,91278,https://c.cfjump.com/Avatars/d8287a00-758a-470f-ac41-c7867b52b9e0.png,Cracked Soda,Girls Bottoms,,https://t.cfjump.com/90610/o/136291,2025-03-12 00:00:00.000,
136293,2025-03-12 17:28:29.053,2025-03-12 17:28:29.053,91278,https://c.cfjump.com/Avatars/d8287a00-758a-470f-ac41-c7867b52b9e0.png,Cracked Soda,Girls Trackpants,,https://t.cfjump.com/90610/o/136293,2025-03-12 00:00:00.000,
136296,2025-03-12 17:28:47.633,2025-03-12 17:28:47.633,91278,https://c.cfjump.com/Avatars/d8287a00-758a-470f-ac41-c7867b52b9e0.png,Cracked Soda,Girls Overalls,,https://t.cfjump.com/90610/o/136296,2025-03-12 00:00:00.000,
136298,2025-03-12 17:29:06.320,2025-03-12 17:29:06.320,91278,https://c.cfjump.com/Avatars/d8287a00-758a-470f-ac41-c7867b52b9e0.png,Cracked Soda,Shop All Girls,,https://t.cfjump.com/90610/o/136298,2025-03-12 00:00:00.000,
136300,2025-03-12 17:29:23.430,2025-03-12 17:29:23.430,91278,https://c.cfjump.com/Avatars/d8287a00-758a-470f-ac41-c7867b52b9e0.png,Cracked Soda,Boy Accessories,,https://t.cfjump.com/90610/o/136300,2025-03-12 00:00:00.000,
136302,2025-03-12 17:29:44.133,2025-03-12 17:29:44.133,91278,https://c.cfjump.com/Avatars/d8287a00-758a-470f-ac41-c7867b52b9e0.png,Cracked Soda,Girls Accessories,,https://t.cfjump.com/90610/o/136302,2025-03-12 00:00:00.000,
136305,2025-03-12 17:30:08.023,2025-03-12 17:30:08.023,91278,https://c.cfjump.com/Avatars/d8287a00-758a-470f-ac41-c7867b52b9e0.png,Cracked Soda,Bibs Dummies,,https://t.cfjump.com/90610/o/136305,2025-03-12 00:00:00.000,
136308,2025-03-12 17:30:43.350,2025-03-12 17:30:43.350,91278,https://c.cfjump.com/Avatars/d8287a00-758a-470f-ac41-c7867b52b9e0.png,Cracked Soda,BOY SALE | Always On,,https://t.cfjump.com/90610/o/136308,2025-03-12 00:00:00.000,
136311,2025-03-12 17:31:02.037,2025-03-12 17:31:02.037,91278,https://c.cfjump.com/Avatars/d8287a00-758a-470f-ac41-c7867b52b9e0.png,Cracked Soda,GIRLS SALE | Always on,,https://t.cfjump.com/90610/o/136311,2025-03-12 00:00:00.000,
136314,2025-03-12 17:31:25.943,2025-03-12 17:31:25.943,91278,https://c.cfjump.com/Avatars/d8287a00-758a-470f-ac41-c7867b52b9e0.png,Cracked Soda,SALE ACCESSORIES | Always On,,https://t.cfjump.com/90610/o/136314,2025-03-12 00:00:00.000,
136316,2025-03-12 17:31:52.337,2025-03-12 17:31:52.337,91278,https://c.cfjump.com/Avatars/d8287a00-758a-470f-ac41-c7867b52b9e0.png,Cracked Soda,ALWAYS ON SALE - Prices starting from $4,,https://t.cfjump.com/90610/o/136316,2025-03-12 00:00:00.000,
136317,2025-03-12 17:32:39.303,2025-03-12 17:32:39.303,91278,https://c.cfjump.com/Avatars/d8287a00-758a-470f-ac41-c7867b52b9e0.png,Cracked Soda,Earn Points when you shop!,1 point = $1,https://t.cfjump.com/90610/o/136317,2025-03-12 00:00:00.000,
136930,2025-03-31 16:46:34.923,2025-03-31 16:46:34.923,91278,https://c.cfjump.com/Avatars/d8287a00-758a-470f-ac41-c7867b52b9e0.png,Cracked Soda,AW25 Drop 2,,https://t.cfjump.com/90610/o/136930,2025-03-31 00:00:00.000,
137348,2025-04-10 16:59:35.527,2025-04-10 16:59:35.527,91278,https://c.cfjump.com/Avatars/d8287a00-758a-470f-ac41-c7867b52b9e0.png,Cracked Soda,Amari Cardigan for $19.95 with any tutu purchase!,Amari Cardigan for $19.95 with any tutu purchase! Until Stock Lasts,https://t.cfjump.com/90610/o/137348,2025-04-10 00:00:00.000,
137349,2025-04-10 17:00:25.387,2025-04-10 17:00:25.387,91278,https://c.cfjump.com/Avatars/d8287a00-758a-470f-ac41-c7867b52b9e0.png,Cracked Soda,Free Cap with every purchase over $300,Until stocks last,https://t.cfjump.com/90610/o/137349,2025-04-10 00:00:00.000,
137350,2025-04-10 17:00:52.247,2025-04-10 17:00:52.247,91278,https://c.cfjump.com/Avatars/d8287a00-758a-470f-ac41-c7867b52b9e0.png,Cracked Soda,"New Drop, New Colour!",,https://t.cfjump.com/90610/o/137350,2025-04-10 00:00:00.000,
138577,2025-05-09 09:18:18.447,2025-05-09 09:18:18.447,91278,https://c.cfjump.com/Avatars/d8287a00-758a-470f-ac41-c7867b52b9e0.png,Cracked Soda,New Drop AW25 Drop 2,,https://t.cfjump.com/90610/o/138577,2025-05-09 00:00:00.000,
138790,2025-05-15 16:42:02.847,2025-05-15 16:42:02.847,91278,https://c.cfjump.com/Avatars/d8287a00-758a-470f-ac41-c7867b52b9e0.png,Cracked Soda,New Drop 2.2,,https://t.cfjump.com/90610/o/138790,2025-05-15 00:00:00.000,
199,2014-02-28 18:08:45.863,2019-07-31 19:15:19.560,12475,https://c.cfjump.com/Avatars/f027d236-8b19-4e3f-8d3f-ca52fcad8bca.png,Crazy Sales,"Crazy Sale of the Day, Lowest Price Everyday!","Crazy Sale of the Day, Lowest Price Everyday!",https://t.cfjump.com/90610/o/199,2014-02-28 00:00:00.000,
6343,2015-06-12 17:23:56.553,2017-02-10 19:00:28.527,12475,https://c.cfjump.com/Avatars/f027d236-8b19-4e3f-8d3f-ca52fcad8bca.png,Crazy Sales,"Crazy Sales-Up to 90% OFF, Huge Selection and Huge Savings on Clearance Items!","Crazy Sales-Up to 90% OFF, Huge Selection and Huge Savings on Clearance Items!",https://t.cfjump.com/90610/o/6343,2015-06-12 00:00:00.000,
9932,2016-02-29 19:52:30.627,2017-02-10 19:00:09.290,12475,https://c.cfjump.com/Avatars/f027d236-8b19-4e3f-8d3f-ca52fcad8bca.png,Crazy Sales,"Crazy Sales- Shipping Cost ON THE HOUSE, Just Pick Anything You Like Here!","Crazy Sales- Shipping Cost ON THE HOUSE, Just Pick Anything You Like Here!",https://t.cfjump.com/90610/o/9932,2016-02-29 00:00:00.000,
9933,2016-02-29 20:04:11.967,2017-02-10 19:00:15.870,12475,https://c.cfjump.com/Avatars/f027d236-8b19-4e3f-8d3f-ca52fcad8bca.png,Crazy Sales,"Crazy Sales-Check It Out, These New Items Will Fresh Your Eyes!","Crazy Sales-Check It Out, These New Items Will Fresh Your Eyes!",https://t.cfjump.com/90610/o/9933,2016-02-29 00:00:00.000,
9934,2016-02-29 20:11:04.197,2017-02-10 19:00:21.870,12475,https://c.cfjump.com/Avatars/f027d236-8b19-4e3f-8d3f-ca52fcad8bca.png,Crazy Sales,Crazy Sales-The Most Popular Ones Are Here!,Crazy Sales-The Most Popular Ones Are Here!,https://t.cfjump.com/90610/o/9934,2016-02-29 00:00:00.000,
140564,2025-07-25 22:55:32.203,2025-07-25 22:55:32.203,12475,https://c.cfjump.com/Avatars/f027d236-8b19-4e3f-8d3f-ca52fcad8bca.png,Crazy Sales,"From mattresses to curtains—clean it all, and save up to 80%!","From mattresses to curtains—clean it all, and save up to 80%!",https://t.cfjump.com/90610/o/140564,2025-07-25 00:00:00.000,2025-08-31 23:59:59.000
140976,2025-08-08 19:46:52.763,2025-08-08 19:46:52.763,12475,https://c.cfjump.com/Avatars/f027d236-8b19-4e3f-8d3f-ca52fcad8bca.png,Crazy Sales,August Blowout Sale: Enjoy Up to 85% OFF + FREE Shipping!,August Blowout Sale: Enjoy Up to 85% OFF + FREE Shipping!,https://t.cfjump.com/90610/o/140976,2025-08-08 00:00:00.000,2025-08-31 23:59:59.000
141380,2025-08-15 21:47:41.637,2025-08-15 21:47:41.637,12475,https://c.cfjump.com/Avatars/f027d236-8b19-4e3f-8d3f-ca52fcad8bca.png,Crazy Sales,Best Value Father’s Day Deals – From $9.99,Best Value Father’s Day Deals – From $9.99,https://t.cfjump.com/90610/o/141380,2025-08-15 00:00:00.000,2025-08-31 23:59:59.000
16125,2016-11-24 10:13:23.097,2021-06-02 10:49:01.440,39270,https://c.cfjump.com/Avatars/af4bd2fe-a9b0-461c-a9b8-99b86e97544f.png,CSIRO Total Wellbeing Diet,Get a refund of your $199 program fee if you adhere to the program conditions!,Get a refund of your $199 program fee if you adhere to the program conditions!,https://t.cfjump.com/90610/o/16125,2016-11-24 00:00:00.000,
126916,2024-07-11 16:14:35.690,2024-07-11 16:14:35.690,77472,https://c.cfjump.com/Avatars/d0ae8b2d-f785-4693-862d-a56108db13dd.png,Dope Skin Co,Save upto 30% on Skincare Kits & Bundles,,https://t.cfjump.com/90610/o/126916,2024-07-11 00:00:00.000,
126917,2024-07-11 16:15:00.847,2025-05-22 09:46:39.213,77472,https://c.cfjump.com/Avatars/d0ae8b2d-f785-4693-862d-a56108db13dd.png,Dope Skin Co,Free Shipping on orders over $69,Free Shiping for all Australian Orders - orders over $69AUD,https://t.cfjump.com/90610/o/126917,2024-07-11 00:00:00.000,
78888,2021-03-18 13:20:05.387,2022-04-06 15:27:50.180,72806,https://c.cfjump.com/Avatars/b695840f-bba2-4512-b0b5-2c9d8f4aad8d.png,Ecoriginals,50% OFF Trial Pack ,,https://t.cfjump.com/90610/o/78888,2021-03-18 00:00:00.000,
78890,2021-03-18 13:20:29.510,2021-03-18 13:20:29.510,72806,https://c.cfjump.com/Avatars/b695840f-bba2-4512-b0b5-2c9d8f4aad8d.png,Ecoriginals,AUSTRALIA’S HIGHEST RATED NAPPY,,https://t.cfjump.com/90610/o/78890,2021-03-18 00:00:00.000,
78891,2021-03-18 13:21:05.400,2021-03-18 13:21:05.400,72806,https://c.cfjump.com/Avatars/b695840f-bba2-4512-b0b5-2c9d8f4aad8d.png,Ecoriginals,WORLD'S FIRST PLASTIC NEUTRAL NAPPY COMPANY,,https://t.cfjump.com/90610/o/78891,2021-03-18 00:00:00.000,
78892,2021-03-18 13:21:34.417,2021-03-18 13:21:34.417,72806,https://c.cfjump.com/Avatars/b695840f-bba2-4512-b0b5-2c9d8f4aad8d.png,Ecoriginals,"Convenient Delivery - Change, pause or cancel any time",,https://t.cfjump.com/90610/o/78892,2021-03-18 00:00:00.000,
78893,2021-03-18 13:21:44.887,2021-03-18 13:21:44.887,72806,https://c.cfjump.com/Avatars/b695840f-bba2-4512-b0b5-2c9d8f4aad8d.png,Ecoriginals,Money Back Guarantee - We know you’ll be 100% satisfied,,https://t.cfjump.com/90610/o/78893,2021-03-18 00:00:00.000,
87157,2021-10-28 08:06:09.647,2022-04-06 15:28:59.070,72806,https://c.cfjump.com/Avatars/b695840f-bba2-4512-b0b5-2c9d8f4aad8d.png,Ecoriginals,20% OFF ALL subscriptions,Base Commission: 10-20%,https://t.cfjump.com/90610/o/87157,2021-10-27 00:00:00.000,
87160,2021-10-28 08:11:04.920,2021-10-28 08:11:04.920,72806,https://c.cfjump.com/Avatars/b695840f-bba2-4512-b0b5-2c9d8f4aad8d.png,Ecoriginals,ULTIMATE ECO VALUE PACK OFFER,"The ULTIMATE ECO bundle comprises of 6 packs of nappies (customers choice of size) 
and 6 packs of wipes (customers choice of variant) PLUS BONUS GIFTS
The ULTIMATE ECO bundle is available to purchase one time for $159.99 or as a 
subscription for $127.96 (20% saving)",https://t.cfjump.com/90610/o/87160,2021-10-27 00:00:00.000,
96944,2022-05-25 11:40:49.197,2022-05-25 11:40:49.197,72806,https://c.cfjump.com/Avatars/b695840f-bba2-4512-b0b5-2c9d8f4aad8d.png,Ecoriginals,Save $40 with Baby Bundles!,"Choose from 3 bundle sizes to create your perfect fit. Bundle and save with our new curated sets of Ecoriginals, Econaps and guest product. ",https://t.cfjump.com/90610/o/96944,2022-05-25 00:00:00.000,
102786,2022-10-25 16:21:12.223,2022-10-25 16:21:12.223,72806,https://c.cfjump.com/Avatars/b695840f-bba2-4512-b0b5-2c9d8f4aad8d.png,Ecoriginals,Save over $300 with bulk nappies & wipes + Coffee Machine,"We’ve created a new bundle to help you take 10 minutes to yourself each morning. Enjoy 12 Packs of Nappies, 12 Pack of Wipes and an Opal One Coffee Machine.

Start your day the right way with our biggest value bundle, RRP valued at $600. This bundle saves you over $300.  ",https://t.cfjump.com/90610/o/102786,2022-10-25 00:00:00.000,
109678,2023-05-05 10:17:19.817,2023-05-05 10:17:19.817,72806,https://c.cfjump.com/Avatars/b695840f-bba2-4512-b0b5-2c9d8f4aad8d.png,Ecoriginals,20% OFF Cloth Nappy Set + FREE Coffee Machine ,Save over $350 on EcoNaps cloth nappies & accessories - PLUS a free Opal One Coffee Machine. Just in time to pamper mum for Mother's Day! Price is as stated on website. ,https://t.cfjump.com/90610/o/109678,2023-05-05 00:00:00.000,
50300,2018-12-04 11:32:21.570,2024-01-18 10:33:05.063,60519,https://c.cfjump.com/Avatars/9bf91b59-7396-4dad-9ca1-8f215121797a.png,Ella Baché,FREE SHIPPING ON ORDERS OVER $100,,https://t.cfjump.com/90610/o/50300,2018-12-04 00:00:00.000,
50301,2018-12-04 11:32:31.807,2018-12-04 11:32:31.807,60519,https://c.cfjump.com/Avatars/9bf91b59-7396-4dad-9ca1-8f215121797a.png,Ella Baché,AFTERPAY AVAILABLE ONLINE,,https://t.cfjump.com/90610/o/50301,2018-12-04 00:00:00.000,
121167,2024-01-23 13:44:32.007,2024-01-23 13:44:32.007,60519,https://c.cfjump.com/Avatars/9bf91b59-7396-4dad-9ca1-8f215121797a.png,Ella Baché,$20 OFF* Your First Order or Treatment,"*Receive $20 off your first Facial Treatment in participating salons or $20 off your first online order when you spend $50 on skincare products. $20 discount code is redeemable once only, call or email your preferred salon to confirm redemption eligibility, enter code at checkout at participating salons or present this verification email in salon to redeem. Not valid with *express facial treatments, valid at participating salons only. Gift is not transferable or redeemable for cash. Discount code is valid one month from date of issue. Offer not valid with any other discounts, promotions or the purchase of physical gift cards, e-gift cards or gift vouchers. Offer qualifying exclusions are clearance and sun products including foundations, body products, tanning products, tanning mitts, facial sponges and antibacterial wipes. ",https://t.cfjump.com/90610/o/121167,2024-01-23 00:00:00.000,
141415,2025-08-19 08:54:38.377,2025-08-19 08:54:53.690,60519,https://c.cfjump.com/Avatars/9bf91b59-7396-4dad-9ca1-8f215121797a.png,Ella Baché,$20 Off* Turnback Time September 2025,"$20 Off* Turnback Time  Treatment or $20 Off* products when spending $170 or more
Receive $20 off* Turnback Time Facial Treatment at participating salons. Receive $20 off* skincare products when you spend $170 or more on skincare products at participating salons.
To redeem in-salon, please contact your preferred location by phone or email to confirm participation. Offer valid only at participating salons.
For online purchases, receive $20 off when you spend $170 or more on eligible skincare products in a single transaction.
Offer not valid with any other discounts, promotions, or the purchase of physical gift cards, e-gift cards or gift vouchers.
Offer qualifying exclusions are clearance and sun products, including foundations, body products, tanning products, tanning mitts, facial sponges, facial sheet masks,  and antibacterial wipes.
Offer valid from Monday, 25th of August until  Sunday, 7th of September.",https://t.cfjump.com/90610/o/141415,2025-08-25 00:00:00.000,2025-09-07 23:59:59.000
141416,2025-08-19 09:07:13.020,2025-08-19 09:07:13.020,60519,https://c.cfjump.com/Avatars/9bf91b59-7396-4dad-9ca1-8f215121797a.png,Ella Baché,GWP September 2025,"Buy 2 Ella Baché Skincare products and receive your complimentary 
Eternal Instant Ultra Rich Cream Mask 50mL.
GWP qualifying exclusions are packs, clearance, and sun products, including foundations, body products, tanning products, tanning mitts, facial sponges, individual sheet masks, and antibacterial wipes. GWP cannot be exchanged or refunded. Available at participating salons and stores whilst stocks last. Ella Baché Salons are individually owned and operated. Visit ellabache.com.au for full terms and conditions.
Offer valid from: Monday 25th August - Sunday 21st September.",https://t.cfjump.com/90610/o/141416,2025-08-25 00:00:00.000,2025-09-21 23:59:59.000
141480,2025-08-20 13:01:21.890,2025-08-20 13:01:21.890,60519,https://c.cfjump.com/Avatars/9bf91b59-7396-4dad-9ca1-8f215121797a.png,Ella Baché,Mid Season Sale - August 2025,"30% off selected Serums and Oils.
30% off selected Serums and Oils offer is valid online & at participating salons 
from 31st August – 21st September or whilst stocks last. Offer redeemable on selected products only. Offer is not transferable or redeemable for cash. Offer not valid with any other discounts, promotions or the purchase of physical gift cards, e-gift cards or gift vouchers. The discounted price is final.",https://t.cfjump.com/90610/o/141480,2025-08-31 00:00:00.000,2025-09-21 23:59:59.000
141481,2025-08-20 13:46:39.190,2025-08-20 13:46:39.190,60519,https://c.cfjump.com/Avatars/9bf91b59-7396-4dad-9ca1-8f215121797a.png,Ella Baché,New Eternal | Innovation,Product available online and in salon. Contact your preferred salon to confirm stock availability. Ella Baché salons are individually owned and operated. We reserve the right to replace the product(s) depending on availability.,https://t.cfjump.com/90610/o/141481,2025-08-25 00:00:00.000,2025-10-31 23:59:59.000
132091,2024-11-25 15:08:50.847,2024-11-28 16:08:15.040,54318,https://c.cfjump.com/Avatars/193991ce-46b4-46e6-b41b-58d57b9db28e.png,Energy Locals,Switch to Simplicity & Savings with a Fair Energy Deal with Energy Locals,https://energylocals.com.au/terms-and-conditions,https://t.cfjump.com/90610/o/132091,2024-12-01 00:00:00.000,
132443,2024-12-02 15:15:38.473,2024-12-02 15:15:38.473,54318,https://c.cfjump.com/Avatars/193991ce-46b4-46e6-b41b-58d57b9db28e.png,Energy Locals,"NSW, switch to Energy Locals and get $100 free energy!",$100 credit applied to electricity bill a after six months if supply has not transferred to another provider. T&Cs apply.,https://t.cfjump.com/90610/o/132443,2024-12-02 00:00:00.000,
133302,2024-12-18 10:14:27.247,2024-12-18 10:14:49.543,54318,https://c.cfjump.com/Avatars/193991ce-46b4-46e6-b41b-58d57b9db28e.png,Energy Locals,NSW & VIC: Save on bills with up to $150 in free energy ,"$100 credit for electricity and $50 for gas, applied after six months

valid for NSW & VIC",https://t.cfjump.com/90610/o/133302,2024-12-18 00:00:00.000,
133303,2024-12-18 10:15:32.073,2025-07-11 10:50:01.660,54318,https://c.cfjump.com/Avatars/193991ce-46b4-46e6-b41b-58d57b9db28e.png,Energy Locals,VIC: Enjoy super low rates from 10am-3pm daily with our Daytime Saver plan.,"*On this plan, usage rates 10am to 3pm are 66% less than all other times. In the Powercor network, usage rates are 8.5c/kWh 10am to 3pm. 25c/kWh is the Anytime rate, all other hours. Offer is 19% less than VDO and lowest annual price is $1,363, based on residential usage of 4000 kWh/year on a time-of-use tariff in Powercor network.",https://t.cfjump.com/90610/o/133303,2024-12-18 00:00:00.000,
135840,2025-03-04 13:02:22.140,2025-03-04 13:02:46.703,54318,https://c.cfjump.com/Avatars/193991ce-46b4-46e6-b41b-58d57b9db28e.png,Energy Locals,Unlock thousands of exclusive discounts with a free Entertainment membership - Switch your energy,https://energylocals.com.au/terms-and-conditions-local-rewards/,https://t.cfjump.com/90610/o/135840,2025-03-04 00:00:00.000,
140244,2025-07-11 10:49:28.020,2025-07-11 10:49:28.020,54318,https://c.cfjump.com/Avatars/193991ce-46b4-46e6-b41b-58d57b9db28e.png,Energy Locals,SA: Enjoy super low rates from 10am-4pm daily with our Daytime Saver plan.,"*For Daytime Saver Plan, usage rates 10am-4pm are 71% less than at peak times. In the SA Power Network, usage rates are 13c/kWh 10am-4pm. 45.5c/kWh is the Peak rate, from 6am-10am & 4pm-midnight. Offer is 12% less than the reference price. Lowest annual price is $1,833, based on residential usage of 4000 kWh/year on a time-of-use tariff in SA Power Network. Smart Meter Required.",https://t.cfjump.com/90610/o/140244,2025-07-11 00:00:00.000,
63268,2020-02-07 11:09:32.767,2020-02-07 11:10:19.110,66951,https://c.cfjump.com/Avatars/2fe3306c-2bf3-42d8-b6a3-da537d208f8b.png,Ergobaby,DOLL CARRIERS: FOR YOUR LIGHTEST PLUS-ONE,,https://t.cfjump.com/90610/o/63268,2020-02-07 00:00:00.000,
66748,2020-05-22 12:26:09.123,2022-05-02 17:08:15.493,66951,https://c.cfjump.com/Avatars/2fe3306c-2bf3-42d8-b6a3-da537d208f8b.png,Ergobaby,NEW Omni Breeze - All babies. All carry positions. All-in-one. No insert needed.,,https://t.cfjump.com/90610/o/66748,2020-05-22 00:00:00.000,
94283,2022-03-17 13:31:32.483,2022-05-02 17:08:34.760,66951,https://c.cfjump.com/Avatars/2fe3306c-2bf3-42d8-b6a3-da537d208f8b.png,Ergobaby,NEWEST Ergobaby Carrier - Just for Newborns,,https://t.cfjump.com/90610/o/94283,2022-03-17 00:00:00.000,
96084,2022-05-02 17:07:09.650,2022-05-02 17:07:09.650,66951,https://c.cfjump.com/Avatars/2fe3306c-2bf3-42d8-b6a3-da537d208f8b.png,Ergobaby,Take 15% off your first full priced order ,Discount is redeemed by unique code when signing up to newsletter. First time customers only and 15% applies to full priced items only ,https://t.cfjump.com/90610/o/96084,2022-05-02 00:00:00.000,
128136,2024-08-23 10:14:44.670,2024-08-23 10:14:44.687,80712,https://c.cfjump.com/Avatars/f2f4fa82-48d4-42be-a89e-bef948f24b65.png,Ezmio,FREE SHIPPING FOR AUS ORDERS OVER $150,,https://t.cfjump.com/90610/o/128136,2024-08-23 00:00:00.000,
128137,2024-08-23 10:15:28.233,2024-08-23 10:15:42.047,80712,https://c.cfjump.com/Avatars/f2f4fa82-48d4-42be-a89e-bef948f24b65.png,Ezmio,EARN REWARDS & SPECIAL TIER GIFTS WITH OUR MANI MEMBERSHIP! Simply create an account and earn 50 polish points!,EARN REWARDS & SPECIAL TIER GIFTS WITH OUR MANI MEMBERSHIP! Simply create an account and earn 50 polish points!,https://t.cfjump.com/90610/o/128137,2024-08-23 00:00:00.000,
128139,2024-08-23 10:21:24.283,2025-05-09 09:30:39.950,80712,https://c.cfjump.com/Avatars/f2f4fa82-48d4-42be-a89e-bef948f24b65.png,Ezmio,Save up to $30+ on select bundle kits!,,https://t.cfjump.com/90610/o/128139,2024-08-23 00:00:00.000,
128142,2024-08-23 10:27:31.290,2025-05-09 09:30:45.510,80712,https://c.cfjump.com/Avatars/f2f4fa82-48d4-42be-a89e-bef948f24b65.png,Ezmio,Try our ALL NEW Essential Starter Kit for up to $20 OFF!,,https://t.cfjump.com/90610/o/128142,2024-08-23 00:00:00.000,
128144,2024-08-23 10:29:06.230,2025-05-09 09:30:55.260,80712,https://c.cfjump.com/Avatars/f2f4fa82-48d4-42be-a89e-bef948f24b65.png,Ezmio,Shop the look!,,https://t.cfjump.com/90610/o/128144,2024-08-23 00:00:00.000,
128146,2024-08-23 10:30:59.667,2025-05-09 09:31:03.683,80712,https://c.cfjump.com/Avatars/f2f4fa82-48d4-42be-a89e-bef948f24b65.png,Ezmio,"Discover the essential secret to nail health with our Roll on Cuticle Oil. Enriched with guava essential oils, it not only hydrates your cuticles but also fortifies your nails, ensuring they radiate strength and vitality.",,https://t.cfjump.com/90610/o/128146,2024-08-23 00:00:00.000,
134298,2025-01-16 08:40:29.777,2025-01-16 08:40:29.777,80712,https://c.cfjump.com/Avatars/f2f4fa82-48d4-42be-a89e-bef948f24b65.png,Ezmio,New product release - 3 After Dark Colours,,https://t.cfjump.com/90610/o/134298,2025-01-14 00:00:00.000,
134299,2025-01-16 08:40:56.150,2025-01-16 08:40:56.150,80712,https://c.cfjump.com/Avatars/f2f4fa82-48d4-42be-a89e-bef948f24b65.png,Ezmio,Valentines day collection ,Get a 14% discount off the collection. Code Required,https://t.cfjump.com/90610/o/134299,2025-01-31 00:00:00.000,
134300,2025-01-16 08:41:15.683,2025-01-16 08:41:15.683,80712,https://c.cfjump.com/Avatars/f2f4fa82-48d4-42be-a89e-bef948f24b65.png,Ezmio,Gift with purchase - Valentines day love heart nail stickers,Gift with purchase - Valentines day love heart nail stickers until sold out,https://t.cfjump.com/90610/o/134300,2025-01-31 00:00:00.000,
134301,2025-01-16 08:41:28.417,2025-01-16 08:41:28.417,80712,https://c.cfjump.com/Avatars/f2f4fa82-48d4-42be-a89e-bef948f24b65.png,Ezmio,new collection of nail art items,new collection of nail art items,https://t.cfjump.com/90610/o/134301,2025-02-18 00:00:00.000,
131233,2024-11-12 10:13:47.200,2025-05-09 09:31:43.543,80712,https://c.cfjump.com/Avatars/f2f4fa82-48d4-42be-a89e-bef948f24b65.png,Ezmio,Early Black Friday: FREE SHIPPING FOR AUS ORDERS OVER $150,Early Black Friday: FREE SHIPPING FOR AUS ORDERS OVER $150,https://t.cfjump.com/90610/o/131233,2024-11-11 00:00:00.000,2025-10-31 23:59:59.000
121773,2024-02-08 13:08:29.877,2024-02-08 13:08:29.877,60709,https://c.cfjump.com/Avatars/db1e4773-7fac-4757-8328-4dd075f39707.png,Foreo,Want 10% off your first order?,,https://t.cfjump.com/90610/o/121773,2024-02-08 00:00:00.000,
121774,2024-02-08 13:09:31.803,2024-02-08 13:09:31.803,60709,https://c.cfjump.com/Avatars/db1e4773-7fac-4757-8328-4dd075f39707.png,Foreo,FREE SHIPPING OVER 200 EURO,,https://t.cfjump.com/90610/o/121774,2024-02-08 00:00:00.000,
128251,2024-08-27 16:02:21.633,2024-08-27 16:02:21.633,60709,https://c.cfjump.com/Avatars/db1e4773-7fac-4757-8328-4dd075f39707.png,Foreo,FAQ 301,"Pre-order it first & get a free hair serum
Pre-order gift: FAQ™ Scalp Recovery & Thick Hair Probiotic Serum
",https://t.cfjump.com/90610/o/128251,2024-08-27 00:00:00.000,
129539,2024-09-27 23:32:39.820,2024-09-27 23:32:39.820,60709,https://c.cfjump.com/Avatars/db1e4773-7fac-4757-8328-4dd075f39707.png,Foreo,FOREO Top hair care ,"Dear Affiliates, 
We’re excited to share a new opportunity for you to boost your earnings! You now have access to our FOREO hair care landing page
Happy promoting! 
Best, 
FOREO Affiliate Team",https://t.cfjump.com/90610/o/129539,2024-09-27 00:00:00.000,
123157,2024-03-19 12:00:54.603,2024-03-19 12:00:54.603,88972,https://c.cfjump.com/Avatars/af190883-89fa-430f-a5d6-5f3ad880b669.png,Freddy Store,FREE EXPRESS SHIPPING ON ALL ORDERS OVER $270,,https://t.cfjump.com/90610/o/123157,2024-03-19 00:00:00.000,
123158,2024-03-19 12:01:11.183,2024-03-19 12:01:11.183,88972,https://c.cfjump.com/Avatars/af190883-89fa-430f-a5d6-5f3ad880b669.png,Freddy Store,NEW ARRIVALS,,https://t.cfjump.com/90610/o/123158,2024-03-19 00:00:00.000,
123276,2024-03-20 15:19:33.850,2024-03-20 15:19:33.850,88972,https://c.cfjump.com/Avatars/af190883-89fa-430f-a5d6-5f3ad880b669.png,Freddy Store,New customers subscriptions get $20 discount code,,https://t.cfjump.com/90610/o/123276,2024-03-20 00:00:00.000,
123277,2024-03-20 15:19:59.557,2024-03-20 15:19:59.557,88972,https://c.cfjump.com/Avatars/af190883-89fa-430f-a5d6-5f3ad880b669.png,Freddy Store,Freddy Rewards (Loyalty Program),"*Earn 1 point for every dollar purchase*Redeem $25 for every 450 points earned*The more spend, the more perks. Details of Rewards level and benefits can be found here ",https://t.cfjump.com/90610/o/123277,2024-03-20 00:00:00.000,
138817,2025-05-16 14:02:43.660,2025-05-16 14:02:43.660,88972,https://c.cfjump.com/Avatars/af190883-89fa-430f-a5d6-5f3ad880b669.png,Freddy Store,FREDDY FRENZY,"Spend $200+ = SAVE $30!
Spend $400+ = SAVE $100!
Spend $700+ = SAVE $200!
Spend $1100+ = SAVE $400!",https://t.cfjump.com/90610/o/138817,2025-05-13 00:00:00.000,
11827,2016-06-24 15:40:54.247,2016-06-24 15:40:54.247,35276,https://c.cfjump.com/Avatars/70543259-c12c-44ef-8417-3fb89a5b5559.png,Fresh Beauty Co.,Loyalty Members get 5% off,Just sign up as a loyalty member,https://t.cfjump.com/90610/o/11827,2016-06-24 00:00:00.000,
11828,2016-06-24 15:41:30.523,2016-06-24 15:41:30.523,35276,https://c.cfjump.com/Avatars/70543259-c12c-44ef-8417-3fb89a5b5559.png,Fresh Beauty Co.,Earn 1 Qantas point for every $ spent,Earn 1 Qantas point for every $ spent,https://t.cfjump.com/90610/o/11828,2016-06-24 00:00:00.000,
11829,2016-06-24 15:42:39.640,2016-06-24 15:42:39.640,35276,https://c.cfjump.com/Avatars/70543259-c12c-44ef-8417-3fb89a5b5559.png,Fresh Beauty Co.,Fresh Fragrances - Free Shipping!,No coupon needed,https://t.cfjump.com/90610/o/11829,2016-06-24 00:00:00.000,
11997,2016-07-08 10:57:01.253,2016-07-08 10:57:13.583,35276,https://c.cfjump.com/Avatars/70543259-c12c-44ef-8417-3fb89a5b5559.png,Fresh Beauty Co.,Up to 20% discount on all of your purchases!,"All you need to do is Join The Fresh™ Fragrances & Cosmetics Loyalty Club, it's FREE!",https://t.cfjump.com/90610/o/11997,2016-07-08 00:00:00.000,
11998,2016-07-08 10:59:47.847,2016-07-08 10:59:47.847,35276,https://c.cfjump.com/Avatars/70543259-c12c-44ef-8417-3fb89a5b5559.png,Fresh Beauty Co.,"Lancome, Clarins & Estee Lauder Newest Products Available Now!","Lancome, Clarins & Estee Lauder Newest Products Available Now!",https://t.cfjump.com/90610/o/11998,2016-07-08 00:00:00.000,
12162,2016-07-15 10:25:33.763,2016-07-15 10:25:33.763,35276,https://c.cfjump.com/Avatars/70543259-c12c-44ef-8417-3fb89a5b5559.png,Fresh Beauty Co.,AESOP from $27,AESOP from $27,https://t.cfjump.com/90610/o/12162,2016-07-15 00:00:00.000,
12163,2016-07-15 10:26:29.990,2016-07-15 10:26:48.937,35276,https://c.cfjump.com/Avatars/70543259-c12c-44ef-8417-3fb89a5b5559.png,Fresh Beauty Co.,Sale Items from $6,Sale Items from $6,https://t.cfjump.com/90610/o/12163,2016-07-15 00:00:00.000,
12254,2016-07-22 10:11:56.617,2016-07-22 10:11:56.617,35276,https://c.cfjump.com/Avatars/70543259-c12c-44ef-8417-3fb89a5b5559.png,Fresh Beauty Co.,Floral Fragrances for Her - From $12,Floral Fragrances for Her - From $12,https://t.cfjump.com/90610/o/12254,2016-07-22 00:00:00.000,
12255,2016-07-22 10:13:37.957,2016-07-22 10:13:37.957,35276,https://c.cfjump.com/Avatars/70543259-c12c-44ef-8417-3fb89a5b5559.png,Fresh Beauty Co.,Reinvigorate His Scent - From $12,Reinvigorate His Scent - From $12,https://t.cfjump.com/90610/o/12255,2016-07-22 00:00:00.000,
57465,2019-08-16 10:50:24.503,2019-08-16 10:50:24.503,65027,https://c.cfjump.com/Avatars/4c13536a-af03-448e-86ad-3b495092c59c.png,Georg Jensen,Free delivery Australia-wide for orders over $150 and under 2 kg,,https://t.cfjump.com/90610/o/57465,2019-08-16 00:00:00.000,
57466,2019-08-16 10:50:59.240,2019-08-16 10:50:59.240,65027,https://c.cfjump.com/Avatars/4c13536a-af03-448e-86ad-3b495092c59c.png,Georg Jensen,Sign up for exclusive offers,,https://t.cfjump.com/90610/o/57466,2019-08-16 00:00:00.000,
136775,2025-03-25 12:31:18.557,2025-03-25 12:31:18.557,9371,https://c.cfjump.com/Avatars/2680877e-fd2b-4d10-9df3-0bc925d2d560.png,Get Wines Direct,$40 OFF New Customer Campaign USE Promo Code - 4NCCF23  ,"USE Promo Code - 4NCCF23 for $40 Off Your First Order

This promotion will run from 25.03.2025 until midnight (11:59pm) 30.12.2025 

This promotion can not be used in conjunction with any other promotions or loyalty discounts. 
 
One-time use per customer. 

Failure to add promotional code 4NCCF23 at checkout will result in regular prices",https://t.cfjump.com/90610/o/136775,2025-03-25 00:00:00.000,2025-12-31 23:59:59.000
131507,2024-11-15 13:02:38.067,2024-11-15 13:02:38.067,62126,https://c.cfjump.com/Avatars/4257d237-d919-47ba-829d-bdc181e7a560.png,Gift Card Store,FREE courier delivery upgrade,"Order over $1,250 in value or 10+ cards for a FREE courier delivery upgrade.",https://t.cfjump.com/90610/o/131507,2024-11-15 00:00:00.000,
95978,2022-04-28 14:42:43.020,2022-05-13 10:09:53.287,62126,https://c.cfjump.com/Avatars/4257d237-d919-47ba-829d-bdc181e7a560.png,Gift Card Store,Same-day delivery Digital Gift Cards,* Order must be placed before 1pm to be sent same day. Orders placed after 1pm will be sent the next business day. Please note: orders placed after 1pm on a Friday will be sent the following Monday.,https://t.cfjump.com/90610/o/95978,2022-04-28 00:00:00.000,
126278,2024-06-18 12:04:49.880,2024-06-18 12:06:00.443,89534,https://c.cfjump.com/Avatars/bc02e577-694a-4a4a-945b-9904e60c6b2b.png,GiftBox,"Sign up for exclusive access to our latest products, exclusive discounts & $10 OFF YOUR FIRST PURCHASE*",- Applies to orders over $100*,https://t.cfjump.com/90610/o/126278,2024-06-18 00:00:00.000,
126279,2024-06-18 12:05:28.630,2024-06-18 12:05:28.630,89534,https://c.cfjump.com/Avatars/bc02e577-694a-4a4a-945b-9904e60c6b2b.png,GiftBox,$6 Same Day Delivery,,https://t.cfjump.com/90610/o/126279,2024-06-18 00:00:00.000,
128898,2024-09-16 20:23:13.093,2024-09-16 20:23:13.093,89534,https://c.cfjump.com/Avatars/bc02e577-694a-4a4a-945b-9904e60c6b2b.png,GiftBox,Free Delivery Over $100*,"Delivery Method
All postage is sent via the Australia Post Eparcel network. 

Shipping Fees
All purchases will attract a flat shipping fee within Australia. Orders over $100* will receive free regular shipping. *Excludes Arcade Machines

Tracking Your Order
When you create an account to shop on Smokemart & GiftBox it asks for an email address, once you have made a purchase a unique tracking number will be sent to the nominated email address and you can track the order through the Australia Post website https://auspost.com.au/mypost/track/
The postage tracker will identify when the goods have been dispatched and are ready for delivery to your home, if delivery is unsuccessful (no one is home) the goods can be picked up from your local Australia Post outlet.

Delivery Times
Delivery times may vary depending on which type of postage option is selected; the two options are Regular Parcel Post and Express Parcel Post which is a faster but more expensive option. Delivery times may also be affected by the area/ postcode the parcel is being sent to, some areas are classed as being outside of the standard Australia Post network which takes longer to arrive.

Delivery Days
Delivery days are classed as business days of Monday – Friday. Orders cannot be sent on public holidays or weekends.

* For all Arcade Machine purchases within Australia, a flat shipping fee of $49 will apply. Note that free shipping for orders over $100 does not apply to Arcade Machines due to their big and bulky nature.",https://t.cfjump.com/90610/o/128898,2024-09-17 00:00:00.000,
126277,2024-06-18 12:04:24.273,2024-07-22 16:45:46.437,89534,https://c.cfjump.com/Avatars/bc02e577-694a-4a4a-945b-9904e60c6b2b.png,GiftBox,Free Click and Collect,,https://t.cfjump.com/90610/o/126277,2024-06-18 00:00:00.000,
126280,2024-06-18 12:05:37.180,2024-07-22 16:45:13.140,89534,https://c.cfjump.com/Avatars/bc02e577-694a-4a4a-945b-9904e60c6b2b.png,GiftBox,Afterpay Available,Afterpay Available,https://t.cfjump.com/90610/o/126280,2024-06-18 00:00:00.000,
127186,2024-07-22 16:53:10.350,2024-08-05 09:48:27.420,89534,https://c.cfjump.com/Avatars/bc02e577-694a-4a4a-945b-9904e60c6b2b.png,GiftBox,Clearance Sale,"Clearance Sale
Further 50% off applied to already reduced Lines Prices as Marked ",https://t.cfjump.com/90610/o/127186,2024-07-22 00:00:00.000,
128703,2024-09-10 17:36:14.803,2024-09-10 17:51:04.467,89534,https://c.cfjump.com/Avatars/bc02e577-694a-4a4a-945b-9904e60c6b2b.png,GiftBox,Smart Tech Launch - Diffuser Anti Gravity Eclipse | $69.99 ,see website for T&C's ,https://t.cfjump.com/90610/o/128703,2024-09-10 00:00:00.000,
128704,2024-09-10 17:37:26.350,2024-09-10 17:37:26.350,89534,https://c.cfjump.com/Avatars/bc02e577-694a-4a4a-945b-9904e60c6b2b.png,GiftBox,Smart Tech Launch - Diffuser Bamboo Speaker | $69.99,see website for T&C's ,https://t.cfjump.com/90610/o/128704,2024-09-10 00:00:00.000,
128705,2024-09-10 17:47:38.467,2024-09-10 17:47:38.467,89534,https://c.cfjump.com/Avatars/bc02e577-694a-4a4a-945b-9904e60c6b2b.png,GiftBox,Smart Tech Launch - Diffuser Rain Drop Mushroom | $69.99,see website for T&C's ,https://t.cfjump.com/90610/o/128705,2024-09-10 00:00:00.000,
128706,2024-09-10 17:49:45.217,2024-09-10 17:49:45.217,89534,https://c.cfjump.com/Avatars/bc02e577-694a-4a4a-945b-9904e60c6b2b.png,GiftBox,Smart Tech Launch - Smart Lamp W BT Speaker & Charging Station Black | $59.99,see website for T&C's ,https://t.cfjump.com/90610/o/128706,2024-09-10 00:00:00.000,
128707,2024-09-10 17:50:31.467,2024-09-10 17:50:31.467,89534,https://c.cfjump.com/Avatars/bc02e577-694a-4a4a-945b-9904e60c6b2b.png,GiftBox,Smart Tech Launch - Smart Speaker Lamp Eclipse White | $59.99,see website for T&C's ,https://t.cfjump.com/90610/o/128707,2024-09-10 00:00:00.000,
128708,2024-09-10 17:51:44.310,2024-09-10 17:55:10.330,89534,https://c.cfjump.com/Avatars/bc02e577-694a-4a4a-945b-9904e60c6b2b.png,GiftBox,Smart Tech Launch - Wireless Charger Hoop | $49.99,see website for T&C's ,https://t.cfjump.com/90610/o/128708,2024-09-10 00:00:00.000,
128709,2024-09-10 17:57:56.443,2024-09-10 17:57:56.443,89534,https://c.cfjump.com/Avatars/bc02e577-694a-4a4a-945b-9904e60c6b2b.png,GiftBox,Smart Tech Launch - Wireless Charger Multi Function | $59.99,see website for T&C's ,https://t.cfjump.com/90610/o/128709,2024-09-10 00:00:00.000,
128710,2024-09-10 17:58:27.723,2024-09-10 17:58:27.723,89534,https://c.cfjump.com/Avatars/bc02e577-694a-4a4a-945b-9904e60c6b2b.png,GiftBox,Smart Tech Launch - Wireless Charger Slab Rgb | $39.99,see website for T&C's ,https://t.cfjump.com/90610/o/128710,2024-09-10 00:00:00.000,
129278,2024-09-24 16:09:46.183,2024-09-24 16:09:46.183,89534,https://c.cfjump.com/Avatars/bc02e577-694a-4a4a-945b-9904e60c6b2b.png,GiftBox,LED Pickleball Set | $79.99,see website for T&C's ,https://t.cfjump.com/90610/o/129278,2024-09-24 00:00:00.000,
129279,2024-09-24 16:10:39.823,2024-09-24 16:10:39.823,89534,https://c.cfjump.com/Avatars/bc02e577-694a-4a4a-945b-9904e60c6b2b.png,GiftBox,Baseball Drinking Game Hit or Drink | $39.99,see website for T&C's ,https://t.cfjump.com/90610/o/129279,2024-09-24 00:00:00.000,
129280,2024-09-24 16:11:30.637,2024-09-24 16:11:30.637,89534,https://c.cfjump.com/Avatars/bc02e577-694a-4a4a-945b-9904e60c6b2b.png,GiftBox,MyGenie H20 Pro Wet Mop 2in1 Cordless Stick Vacuum Blue | $139 ,see website for T&C's ,https://t.cfjump.com/90610/o/129280,2024-09-24 00:00:00.000,
129281,2024-09-24 16:12:51.857,2024-09-24 16:12:51.857,89534,https://c.cfjump.com/Avatars/bc02e577-694a-4a4a-945b-9904e60c6b2b.png,GiftBox,Kitchen Couture Digital Air Fryer 12L | $119,see website for T&C's ,https://t.cfjump.com/90610/o/129281,2024-09-24 00:00:00.000,
129282,2024-09-24 16:13:25.903,2024-09-24 16:13:25.903,89534,https://c.cfjump.com/Avatars/bc02e577-694a-4a4a-945b-9904e60c6b2b.png,GiftBox,Kitchen Couture French Door Air Fryer 25L | $199,see website for T&C's ,https://t.cfjump.com/90610/o/129282,2024-09-24 00:00:00.000,
129283,2024-09-24 16:14:21.513,2024-09-24 16:14:21.513,89534,https://c.cfjump.com/Avatars/bc02e577-694a-4a4a-945b-9904e60c6b2b.png,GiftBox,Rechargeable Eye Massager With Wireless Bluetooth Speaker | $79.99 ,see website for T&C's ,https://t.cfjump.com/90610/o/129283,2024-09-24 00:00:00.000,
129284,2024-09-24 16:15:51.110,2024-09-24 16:15:51.110,89534,https://c.cfjump.com/Avatars/bc02e577-694a-4a4a-945b-9904e60c6b2b.png,GiftBox,Rechargeable Neck & Shoulder Massager | $89.99 ,see website for T&C's ,https://t.cfjump.com/90610/o/129284,2024-09-24 00:00:00.000,
129285,2024-09-24 16:17:18.953,2024-09-24 16:17:18.953,89534,https://c.cfjump.com/Avatars/bc02e577-694a-4a4a-945b-9904e60c6b2b.png,GiftBox,Multi Head Massage Paddle | $69.99 ,see website for T&C's ,https://t.cfjump.com/90610/o/129285,2024-09-24 00:00:00.000,
129286,2024-09-24 16:17:50.687,2024-09-24 16:17:50.687,89534,https://c.cfjump.com/Avatars/bc02e577-694a-4a4a-945b-9904e60c6b2b.png,GiftBox,SWIG Cooler Bag With Trolley Black Grey 28L | $129 ,see website for T&C's ,https://t.cfjump.com/90610/o/129286,2024-09-24 00:00:00.000,
129287,2024-09-24 16:19:36.267,2024-09-24 16:19:36.267,89534,https://c.cfjump.com/Avatars/bc02e577-694a-4a4a-945b-9904e60c6b2b.png,GiftBox,Swig Cooler Bag With Trolley Desert Sand 28L | $129,see website for T&C's ,https://t.cfjump.com/90610/o/129287,2024-09-24 00:00:00.000,
131726,2024-11-20 00:05:39.843,2024-11-20 00:05:39.843,89534,https://c.cfjump.com/Avatars/bc02e577-694a-4a4a-945b-9904e60c6b2b.png,GiftBox,Minimum 20 to 50% off Smart tech xecho ,see website for T&C's ,https://t.cfjump.com/90610/o/131726,2024-11-20 00:00:00.000,
131727,2024-11-20 00:06:19.967,2024-11-20 00:06:19.967,89534,https://c.cfjump.com/Avatars/bc02e577-694a-4a4a-945b-9904e60c6b2b.png,GiftBox,Minimum 20% off ALL Swig range,see website for T&C's ,https://t.cfjump.com/90610/o/131727,2024-11-20 00:00:00.000,
131728,2024-11-20 00:06:51.530,2024-11-20 00:06:51.530,89534,https://c.cfjump.com/Avatars/bc02e577-694a-4a4a-945b-9904e60c6b2b.png,GiftBox,20% off ALL Lighting,see website for T&C's ,https://t.cfjump.com/90610/o/131728,2024-11-20 00:00:00.000,
131729,2024-11-20 00:07:22.453,2024-11-20 00:07:22.453,89534,https://c.cfjump.com/Avatars/bc02e577-694a-4a4a-945b-9904e60c6b2b.png,GiftBox,20% off ALL Sandman,see website for T&C's ,https://t.cfjump.com/90610/o/131729,2024-11-20 00:00:00.000,
131730,2024-11-20 00:07:51.843,2024-11-20 00:07:51.843,89534,https://c.cfjump.com/Avatars/bc02e577-694a-4a4a-945b-9904e60c6b2b.png,GiftBox,30% off ALL Drones: I-Hawk and Home brand,see website for T&C's ,https://t.cfjump.com/90610/o/131730,2024-11-20 00:00:00.000,
131731,2024-11-20 00:08:21.047,2024-11-20 00:08:21.047,89534,https://c.cfjump.com/Avatars/bc02e577-694a-4a4a-945b-9904e60c6b2b.png,GiftBox,20% off ALL Party Speakers,see website for T&C's ,https://t.cfjump.com/90610/o/131731,2024-11-20 00:00:00.000,
131732,2024-11-20 00:08:52.003,2024-11-20 00:08:52.003,89534,https://c.cfjump.com/Avatars/bc02e577-694a-4a4a-945b-9904e60c6b2b.png,GiftBox,30% off ALL Nebo,see website for T&C's ,https://t.cfjump.com/90610/o/131732,2024-11-20 00:00:00.000,
131733,2024-11-20 00:09:24.017,2024-11-20 00:09:24.017,89534,https://c.cfjump.com/Avatars/bc02e577-694a-4a4a-945b-9904e60c6b2b.png,GiftBox,30% off ALL Gerber,see website for T&C's ,https://t.cfjump.com/90610/o/131733,2024-11-20 00:00:00.000,
131734,2024-11-20 00:10:02.067,2024-11-20 00:10:02.067,89534,https://c.cfjump.com/Avatars/bc02e577-694a-4a4a-945b-9904e60c6b2b.png,GiftBox,30% off ALL Swiss Army Knives,see website for T&C's ,https://t.cfjump.com/90610/o/131734,2024-11-20 00:00:00.000,
131735,2024-11-20 00:10:27.473,2024-11-20 00:10:27.473,89534,https://c.cfjump.com/Avatars/bc02e577-694a-4a4a-945b-9904e60c6b2b.png,GiftBox,40% off ALL Zippo Packs,see website for T&C's ,https://t.cfjump.com/90610/o/131735,2024-11-20 00:00:00.000,
110333,2023-05-24 16:41:41.703,2023-05-24 16:41:41.703,85205,https://c.cfjump.com/Avatars/4b4fb6c4-cdba-41f6-9928-f41b83ad938b.png,Green Gadgets,Free Shipping - Same Day Dispatch,,https://t.cfjump.com/90610/o/110333,2023-05-24 00:00:00.000,
110334,2023-05-24 16:41:55.517,2023-05-24 16:41:55.517,85205,https://c.cfjump.com/Avatars/4b4fb6c4-cdba-41f6-9928-f41b83ad938b.png,Green Gadgets,30 Day Satisfaction Guarantee - Love it or Return it,,https://t.cfjump.com/90610/o/110334,2023-05-24 00:00:00.000,
110768,2023-06-05 14:17:28.407,2023-06-05 14:18:55.673,85205,https://c.cfjump.com/Avatars/4b4fb6c4-cdba-41f6-9928-f41b83ad938b.png,Green Gadgets,Subscribe & Save 5% First Purchase,"Subscriber Coupon
Individuals must become a 'Subscriber' to our Marketing Emails to receive a 5% discount code via email.

Subscriber Coupon codes are limited to first time email subscribers only
Limit of one discount code per customer
Coupons will expire 60 days from issue date and cannot be extended
Coupon is single use only, non-transferable and must be used in a single checkout process
Only one discount code can be used per order
Green Gadgets reserves the right to amend or cancel orders if a customer is in breach of our Subscriber Coupon Terms and Conditions
Coupon codes cannot be used in conjunction with any sale or bundle items and any other offers, unless otherwise specified in the promotion.",https://t.cfjump.com/90610/o/110768,2023-06-05 00:00:00.000,
102247,2022-10-14 11:28:24.933,2022-10-14 11:28:49.607,81245,https://c.cfjump.com/Avatars/1a18f88a-8536-4d21-aeb7-3829c87276a6.png,Grown Alchemist,Free shipping orders above AU$50 in Australia,,https://t.cfjump.com/90610/o/102247,2022-10-14 00:00:00.000,
102248,2022-10-14 11:29:10.043,2023-11-16 04:00:40.410,81245,https://c.cfjump.com/Avatars/1a18f88a-8536-4d21-aeb7-3829c87276a6.png,Grown Alchemist,Free shipping for orders above NZ$75 in New Zealand,,https://t.cfjump.com/90610/o/102248,2022-10-14 00:00:00.000,
102249,2022-10-14 11:29:46.310,2022-10-14 11:29:46.310,81245,https://c.cfjump.com/Avatars/1a18f88a-8536-4d21-aeb7-3829c87276a6.png,Grown Alchemist,30-day return policy,"
Please allow 3-5 business days for your order to ship. For any order related questions, please reach out to customercare@grownalchemist.com and our customer service team will be more than happy to assist you!

Shipping Rates
Shipping within the USA:

Free – Standard shipping for all orders shipped within USA.

$8 – Expedited shipping (2-day delivery).

International shipping

Standard shipping to available destinations outside the USA:

$25 – orders below US$125 (standard shipping).

Free – orders above US$75 sent within USS (standard shipping).

If you would like to ship to another country, please change the country selector in the header menu. Different shipping rates will apply.

Free shipping may not apply when used in conjunction with other promotions. Please review your order at checkout to see if you meet free shipping spend requirements.

Standard Shipping within Australia:

$9 – orders below AU$50.

Free – orders above AU$50.

If you would like to ship to a country outside of Australia, please change the country selector in the header menu. Different shipping rates will apply.

Free shipping may not apply when used in conjunction with other promotions. Please review your order at checkout to see if you meet spend requirements.

Standard Shipping within New Zealand:

$9.95 – orders below NZ$50.

Free – orders above NZ$50.

If you would like to ship to a country outside of New Zealand, please change country selector in the header menu. Different shipping rates will apply.

Free shipping may not apply when used in conjunction with other promotions. Please review your order at checkout to see if you meet free shipping spend requirements.

Standard Shipping within the EU:

€25.00 – orders below €75.

Free Shipping – orders above €75.

If you would like to ship to a country outside the EU (including the U.K.), please change the country selector in the header menu. Different shipping rates will apply.

Free shipping may not apply when used in conjunction with other promotions. Please review your order at checkout to see if you meet spend requirements.

Standard Shipping within the U.K.:

£25.00 – orders below £75.

Free Shipping – orders above £75.

If you would like to ship to a country outside of the U.K. please change the country selector in the header menu. Different shipping rates will apply.

Free shipping may not apply when used in conjunction with other promotions. Please review your order at checkout to see if you meet free shipping spend requirements.

International Shipping Rates

Returns and exchanges
Grown Alchemist has a 30-day return policy: you have 30 days from when your order is delivered to ship/postmark it back to our return centre for a refund or exchange.

Returning or exchanging your purchase
Items purchased via grownalchemist.com can be returned to us directly for a refund or exchange. Items purchased via specialty stockists or retailer must be returned to their original point of purchase.

Grown Alchemist has a 30-day return policy: you have 30 days from when your order is delivered to ship/postmark it back to our return centre for a refund or exchange.

When returning any items being submitted must be unopened and in their original sale condition. Should you decided to return or exchange your order you will be responsible for any additional postage. When submitting items for return please place the item(s) in the original shipping box, or any other solid carton box. Close the box and tape it securely. You may ship your return with a carrier of your choice. For your safety, make sure to get a tracking number so that the carrier will refund you in the event of theft or loss during delivery to our warehouse.

Please send the package to:

Grown Alchemist Online Returns

PO Box 249

North Melbourne, 3051

Australia

Gifted items purchased from our website can be exchanged providing the product is unopened and you have proof of purchase. We do not offer refunds for gifted items.

In the unlikely event that items in your Grown Alchemist order are damaged, faulty or incorrect please contact our Customer Service team via customercare@grownalchemist.com to arrange your product return or exchange.",https://t.cfjump.com/90610/o/102249,2022-10-14 00:00:00.000,
102434,2022-10-19 10:04:04.750,2022-10-22 07:50:18.697,81245,https://c.cfjump.com/Avatars/1a18f88a-8536-4d21-aeb7-3829c87276a6.png,Grown Alchemist,Free shipping + free minis added to orders above $50,,https://t.cfjump.com/90610/o/102434,2022-10-19 00:00:00.000,
140687,2025-07-30 03:58:53.973,2025-07-30 03:58:53.973,81245,https://c.cfjump.com/Avatars/1a18f88a-8536-4d21-aeb7-3829c87276a6.png,Grown Alchemist,SPEND & SAVE,"25% OFF $120
SITEWIDE ONLINE ONLY",https://t.cfjump.com/90610/o/140687,2025-08-22 00:00:00.000,2025-08-29 23:59:59.000
140688,2025-07-30 03:59:58.350,2025-07-30 03:59:58.350,81245,https://c.cfjump.com/Avatars/1a18f88a-8536-4d21-aeb7-3829c87276a6.png,Grown Alchemist,LIMITED EDITION NOT YOUR EVERYDAY SHOWER BUNDLE  (BODY CLEANSER + BODY EXFOLIATOR),25% OFF NOT YOUR EVERYDAY SHOWE BUNDLE,https://t.cfjump.com/90610/o/140688,2025-08-01 00:00:00.000,2025-08-31 23:59:59.000
102246,2022-10-14 11:27:50.183,2024-08-22 01:05:50.083,81245,https://c.cfjump.com/Avatars/1a18f88a-8536-4d21-aeb7-3829c87276a6.png,Grown Alchemist,SIGN UP TO GET 15% OFF YOUR FIRST ORDER,,https://t.cfjump.com/90610/o/102246,2022-10-14 00:00:00.000,
103271,2022-11-04 13:06:49.097,2022-11-04 13:06:49.097,82081,https://c.cfjump.com/Avatars/ed0225fc-f481-4458-9168-32f005088a0f.png,Gym Plus Australia,Signup and get $15 Welcome Offer,,https://t.cfjump.com/90610/o/103271,2022-11-04 00:00:00.000,
103272,2022-11-04 13:15:59.617,2022-11-04 13:15:59.617,82081,https://c.cfjump.com/Avatars/ed0225fc-f481-4458-9168-32f005088a0f.png,Gym Plus Australia,Zippay and Afterpay available!,,https://t.cfjump.com/90610/o/103272,2022-11-04 00:00:00.000,
103273,2022-11-04 13:16:38.773,2022-11-04 13:16:38.773,82081,https://c.cfjump.com/Avatars/ed0225fc-f481-4458-9168-32f005088a0f.png,Gym Plus Australia,!4 days Change of Mind returns ,You will receive a refund for returned items in cases where you have changed your mind. This also applies to orders cancelled when the item has already been dispatched from our warehouse. We accept Change of Mind returns for 14 days after you have received the item. The item must be in a re-saleable condition to qualify for a Change of Mind refund. Handling/Cancellation fees will apply at 20% of the purchase price. The refund amount will not include original freight costs.,https://t.cfjump.com/90610/o/103273,2022-11-04 00:00:00.000,
103274,2022-11-04 13:17:40.537,2022-11-04 13:17:40.537,82081,https://c.cfjump.com/Avatars/ed0225fc-f481-4458-9168-32f005088a0f.png,Gym Plus Australia,Free shipping for all non bulky products to Australia metro areas (Except Western Australia),"We understand you wouldn't be happy to see surprisingly high shipping cost at checkout. Therefore, we offer free shipping for all non bulky products to Australia metro areas (Except Western Australia). We also make sure our shipping charges are low and reasonable, even for bulky items, to those rural/regional areas.

How do you qualify for free shipping?

For an accurate delivery quote: Simply enter your shipping area and postcode on each product page to get a shipping cost estimation. Your final shipping charges will be displayed in your checkout page before you proceed to payment so that you know exactly how much shipping will be.

Outside of Australia Metro areas delivery charges vary depending on the size and weight of your order and your chosen delivery address.

Please contact us if you feel the shipping cost is unreasonable. We're always happy to re-quote and provide best postage rates for you!

We do not suggest express shipping for large sports and fitness products as the cost can be absurd. However, if you need them urgently, please contact us for best express shipping charges.",https://t.cfjump.com/90610/o/103274,2022-11-04 00:00:00.000,
103275,2022-11-04 13:18:06.693,2022-11-04 13:18:06.710,82081,https://c.cfjump.com/Avatars/ed0225fc-f481-4458-9168-32f005088a0f.png,Gym Plus Australia,Bring the gym home!,,https://t.cfjump.com/90610/o/103275,2022-11-04 00:00:00.000,
101648,2022-09-26 20:04:18.420,2025-03-24 06:25:58.757,78503,https://c.cfjump.com/Avatars/2cd97672-6546-4725-af4c-2d49b74df646.png,Happy Healthy You,FREE SHIPPING - All orders over $70!,"Free shipping on all orders over $70!
Available to all customers in Australia and New Zealand.
Starts 26 September 2022 and running as an ongoing offer.
Can be used multiple times.
We ship the same or next day from Monday to Friday.
If you place an order late on Friday afternoon, or over the weekend, it won't go out until the following Monday.
Generally, our deliveries take 2-4 business days to all major Australian cities.
It takes slightly longer if you're in a rural area, or if you're having the product delivered to a P.O. Box.*
Orders to New Zealand are sometimes subject to a slight delay at Customs.",https://t.cfjump.com/90610/o/101648,2022-09-26 00:00:00.000,
103736,2022-11-10 19:23:40.457,2023-05-26 17:35:04.150,78503,https://c.cfjump.com/Avatars/2cd97672-6546-4725-af4c-2d49b74df646.png,Happy Healthy You,Free Health Resources & Exclusive Promos,"Free Health Resources & Exclusive Promotions when subscribing to our newsletter.
Available to all customers in Australia and New Zealand.
Starts 10 Nov 2022 and is ongoing",https://t.cfjump.com/90610/o/103736,2022-11-10 00:00:00.000,
103923,2022-11-15 20:25:08.817,2023-05-26 17:35:28.837,78503,https://c.cfjump.com/Avatars/2cd97672-6546-4725-af4c-2d49b74df646.png,Happy Healthy You,FREE Online Hormone Assessment,"Free Online Hormone Assessment.
Offer available to all customers.
Promotion running on an ongoing basis.
Free Online Assessment equivalent to a naturopathic consultation to comprehend your unique hormonal profile.",https://t.cfjump.com/90610/o/103923,2022-11-15 00:00:00.000,
103924,2022-11-15 21:07:31.130,2023-05-26 17:37:45.933,78503,https://c.cfjump.com/Avatars/2cd97672-6546-4725-af4c-2d49b74df646.png,Happy Healthy You,Happy Hormones Powder - UPSIZE & GET 20% MORE VALUE ,"Save up to 20 % when you buy in the bigger sizes on the Happy Hormones Powder.
Available to all customers.
Offer is ongoing.
Can be used multiple times.",https://t.cfjump.com/90610/o/103924,2022-11-15 00:00:00.000,
103925,2022-11-15 21:08:46.363,2023-05-26 17:37:33.150,78503,https://c.cfjump.com/Avatars/2cd97672-6546-4725-af4c-2d49b74df646.png,Happy Healthy You,Happy Hormones - UPSIZE & GET 30% MORE VALUE ,"Save up to 30 % when you buy in the bigger sizes on the Happy Hormones.
Available to all customers.
Offer is ongoing.
Can be used multiple times.",https://t.cfjump.com/90610/o/103925,2022-11-15 00:00:00.000,
103926,2022-11-15 21:10:27.007,2023-05-26 17:39:08.260,78503,https://c.cfjump.com/Avatars/2cd97672-6546-4725-af4c-2d49b74df646.png,Happy Healthy You,Happy Hormones Vegan - UPSIZE & GET 20% MORE VALUE ,"Save up to 20 % when you buy in the bigger sizes on  Happy Hormones Vegan.
Available to all customers.
Offer is ongoing.
Can be used multiple times.",https://t.cfjump.com/90610/o/103926,2022-11-15 00:00:00.000,
103927,2022-11-15 21:11:48.837,2023-05-26 17:36:31.383,78503,https://c.cfjump.com/Avatars/2cd97672-6546-4725-af4c-2d49b74df646.png,Happy Healthy You,Happy Calm - UPSIZE & GET 30% MORE VALUE ,"Save up to 20 % when you buy in the bigger sizes on the Happy Calm.
Available to all customers.
Starts 15 Nov 22 and is ongoing.
Can be used multiple times.",https://t.cfjump.com/90610/o/103927,2022-11-15 00:00:00.000,
103928,2022-11-15 21:12:48.853,2023-05-26 17:37:18.447,78503,https://c.cfjump.com/Avatars/2cd97672-6546-4725-af4c-2d49b74df646.png,Happy Healthy You,Happy Greens - UPSIZE & GET 15% MORE VALUE ,"Save up to 15% when you buy in the bigger sizes on the Happy Greens.
Available to all customers.
Offer is ongoing.
Can be used multiple times.",https://t.cfjump.com/90610/o/103928,2022-11-15 00:00:00.000,
103929,2022-11-15 21:13:57.447,2023-05-26 17:39:43.010,78503,https://c.cfjump.com/Avatars/2cd97672-6546-4725-af4c-2d49b74df646.png,Happy Healthy You,Happy Turmeric - UPSIZE & GET 15% MORE VALUE ,"Save up to 15 % when you buy in the bigger sizes on Happy Turmeric
Available to all customers.
Offer is ongoing.
Can be used multiple times.",https://t.cfjump.com/90610/o/103929,2022-11-15 00:00:00.000,
103930,2022-11-15 21:14:53.777,2023-05-26 17:36:17.273,78503,https://c.cfjump.com/Avatars/2cd97672-6546-4725-af4c-2d49b74df646.png,Happy Healthy You,Happy Bladder - UPSIZE & GET 10% MORE VALUE ,"Save up to 10 % when you buy in the bigger sizes on Happy Bladder.
Available to all customers.
Starts 15 Nov 22 and is ongoing.
Can be used multiple times.",https://t.cfjump.com/90610/o/103930,2022-11-15 00:00:00.000,
106736,2023-02-06 22:11:24.663,2023-05-26 17:36:47.900,78503,https://c.cfjump.com/Avatars/2cd97672-6546-4725-af4c-2d49b74df646.png,Happy Healthy You,Happy Defence - UPSIZE & GET 10% MORE VALUE ,"Save up to 10 % when you buy in the bigger sizes on Happy Defence. Developed by Naturopaths & Nutritionists to help boost your immunity while working with your body to support & nourish you along your health journey.
Happy Defence contains a unique blend of immune specific herbal medicines, probiotics, medicinal mushrooms and targeted nutrients to support the health and function of the immune system.
Available to all customers.
Starts 06 Feb 23 and is ongoing.
Can be used multiple times.",https://t.cfjump.com/90610/o/106736,2023-02-06 00:00:00.000,
106737,2023-02-06 22:17:50.920,2023-05-26 17:39:26.823,78503,https://c.cfjump.com/Avatars/2cd97672-6546-4725-af4c-2d49b74df646.png,Happy Healthy You,Happy Period - UPSIZE & GET 20% MORE VALUE ,"Save up to 20 % when you buy in the bigger sizes on Happy Period. Happy Period encourages healthy, pain free periods. It’s a catalyst for regulating hormone levels and normalising the menstrual cycle.  
Available to all customers.
Offer is ongoing.
Can be used multiple times.",https://t.cfjump.com/90610/o/106737,2023-02-06 00:00:00.000,
110685,2023-06-01 16:07:46.970,2023-06-01 16:07:46.970,78503,https://c.cfjump.com/Avatars/2cd97672-6546-4725-af4c-2d49b74df646.png,Happy Healthy You,Subscribe and save 10% on your order,See the website for the T&C.,https://t.cfjump.com/90610/o/110685,2023-06-01 00:00:00.000,
130209,2024-10-14 19:35:45.087,2024-10-14 19:35:45.087,90516,https://c.cfjump.com/Avatars/2d823298-da45-49e5-ad65-4961cc121ea8.png,Happy Mammoth,Subscribe & Save ,"Up to 20% off on one product 
Valid until cancelation 
No minimum purchase ",https://t.cfjump.com/90610/o/130209,2024-10-14 00:00:00.000,
130349,2024-10-17 12:56:58.747,2024-10-17 12:56:58.747,90516,https://c.cfjump.com/Avatars/2d823298-da45-49e5-ad65-4961cc121ea8.png,Happy Mammoth,Free Shipping For Orders Over $110 AUD,,https://t.cfjump.com/90610/o/130349,2024-10-17 00:00:00.000,
18511,2017-01-24 09:49:45.513,2017-03-07 13:41:31.053,41444,https://c.cfjump.com/Avatars/f4dcb55d-8b67-4c94-be8d-6c6bdedac3ce.png,Hello Molly,Hello Molly offers FREE EXPRESS shipping Australia-wide on orders over $50. Packages are sent via Australia Post.,Hello Molly offers FREE EXPRESS shipping Australia-wide on orders over $50. Packages are sent via Australia Post.,https://t.cfjump.com/90610/o/18511,2017-01-24 00:00:00.000,
22929,2017-03-28 09:48:05.330,2024-07-02 12:10:00.000,41444,https://c.cfjump.com/Avatars/f4dcb55d-8b67-4c94-be8d-6c6bdedac3ce.png,Hello Molly,Get up to 40% off on selected products,,https://t.cfjump.com/90610/o/22929,2017-03-28 00:00:00.000,
34711,2017-11-23 15:05:20.013,2024-07-02 12:10:00.000,41444,https://c.cfjump.com/Avatars/f4dcb55d-8b67-4c94-be8d-6c6bdedac3ce.png,Hello Molly,Introducing our new and EXCLUSIVE Dear Emilia range,see website for full range ,https://t.cfjump.com/90610/o/34711,2017-11-23 00:00:00.000,
35662,2017-12-14 15:38:02.260,2017-12-14 15:38:02.260,41444,https://c.cfjump.com/Avatars/f4dcb55d-8b67-4c94-be8d-6c6bdedac3ce.png,Hello Molly,Clearance Sale ,see website for full T&Cs ,https://t.cfjump.com/90610/o/35662,2017-12-30 00:00:00.000,
63192,2020-02-04 13:43:18.013,2024-02-29 11:40:04.910,66886,https://c.cfjump.com/Avatars/63407452-7a7d-4a8d-a3ee-1e4be2a48f49.png,Helly Hansen Australia,Free Shipping on orders over $250,,https://t.cfjump.com/90610/o/63192,2020-02-04 00:00:00.000,
63193,2020-02-04 13:43:24.873,2020-02-04 13:43:24.873,66886,https://c.cfjump.com/Avatars/63407452-7a7d-4a8d-a3ee-1e4be2a48f49.png,Helly Hansen Australia,All orders will be delivered within 2-6 business days,,https://t.cfjump.com/90610/o/63193,2020-02-04 00:00:00.000,
63194,2020-02-04 13:43:40.670,2020-02-04 13:43:40.670,66886,https://c.cfjump.com/Avatars/63407452-7a7d-4a8d-a3ee-1e4be2a48f49.png,Helly Hansen Australia,30 day return policy,,https://t.cfjump.com/90610/o/63194,2020-02-04 00:00:00.000,
63195,2020-02-04 13:43:50.840,2020-02-05 11:58:05.770,66886,https://c.cfjump.com/Avatars/63407452-7a7d-4a8d-a3ee-1e4be2a48f49.png,Helly Hansen Australia,"We accept all major credit cards, PayPal, AfterPay & Zip Pay.",,https://t.cfjump.com/90610/o/63195,2020-02-04 00:00:00.000,
123722,2024-04-04 12:38:34.450,2024-04-04 12:38:34.450,89246,https://c.cfjump.com/Avatars/6c4d2a35-c777-4a3f-baf1-d1a8d12f0900.png,Heychic,Sign up to our newsletter to get 10% off on your first order,,https://t.cfjump.com/90610/o/123722,2024-04-04 00:00:00.000,
123723,2024-04-04 12:39:44.497,2024-04-04 12:39:44.497,89246,https://c.cfjump.com/Avatars/6c4d2a35-c777-4a3f-baf1-d1a8d12f0900.png,Heychic,END OF SEASON SALES: UP TO 70% OFF,,https://t.cfjump.com/90610/o/123723,2024-04-04 00:00:00.000,
123724,2024-04-04 12:40:17.170,2024-04-04 12:40:17.170,89246,https://c.cfjump.com/Avatars/6c4d2a35-c777-4a3f-baf1-d1a8d12f0900.png,Heychic,FREE SHIPPING ON ORDER OVER $200 AUD,,https://t.cfjump.com/90610/o/123724,2024-04-04 00:00:00.000,
115964,2023-10-17 12:17:33.613,2023-10-17 12:17:33.613,88018,https://c.cfjump.com/Avatars/f90033a2-4de9-4312-826e-9eab97543a0d.png,In Essence,"Free Shipping On Australian Orders, When You Spend Over $100* ",,https://t.cfjump.com/90610/o/115964,2023-10-17 00:00:00.000,
115966,2023-10-17 12:18:57.757,2023-10-27 11:29:27.140,88018,https://c.cfjump.com/Avatars/f90033a2-4de9-4312-826e-9eab97543a0d.png,In Essence,Discounted Bundles,,https://t.cfjump.com/90610/o/115966,2023-10-17 00:00:00.000,
115746,2023-10-11 12:06:15.980,2023-10-11 12:06:15.980,88019,https://c.cfjump.com/Avatars/07ee5123-2f02-44e8-aa3a-09f42539d38d.png,Innoxa Australia,FREE SHIPPING ON ORDERS OVER $75,,https://t.cfjump.com/90610/o/115746,2023-10-11 00:00:00.000,
131957,2024-11-22 09:58:46.980,2024-11-22 09:58:46.980,74056,https://c.cfjump.com/Avatars/da33861d-2970-40db-84ad-f659d8692993.png,INTERSPORT Australia,Free Shipping* On All Orders Above $150,"*Excludes heavy/bulky items, standard delivery only. ",https://t.cfjump.com/90610/o/131957,2024-11-22 00:00:00.000,2025-12-31 23:59:59.000
103450,2022-11-08 14:04:15.307,2024-11-22 09:59:07.090,74056,https://c.cfjump.com/Avatars/da33861d-2970-40db-84ad-f659d8692993.png,INTERSPORT Australia,Sign up and get $20 off on your 2nd purchase! (Minimum $150 Spend) ,"Join the INTERSPORT Club and receive $20 off on your 2nd purchase*.
*Minimum $150 spend, T&Cs apply!",https://t.cfjump.com/90610/o/103450,2022-11-08 00:00:00.000,
72555,2020-10-30 11:05:25.777,2020-10-30 11:07:03.937,70796,https://c.cfjump.com/Avatars/6fd20452-e2e7-445e-a6ef-92134f3b19a8.png,JOUJOU,FREE DISCREET SHIPPING ON ORDERS OVER $59,"We offer worldwide shipping, discreet packaging, same to next day dispatch, as well as FREE SHIPPING (Australia and New Zealand) on orders over $59 AUD.  Our Online Adult Shop has warehouses set up across Melbourne and Sydney for faster delivery. ",https://t.cfjump.com/90610/o/72555,2020-10-30 00:00:00.000,
72556,2020-10-30 11:05:34.650,2020-10-30 11:06:08.730,70796,https://c.cfjump.com/Avatars/6fd20452-e2e7-445e-a6ef-92134f3b19a8.png,JOUJOU,BEST PRICE GUARANTEE,"Our Online Sex Shop offer competitive prices and will happily price match and beat the price by 5% of the difference. *   

",https://t.cfjump.com/90610/o/72556,2020-10-30 00:00:00.000,
72557,2020-10-30 11:05:53.540,2020-10-30 11:05:53.540,70796,https://c.cfjump.com/Avatars/6fd20452-e2e7-445e-a6ef-92134f3b19a8.png,JOUJOU,AUSTRALIA’S FAVOURITE ONLINE ADULT STORE,,https://t.cfjump.com/90610/o/72557,2020-10-30 00:00:00.000,
72558,2020-10-30 11:06:24.323,2020-10-30 11:06:24.323,70796,https://c.cfjump.com/Avatars/6fd20452-e2e7-445e-a6ef-92134f3b19a8.png,JOUJOU,SECURE PAYMENTS ,"- Check out safely and securely with our reputable merchant facility. We accept various methods of payment such as Paypal, Afterpay, ZipPay, Klarna, Visa, Mastercard and even place orders over the phone  ",https://t.cfjump.com/90610/o/72558,2020-10-30 00:00:00.000,
72559,2020-10-30 11:06:44.433,2020-10-30 11:06:44.433,70796,https://c.cfjump.com/Avatars/6fd20452-e2e7-445e-a6ef-92134f3b19a8.png,JOUJOU,EASY RETURNS, We replace faulty products within our 90 days warranty period and also honour manufacturer's extended 12-month warranties.   ,https://t.cfjump.com/90610/o/72559,2020-10-30 00:00:00.000,
126873,2024-07-10 17:29:39.913,2025-06-11 13:46:32.573,63713,https://c.cfjump.com/Avatars/f7420f4f-f177-431e-a809-d78a1b643bd7.png,Just Wines,Wine Shopping Festival - Upto 70% Off,,https://t.cfjump.com/90610/o/126873,2024-07-10 00:00:00.000,
127054,2024-07-16 16:11:01.297,2024-07-16 16:11:01.297,90042,https://c.cfjump.com/Avatars/816a0eb1-9ebe-4f18-8bc9-d8ca05f7cc5a.png,Kakadu Plum Co.,WANT 10% OFF? Get 10% off your first order + get exclusive community updates and first access to new products,,https://t.cfjump.com/90610/o/127054,2024-07-16 00:00:00.000,
127055,2024-07-16 16:11:10.017,2024-07-16 16:11:10.017,90042,https://c.cfjump.com/Avatars/816a0eb1-9ebe-4f18-8bc9-d8ca05f7cc5a.png,Kakadu Plum Co.,Free standard AU shipping over $99,,https://t.cfjump.com/90610/o/127055,2024-07-16 00:00:00.000,
137629,2025-04-17 09:38:19.777,2025-04-17 09:38:19.790,90042,https://c.cfjump.com/Avatars/816a0eb1-9ebe-4f18-8bc9-d8ca05f7cc5a.png,Kakadu Plum Co.,The Australian Ingredients Kitchen: Simple Recipes Using Bush Foods,,https://t.cfjump.com/90610/o/137629,2025-04-17 00:00:00.000,
131251,2024-11-12 13:19:10.190,2024-11-12 13:19:10.190,90042,https://c.cfjump.com/Avatars/816a0eb1-9ebe-4f18-8bc9-d8ca05f7cc5a.png,Kakadu Plum Co.,20% off Jam Bundle Special - New Gift Box,while stocks last,https://t.cfjump.com/90610/o/131251,2024-11-12 00:00:00.000,
136846,2025-03-27 10:32:41.687,2025-03-27 10:32:41.687,90042,https://c.cfjump.com/Avatars/816a0eb1-9ebe-4f18-8bc9-d8ca05f7cc5a.png,Kakadu Plum Co.,Caroline Williams - 1024 Jigsaw Puzzle,"- Free Pick Up at Kakadu Plum Co. — (17/95 White Street, Mordialloc)
- Free delivery — on all orders over $140!
- Royalties from the sale of this product directly benefit the artist and their community
- Comes with a reusable draw string bag and framable poster",https://t.cfjump.com/90610/o/136846,2025-03-27 00:00:00.000,
136847,2025-03-27 10:36:27.500,2025-03-27 10:36:27.500,90042,https://c.cfjump.com/Avatars/816a0eb1-9ebe-4f18-8bc9-d8ca05f7cc5a.png,Kakadu Plum Co.,Portia Michaels - 1000 piece Jigsaw Puzzles ,"- Free Pick Up at Kakadu Plum Co. — (17/95 White Street, Mordialloc)

- Free delivery — on all orders over $140!

- 1024 piece art puzzle designed by Caroline Williams from Warlukurlangu Artists, one of the longest running and most successful Aboriginal-owned art centres in Central Australia.

- Comes with a reusable draw string bag and framable poster

- Royalties from the sale of this product directly benefit the artist and their community",https://t.cfjump.com/90610/o/136847,2025-03-27 00:00:00.000,
136848,2025-03-27 10:38:08.923,2025-03-27 10:38:08.923,90042,https://c.cfjump.com/Avatars/816a0eb1-9ebe-4f18-8bc9-d8ca05f7cc5a.png,Kakadu Plum Co.,Ruth Spencer - 1024 Jigsaw Puzzle,"- Free Pick Up at Kakadu Plum Co. — (17/95 White Street, Mordialloc)

- Free delivery — on all orders over $140!

- 1024 piece art puzzle designed by Ruth Spencer from Warlukurlangu Artists, one of the longest running and most successful Aboriginal-owned art centres in Central Australia.

- Comes with a reusable draw string bag and framable poster

- Royalties from the sale of this product directly benefit the artist and their community",https://t.cfjump.com/90610/o/136848,2025-03-27 00:00:00.000,
139858,2025-06-26 10:41:00.880,2025-06-26 10:41:00.880,90042,https://c.cfjump.com/Avatars/816a0eb1-9ebe-4f18-8bc9-d8ca05f7cc5a.png,Kakadu Plum Co.,New Product: Pepperberry Quince Paste at $12.95,see website for T&Cs,https://t.cfjump.com/90610/o/139858,2025-06-26 00:00:00.000,
112083,2023-07-20 14:32:13.720,2024-07-15 15:06:55.867,86618,https://c.cfjump.com/Avatars/549131c1-3708-4045-a303-f2aacae9cc2e.png,Kent Street Cellars,Free Delivery on all orders over $200 to all Australian Urban Areas,,https://t.cfjump.com/90610/o/112083,2023-07-20 00:00:00.000,
112084,2023-07-20 14:32:21.830,2023-07-20 14:32:21.830,86618,https://c.cfjump.com/Avatars/549131c1-3708-4045-a303-f2aacae9cc2e.png,Kent Street Cellars,Sign up and join our exclusive member's list to receive promotions and special offers,,https://t.cfjump.com/90610/o/112084,2023-07-20 00:00:00.000,
112085,2023-07-20 14:32:48.953,2023-07-20 14:32:48.953,86618,https://c.cfjump.com/Avatars/549131c1-3708-4045-a303-f2aacae9cc2e.png,Kent Street Cellars,Send the perfect gift with our Gift Hamper Collection,,https://t.cfjump.com/90610/o/112085,2023-07-20 00:00:00.000,
123714,2024-04-04 11:56:09.647,2024-04-04 11:56:09.647,89048,https://c.cfjump.com/Avatars/429d4257-a9b5-4941-a05b-86b3718ba89a.png,Kic,"IT’S NOT ABOUT HOW YOU LOOK, IT’S ABOUT HOW YOU FEEL.",,https://t.cfjump.com/90610/o/123714,2024-04-04 00:00:00.000,
123715,2024-04-04 11:56:39.820,2024-04-04 11:56:39.820,89048,https://c.cfjump.com/Avatars/429d4257-a9b5-4941-a05b-86b3718ba89a.png,Kic,START YOUR FREE TRIAL NOW,,https://t.cfjump.com/90610/o/123715,2024-04-04 00:00:00.000,
123716,2024-04-04 11:56:53.680,2024-04-04 11:56:53.680,89048,https://c.cfjump.com/Avatars/429d4257-a9b5-4941-a05b-86b3718ba89a.png,Kic,1000+ workouts programs,,https://t.cfjump.com/90610/o/123716,2024-04-04 00:00:00.000,
123717,2024-04-04 11:57:02.930,2024-04-04 11:57:02.930,89048,https://c.cfjump.com/Avatars/429d4257-a9b5-4941-a05b-86b3718ba89a.png,Kic,800+ easy recipes,,https://t.cfjump.com/90610/o/123717,2024-04-04 00:00:00.000,
123718,2024-04-04 11:57:17.540,2024-04-04 11:57:17.540,89048,https://c.cfjump.com/Avatars/429d4257-a9b5-4941-a05b-86b3718ba89a.png,Kic,100+ meditations,,https://t.cfjump.com/90610/o/123718,2024-04-04 00:00:00.000,
106527,2023-01-31 13:33:33.090,2023-01-31 13:33:33.090,82649,https://c.cfjump.com/Avatars/6a183b19-0f31-492f-a138-b6fa75ab8c5a.png,Kowtow,Easy returns within 14 days,,https://t.cfjump.com/90610/o/106527,2023-01-31 00:00:00.000,
42326,2018-06-04 11:31:42.843,2018-06-04 11:31:42.843,57392,https://c.cfjump.com/Avatars/10bdf66d-1d33-44b2-aaf2-465d02fea446.png,Lacoste,Shop Lacoste Men's Collection,,https://t.cfjump.com/90610/o/42326,2018-06-04 00:00:00.000,
42327,2018-06-04 11:31:57.393,2018-06-04 11:31:57.393,57392,https://c.cfjump.com/Avatars/10bdf66d-1d33-44b2-aaf2-465d02fea446.png,Lacoste,Shop Lacoste Women's Collection,,https://t.cfjump.com/90610/o/42327,2018-06-04 00:00:00.000,
42328,2018-06-04 11:32:07.207,2018-06-04 11:32:07.207,57392,https://c.cfjump.com/Avatars/10bdf66d-1d33-44b2-aaf2-465d02fea446.png,Lacoste,Shop Lacoste Shoes,,https://t.cfjump.com/90610/o/42328,2018-06-04 00:00:00.000,
42329,2018-06-04 11:32:16.613,2018-06-04 11:32:16.613,57392,https://c.cfjump.com/Avatars/10bdf66d-1d33-44b2-aaf2-465d02fea446.png,Lacoste,Shop Lacoste Kids Collection,,https://t.cfjump.com/90610/o/42329,2018-06-04 00:00:00.000,
45182,2018-08-08 13:20:13.963,2018-08-08 13:20:13.963,57392,https://c.cfjump.com/Avatars/10bdf66d-1d33-44b2-aaf2-465d02fea446.png,Lacoste,The Paris Polo – Online and In-Store Now,,https://t.cfjump.com/90610/o/45182,2018-08-14 00:00:00.000,
51060,2018-12-20 11:36:45.433,2018-12-20 11:36:45.433,57392,https://c.cfjump.com/Avatars/10bdf66d-1d33-44b2-aaf2-465d02fea446.png,Lacoste,E-Gift Cards now available!,See website for full T&C's,https://t.cfjump.com/90610/o/51060,2018-12-20 00:00:00.000,
109227,2023-04-20 20:18:38.860,2023-04-20 20:18:38.860,57392,https://c.cfjump.com/Avatars/10bdf66d-1d33-44b2-aaf2-465d02fea446.png,Lacoste,10% off your first order!,Subscribe to email updates to receive 10% off your first order.,https://t.cfjump.com/90610/o/109227,2023-04-22 00:00:00.000,
141644,2025-08-25 15:04:30.463,2025-08-25 15:04:30.463,57392,https://c.cfjump.com/Avatars/10bdf66d-1d33-44b2-aaf2-465d02fea446.png,Lacoste,Don’t Miss: Up to 50% Off All Menswear	Give him the gift of style.,,https://t.cfjump.com/90610/o/141644,2025-08-19 00:00:00.000,2025-09-07 23:59:59.000
141645,2025-08-25 15:05:06.043,2025-08-25 15:05:06.043,57392,https://c.cfjump.com/Avatars/10bdf66d-1d33-44b2-aaf2-465d02fea446.png,Lacoste,Up to 50% Off Polos. Our signature polo shirts never go out of style.,,https://t.cfjump.com/90610/o/141645,2025-08-19 00:00:00.000,2025-09-07 23:59:59.000
121553,2024-01-31 12:00:21.063,2024-11-14 20:00:36.143,88124,https://c.cfjump.com/Avatars/936f3b65-93ee-44bc-ad0a-f7de78eaa3ab.png,Liquor Loot,20% Off on Advent Calendars ,"Use code 'ADVENT20' 

Cannot be combined with other promotions.",https://t.cfjump.com/90610/o/121553,2024-02-01 00:00:00.000,
141683,2025-08-25 22:01:22.677,2025-08-25 22:01:22.677,88124,https://c.cfjump.com/Avatars/936f3b65-93ee-44bc-ad0a-f7de78eaa3ab.png,Liquor Loot,Celebrate Dad with Whisky,,https://t.cfjump.com/90610/o/141683,2025-08-25 00:00:00.000,2025-09-07 23:59:59.000
8014,2015-11-18 14:14:59.193,2018-05-30 10:58:13.290,11771,https://c.cfjump.com/Avatars/ba5e59c4-6db7-4fc7-b17f-76d7ac8aeeef.png,LivingStyles.com.au,SALE,"Sale - Limited Stock, Limited Time, Fantastic Prices!",https://t.cfjump.com/90610/o/8014,2015-11-18 00:00:00.000,
8015,2015-11-18 14:15:38.207,2018-05-30 10:57:59.493,11771,https://c.cfjump.com/Avatars/ba5e59c4-6db7-4fc7-b17f-76d7ac8aeeef.png,LivingStyles.com.au,Coupon Signup,Signup to our newsletter and receive a $15 coupon,https://t.cfjump.com/90610/o/8015,2015-11-18 00:00:00.000,
42165,2018-05-30 10:59:24.190,2018-05-30 11:00:33.533,11771,https://c.cfjump.com/Avatars/ba5e59c4-6db7-4fc7-b17f-76d7ac8aeeef.png,LivingStyles.com.au,Clerance Sale,Up to 80% off RRP while stock last,https://t.cfjump.com/90610/o/42165,2018-05-30 00:00:00.000,
42166,2018-05-30 11:00:07.517,2018-05-30 11:00:26.893,11771,https://c.cfjump.com/Avatars/ba5e59c4-6db7-4fc7-b17f-76d7ac8aeeef.png,LivingStyles.com.au,Commercial Grade Products,,https://t.cfjump.com/90610/o/42166,2018-05-30 00:00:00.000,
42167,2018-05-30 11:01:18.773,2018-05-30 11:01:18.773,11771,https://c.cfjump.com/Avatars/ba5e59c4-6db7-4fc7-b17f-76d7ac8aeeef.png,LivingStyles.com.au,New Arrivals,,https://t.cfjump.com/90610/o/42167,2018-05-30 00:00:00.000,
42168,2018-05-30 11:02:07.160,2018-05-30 11:02:07.160,11771,https://c.cfjump.com/Avatars/ba5e59c4-6db7-4fc7-b17f-76d7ac8aeeef.png,LivingStyles.com.au,Member Special Campaigns,Each campaign special prices last for 7 days from start date,https://t.cfjump.com/90610/o/42168,2018-05-30 00:00:00.000,
42169,2018-05-30 11:02:39.107,2018-05-30 11:02:50.023,11771,https://c.cfjump.com/Avatars/ba5e59c4-6db7-4fc7-b17f-76d7ac8aeeef.png,LivingStyles.com.au,Browse by brands,,https://t.cfjump.com/90610/o/42169,2018-05-30 00:00:00.000,
101196,2022-09-15 14:13:42.003,2024-12-13 23:22:42.110,81261,https://c.cfjump.com/Avatars/9a687a7e-d0cb-4369-8027-d8b907ebd04d.png,Manchester Factory,Free Shipping For Orders Over $200,Free shipping for orders in cart totaling over $200,https://t.cfjump.com/90610/o/101196,2022-09-15 00:00:00.000,
129132,2024-09-20 01:00:39.760,2024-09-20 01:00:39.760,81261,https://c.cfjump.com/Avatars/9a687a7e-d0cb-4369-8027-d8b907ebd04d.png,Manchester Factory,70% Off Sienna Living Hotel Snuggle Fleece 1500GSM Mattress Topper,Discount code not required. Markdown already applied. Excluded from other promotions and discounts.,https://t.cfjump.com/90610/o/129132,2024-09-20 00:00:00.000,
134290,2025-01-16 01:05:28.197,2025-01-16 01:05:28.197,81261,https://c.cfjump.com/Avatars/9a687a7e-d0cb-4369-8027-d8b907ebd04d.png,Manchester Factory,20% Off Morgan & Reid Cooling Comforter & Sheet Set Bundles,Purchase a Morgan & Reid Cooling bundle and get a further 20% off. Morgan & Reid bundle consists of 1 comforter and 1 sheet set.,https://t.cfjump.com/90610/o/134290,2025-01-16 00:00:00.000,
134291,2025-01-16 01:06:18.150,2025-01-16 01:16:01.513,81261,https://c.cfjump.com/Avatars/9a687a7e-d0cb-4369-8027-d8b907ebd04d.png,Manchester Factory,20% Off Sienna Living Hotel 1500gsm Mattress Topper,Discount already applied.,https://t.cfjump.com/90610/o/134291,2025-01-16 00:00:00.000,
134292,2025-01-16 01:07:53.137,2025-01-16 01:16:08.763,81261,https://c.cfjump.com/Avatars/9a687a7e-d0cb-4369-8027-d8b907ebd04d.png,Manchester Factory,50% Off Sienna Living Bamboo Egyptian Cotton Sheet Set,50% Off. Queen sheet was $299.99 Now $147. Discount already applied.,https://t.cfjump.com/90610/o/134292,2025-01-16 00:00:00.000,
134293,2025-01-16 01:09:01.887,2025-01-16 01:16:17.950,81261,https://c.cfjump.com/Avatars/9a687a7e-d0cb-4369-8027-d8b907ebd04d.png,Manchester Factory,60% Off Morgan & Reid 1500 Thread Count Sheet Sets,"Final Sale. No returns. 60% off applied already.
Discount already applied.",https://t.cfjump.com/90610/o/134293,2025-01-16 00:00:00.000,
134294,2025-01-16 01:15:28.590,2025-01-16 01:15:39.543,81261,https://c.cfjump.com/Avatars/9a687a7e-d0cb-4369-8027-d8b907ebd04d.png,Manchester Factory,40% Off Morgan & Reid Summer Coverlets,Discount already applied.,https://t.cfjump.com/90610/o/134294,2025-01-16 00:00:00.000,
114634,2023-09-07 12:26:10.617,2023-09-07 12:26:10.617,87670,https://c.cfjump.com/Avatars/e206a9eb-d46a-46b4-b8c3-ef0e026b785a.png,Melrose Health,FREE SHIPPING OVER $80 FOR AUS,,https://t.cfjump.com/90610/o/114634,2023-09-07 00:00:00.000,
114963,2023-09-19 11:04:16.977,2023-09-19 11:04:16.977,87904,https://c.cfjump.com/Avatars/128e3957-ec51-4083-9740-cf0520982852.png,Milky Goodness,SAME DAY DISPATCH BEFORE 12PM,T&Cs apply ,https://t.cfjump.com/90610/o/114963,2023-09-19 00:00:00.000,
114964,2023-09-19 11:04:31.853,2023-09-19 11:04:31.853,87904,https://c.cfjump.com/Avatars/128e3957-ec51-4083-9740-cf0520982852.png,Milky Goodness,FREE SHIPPING ON ORDERS OVER $80*,T&Cs apply,https://t.cfjump.com/90610/o/114964,2023-09-19 00:00:00.000,
129816,2024-10-04 12:01:11.097,2024-10-04 12:01:11.097,90518,https://c.cfjump.com/Avatars/82cce672-452f-4ce8-9af6-57d6aee036bb.png,MiniJumbuk,Want to save 10% on your next order?     Become a MiniJumbuk VIP member and save on your next order.,,https://t.cfjump.com/90610/o/129816,2024-10-04 00:00:00.000,
129817,2024-10-04 12:02:21.907,2024-10-04 12:02:21.907,90518,https://c.cfjump.com/Avatars/82cce672-452f-4ce8-9af6-57d6aee036bb.png,MiniJumbuk,Sleep System Bundles: Save 40% When You Purchase A Sleep System Bundle,,https://t.cfjump.com/90610/o/129817,2024-10-04 00:00:00.000,
129818,2024-10-04 12:02:38.143,2024-10-04 12:03:06.907,90518,https://c.cfjump.com/Avatars/82cce672-452f-4ce8-9af6-57d6aee036bb.png,MiniJumbuk,"Hand Crafted & Sewn, Made With Sheep's Wool & In Australia",,https://t.cfjump.com/90610/o/129818,2024-10-04 00:00:00.000,
129819,2024-10-04 12:02:41.080,2024-10-04 12:02:41.080,90518,https://c.cfjump.com/Avatars/82cce672-452f-4ce8-9af6-57d6aee036bb.png,MiniJumbuk,Free Delivery Over $100,,https://t.cfjump.com/90610/o/129819,2024-10-04 00:00:00.000,
63578,2020-02-19 12:17:20.670,2023-08-17 09:26:11.810,66710,https://c.cfjump.com/Avatars/80ec9278-0bfa-4c35-bc7a-1372e97a54af.png,Mizuno,Free Shipping On Orders $149 and over Australia wide,"Mizuno offers Free Delivery on all orders within Australia for all online purchases to the value of $150 and above. All purchases below $150 total value will be subject to a delivery fee.

All orders processed via the mizuno.com.au website must be shipped to an Australian address. We do not offer international shipping.",https://t.cfjump.com/90610/o/63578,2020-02-19 00:00:00.000,
63581,2020-02-19 12:21:24.460,2020-02-19 12:21:24.460,66710,https://c.cfjump.com/Avatars/80ec9278-0bfa-4c35-bc7a-1372e97a54af.png,Mizuno,Sign up to the newsletter for promotions and product updates ,,https://t.cfjump.com/90610/o/63581,2020-02-19 00:00:00.000,
141817,2025-08-28 15:55:08.467,2025-08-28 15:55:08.467,66710,https://c.cfjump.com/Avatars/80ec9278-0bfa-4c35-bc7a-1372e97a54af.png,Mizuno,fATHERS dAY - 20% OFF ,"The Mizuno Fathers Day Sale applies 20% off all full-price items excluding the HANABI Pack, Wave Sky 9, MIJ & New Season Golf balls, when using code DADSDAY20 at checkout. This offer is only available on the mizuno.com.au online store and is not available in-store or via any other retailers or Mizuno distributors. Offer cannot be used in conjunction with any other offers, discounts or promotional codes. The Mizuno Fathers Day Sale commences Thursday 28th August 2025 at 10:00AM (AEST) and ends Sunday 7th September 2025 at 11.59pm (AEST). Stock is strictly limited and some items and sizes may not be available.  Mizuno has the right to make changes to this sale at anytime. Items marked as FINAL SALE will be ineligible to be returned for either an exchange or refund, unless deemed faulty. Mizuno Australia only delivers to locations Australia wide.",https://t.cfjump.com/90610/o/141817,2025-08-28 00:00:00.000,2025-09-08 23:59:59.000
88621,2021-11-17 18:09:17.707,2024-07-17 15:35:48.393,1336,https://c.cfjump.com/Avatars/e4188d60-a714-4aeb-9aa3-01393a5fc990.png,Mobileciti,Free shipping for orders over $100,,https://t.cfjump.com/90610/o/88621,2021-11-17 00:00:00.000,
130728,2024-10-29 19:44:12.890,2024-10-29 19:44:12.890,61351,https://c.cfjump.com/Avatars/821bc982-aa3a-48ac-894e-307dba825ef3.png,Morlife,Free shipping on all AU & NZ orders over $100 AUD!,,https://t.cfjump.com/90610/o/130728,2024-10-29 00:00:00.000,
130729,2024-10-29 19:45:05.890,2024-10-29 19:45:05.890,61351,https://c.cfjump.com/Avatars/821bc982-aa3a-48ac-894e-307dba825ef3.png,Morlife,Join our mailing list and receive a special welcome code for 10% off your next order*,- *excludes Morlife x Ashy Bines range,https://t.cfjump.com/90610/o/130729,2024-10-29 00:00:00.000,
132319,2024-11-28 14:24:40.593,2025-04-24 16:10:24.827,61351,https://c.cfjump.com/Avatars/821bc982-aa3a-48ac-894e-307dba825ef3.png,Morlife,NEW CUSTOMERS SAVE 10% ,,https://t.cfjump.com/90610/o/132319,2024-11-28 00:00:00.000,
123150,2024-03-19 11:16:26.300,2024-04-04 16:18:02.110,89189,https://c.cfjump.com/Avatars/b81b2bfb-8603-4dd3-a2f7-ea637b369f31.png,Mosthelabel,AFTERPAY AND ZIPPAY IS AVAILABLE ON ALL DOMESTIC ORDERS,,https://t.cfjump.com/90610/o/123150,2024-03-19 00:00:00.000,
123151,2024-03-19 11:16:42.347,2024-04-04 16:18:13.593,89189,https://c.cfjump.com/Avatars/b81b2bfb-8603-4dd3-a2f7-ea637b369f31.png,Mosthelabel,Sign up to receive $20 off your first purchase ,,https://t.cfjump.com/90610/o/123151,2024-03-19 00:00:00.000,
123735,2024-04-04 16:17:15.123,2025-01-15 11:10:11.920,89189,https://c.cfjump.com/Avatars/b81b2bfb-8603-4dd3-a2f7-ea637b369f31.png,Mosthelabel,Up To 70% Off Sale,"-While stocks last
-Only online
-T&C applies",https://t.cfjump.com/90610/o/123735,2024-04-04 00:00:00.000,
112157,2023-07-24 18:27:56.083,2023-11-22 11:52:17.857,86391,https://c.cfjump.com/Avatars/e9c72320-6af4-4b53-88c8-1c775245891d.png,Musashi,Join Musashi United for lifetime up to 25% off,"- Free sport specific training program
- Free sport specific nutrition
- Lifetime 25% discount on all products, exclusive offers and content",https://t.cfjump.com/90610/o/112157,2023-07-24 00:00:00.000,
112159,2023-07-24 18:31:05.960,2023-07-24 18:31:05.960,86391,https://c.cfjump.com/Avatars/e9c72320-6af4-4b53-88c8-1c775245891d.png,Musashi,Bundle Pack Sale: Get a variety of bundle packs at a discounted price!,,https://t.cfjump.com/90610/o/112159,2023-07-24 00:00:00.000,
70452,2020-09-03 09:44:08.913,2020-09-07 15:02:44.337,69853,https://c.cfjump.com/Avatars/c5275f6a-731c-4271-976d-3e3f76d16365.png,Muscle Nation,SIGN UP TO GET 10% OFF YOUR FIRST ORDER,,https://t.cfjump.com/90610/o/70452,2020-09-03 00:00:00.000,
70453,2020-09-03 09:44:33.553,2020-09-03 09:44:33.553,69853,https://c.cfjump.com/Avatars/c5275f6a-731c-4271-976d-3e3f76d16365.png,Muscle Nation,Shop now Pay later with Afterpay,,https://t.cfjump.com/90610/o/70453,2020-09-03 00:00:00.000,
70454,2020-09-03 09:46:17.560,2020-09-03 09:46:17.560,69853,https://c.cfjump.com/Avatars/c5275f6a-731c-4271-976d-3e3f76d16365.png,Muscle Nation,7 days return policy,,https://t.cfjump.com/90610/o/70454,2020-09-03 00:00:00.000,
106405,2023-01-25 11:32:16.393,2023-01-25 11:32:16.393,69853,https://c.cfjump.com/Avatars/c5275f6a-731c-4271-976d-3e3f76d16365.png,Muscle Nation,New Collection: Knockout,,https://t.cfjump.com/90610/o/106405,2023-01-31 00:00:00.000,
126284,2024-06-18 15:18:10.423,2024-06-18 15:18:10.423,69853,https://c.cfjump.com/Avatars/c5275f6a-731c-4271-976d-3e3f76d16365.png,Muscle Nation,Free shipping over $150 (Australia only),,https://t.cfjump.com/90610/o/126284,2024-06-18 00:00:00.000,
96688,2022-05-18 12:57:45.217,2022-05-18 12:57:45.217,69853,https://c.cfjump.com/Avatars/c5275f6a-731c-4271-976d-3e3f76d16365.png,Muscle Nation,New Collection Drop: Welcome To The Club,,https://t.cfjump.com/90610/o/96688,2022-05-19 00:00:00.000,
125530,2024-05-27 11:16:30.793,2024-05-27 11:17:10.543,69853,https://c.cfjump.com/Avatars/c5275f6a-731c-4271-976d-3e3f76d16365.png,Muscle Nation,New Collection: Vivid Daydream (Women's collection),Launching 8 am AEST on 28th of May,https://t.cfjump.com/90610/o/125530,2024-05-28 00:00:00.000,
125531,2024-05-27 11:16:56.933,2024-05-27 11:16:56.933,69853,https://c.cfjump.com/Avatars/c5275f6a-731c-4271-976d-3e3f76d16365.png,Muscle Nation,New Collection: Street Kit (Men's collection),Launching 8 am AEST on 28th of May,https://t.cfjump.com/90610/o/125531,2024-05-28 00:00:00.000,
68280,2020-07-06 12:04:25.620,2020-07-06 12:04:25.620,69088,https://c.cfjump.com/Avatars/0b9096f3-89a6-4721-a4a4-e27349fb378e.png,My Muscle Chef,HEALTHY MEALS DELIVERED FRESH,,https://t.cfjump.com/90610/o/68280,2020-07-06 00:00:00.000,
70461,2020-09-03 11:08:35.190,2020-09-03 11:08:35.190,69088,https://c.cfjump.com/Avatars/0b9096f3-89a6-4721-a4a4-e27349fb378e.png,My Muscle Chef,50+ meals to keep things interesting,,https://t.cfjump.com/90610/o/70461,2020-09-03 00:00:00.000,
70462,2020-09-03 11:08:55.347,2020-09-03 11:08:55.347,69088,https://c.cfjump.com/Avatars/0b9096f3-89a6-4721-a4a4-e27349fb378e.png,My Muscle Chef,15+ million meals delivered last year,,https://t.cfjump.com/90610/o/70462,2020-09-03 00:00:00.000,
70463,2020-09-03 11:09:24.660,2020-09-03 11:09:24.660,69088,https://c.cfjump.com/Avatars/0b9096f3-89a6-4721-a4a4-e27349fb378e.png,My Muscle Chef,4500+ postcodes that we deliver to,,https://t.cfjump.com/90610/o/70463,2020-09-03 00:00:00.000,
70464,2020-09-03 11:09:35.723,2020-09-03 11:09:35.723,69088,https://c.cfjump.com/Avatars/0b9096f3-89a6-4721-a4a4-e27349fb378e.png,My Muscle Chef,Top Rated Meal Delivery Service in Australia,,https://t.cfjump.com/90610/o/70464,2020-09-03 00:00:00.000,
67757,2020-06-23 08:53:24.847,2021-02-02 12:39:31.180,69088,https://c.cfjump.com/Avatars/0b9096f3-89a6-4721-a4a4-e27349fb378e.png,My Muscle Chef,FREE Shipping when you Subscribe!,See website for full T&C's,https://t.cfjump.com/90610/o/67757,2020-06-23 00:00:00.000,
127494,2024-08-02 10:40:50.823,2024-08-02 10:40:50.823,69088,https://c.cfjump.com/Avatars/0b9096f3-89a6-4721-a4a4-e27349fb378e.png,My Muscle Chef,Save up to $120 on your first 6 orders (Code = save120),"Code = save120. 

Save up to $120 on your first 6 orders ($20 maximum discount per order). Minimum order $99. T&Cs apply. Full terms & conditions online. ",https://t.cfjump.com/90610/o/127494,2024-08-04 00:00:00.000,
122337,2024-02-28 18:09:09.863,2024-02-28 18:09:09.863,89029,https://c.cfjump.com/Avatars/3a666b87-79aa-42c6-824f-b9b4431a743e.png,My Perfume Shop,JUST LAUNCHED: SAME-DAY DELIVERY IN SYDNEY,,https://t.cfjump.com/90610/o/122337,2024-02-28 00:00:00.000,
122338,2024-02-28 18:09:45.313,2024-02-28 18:09:45.313,89029,https://c.cfjump.com/Avatars/3a666b87-79aa-42c6-824f-b9b4431a743e.png,My Perfume Shop,FAST SHIPPING  Same-day dispatch for orders placed before 2pm,,https://t.cfjump.com/90610/o/122338,2024-02-28 00:00:00.000,
122339,2024-02-28 18:09:59.377,2024-02-28 18:09:59.377,89029,https://c.cfjump.com/Avatars/3a666b87-79aa-42c6-824f-b9b4431a743e.png,My Perfume Shop,NO-HASSLE RETURNS  Return your order up to 100 days after purchase.,,https://t.cfjump.com/90610/o/122339,2024-02-28 00:00:00.000,
122340,2024-02-28 18:10:14.813,2024-02-28 18:10:14.813,89029,https://c.cfjump.com/Avatars/3a666b87-79aa-42c6-824f-b9b4431a743e.png,My Perfume Shop,"BUY NOW, PAY LATER  Shop using Afterpay, Humm, Klarna, and more",,https://t.cfjump.com/90610/o/122340,2024-02-28 00:00:00.000,
122341,2024-02-28 18:10:27.393,2024-02-28 18:10:27.393,89029,https://c.cfjump.com/Avatars/3a666b87-79aa-42c6-824f-b9b4431a743e.png,My Perfume Shop,FREE SAMPLES  Included with our compliments in every order.,,https://t.cfjump.com/90610/o/122341,2024-02-28 00:00:00.000,
101946,2022-10-06 13:38:13.163,2022-10-06 13:38:13.163,81538,https://c.cfjump.com/Avatars/61435fd4-4eb6-4fd0-8d55-e7338f28bd97.png,Natural Life,Australian Made,,https://t.cfjump.com/90610/o/101946,2022-10-06 00:00:00.000,
101947,2022-10-06 13:38:36.743,2022-10-06 13:38:36.743,81538,https://c.cfjump.com/Avatars/61435fd4-4eb6-4fd0-8d55-e7338f28bd97.png,Natural Life,Not tested on animals ,,https://t.cfjump.com/90610/o/101947,2022-10-06 00:00:00.000,
101948,2022-10-06 13:40:14.320,2024-07-06 02:44:20.527,81538,https://c.cfjump.com/Avatars/61435fd4-4eb6-4fd0-8d55-e7338f28bd97.png,Natural Life,Australia wide free shipping on all orders over $70.00.,,https://t.cfjump.com/90610/o/101948,2022-10-06 00:00:00.000,
115484,2023-10-04 23:50:13.037,2023-10-04 23:50:13.037,81538,https://c.cfjump.com/Avatars/61435fd4-4eb6-4fd0-8d55-e7338f28bd97.png,Natural Life,"Family Pack Offer. Buy 3 Propolis Spray, Receive 1 Free",Buy 3 Get 1 Free. ,https://t.cfjump.com/90610/o/115484,2023-10-04 00:00:00.000,
122743,2024-03-07 23:10:12.510,2024-07-06 02:44:48.703,81538,https://c.cfjump.com/Avatars/61435fd4-4eb6-4fd0-8d55-e7338f28bd97.png,Natural Life,Take 15% Off Our Entire Natural Supplement Range With Code NATURALLIFE15.,No minimum spend required. ,https://t.cfjump.com/90610/o/122743,2024-03-07 00:00:00.000,
120950,2024-01-15 20:17:59.167,2024-03-23 01:37:19.707,81538,https://c.cfjump.com/Avatars/61435fd4-4eb6-4fd0-8d55-e7338f28bd97.png,Natural Life,Natural Life Immunity Pack,Shop our Immunity Pack and receive 10% off our Lung Clear capsules and Manuka Honey Throat Spray. Perfect for the upcoming colder weather. ,https://t.cfjump.com/90610/o/120950,2024-01-15 00:00:00.000,
121147,2024-01-22 22:49:03.703,2024-01-22 22:49:03.703,81538,https://c.cfjump.com/Avatars/61435fd4-4eb6-4fd0-8d55-e7338f28bd97.png,Natural Life,Free Youthful Bloom Serum,"For every order over $80AUD you'll receive a FREE Wild Bee Youthful Bloom - CoQ10 & Collagen Serum. 

",https://t.cfjump.com/90610/o/121147,2024-01-22 00:00:00.000,
122742,2024-03-07 23:01:26.820,2024-03-07 23:01:26.820,81538,https://c.cfjump.com/Avatars/61435fd4-4eb6-4fd0-8d55-e7338f28bd97.png,Natural Life,"Use The Code WILDBEE20 At Checkout To Receive 20% Off Our Entire Natural, Australian Made Skincare Range. ",No Minimum Order Requirements,https://t.cfjump.com/90610/o/122742,2024-03-07 00:00:00.000,
122744,2024-03-07 23:12:10.730,2024-07-06 02:44:32.593,81538,https://c.cfjump.com/Avatars/61435fd4-4eb6-4fd0-8d55-e7338f28bd97.png,Natural Life,Spend $100 AUD and receive 20% Off Your Order With code NL20,Minimum Order Spend $100 AUD,https://t.cfjump.com/90610/o/122744,2024-03-07 00:00:00.000,
122745,2024-03-07 23:12:53.560,2024-07-06 02:44:37.170,81538,https://c.cfjump.com/Avatars/61435fd4-4eb6-4fd0-8d55-e7338f28bd97.png,Natural Life,Spend $200 AUD Or More & Receive 25% Off Your Order With Code NL25.,Minimum Order Spend $200 AUD,https://t.cfjump.com/90610/o/122745,2024-03-07 00:00:00.000,
122746,2024-03-07 23:21:38.640,2024-03-07 23:21:38.640,81538,https://c.cfjump.com/Avatars/61435fd4-4eb6-4fd0-8d55-e7338f28bd97.png,Natural Life,Spend Over $200 On Our Wildbee Natural Skincare Range and receive 25% Off Your Order with Code WB25. ,Minimum Spend $200,https://t.cfjump.com/90610/o/122746,2024-03-07 00:00:00.000,
123360,2024-03-23 01:33:47.637,2024-03-23 01:33:47.653,81538,https://c.cfjump.com/Avatars/61435fd4-4eb6-4fd0-8d55-e7338f28bd97.png,Natural Life,Wild Bee Gift Set ,Receive a free Lip Balm when you shop our Wildbee Gift Set. ,https://t.cfjump.com/90610/o/123360,2024-03-23 00:00:00.000,
104846,2022-11-29 15:36:58.543,2024-07-12 08:08:42.160,82462,https://c.cfjump.com/Avatars/568ac10c-5402-4d2e-b7d6-daf55c996ce5.png,Neat Feat,Free Shipping over $100NZD ($100AUD),,https://t.cfjump.com/90610/o/104846,2022-11-29 00:00:00.000,
104848,2022-11-29 15:37:57.870,2023-03-07 11:18:05.153,82462,https://c.cfjump.com/Avatars/568ac10c-5402-4d2e-b7d6-daf55c996ce5.png,Neat Feat,Worldwide shipping available ,Free Shipping on Orders Over $150NZD Worldwide,https://t.cfjump.com/90610/o/104848,2022-11-29 00:00:00.000,
104849,2022-11-29 15:38:11.637,2022-11-29 15:38:11.637,82462,https://c.cfjump.com/Avatars/568ac10c-5402-4d2e-b7d6-daf55c996ce5.png,Neat Feat,"Buy Now, Pay Later with Afterpay",,https://t.cfjump.com/90610/o/104849,2022-11-29 00:00:00.000,
116156,2023-10-19 13:10:40.343,2024-07-12 08:09:57.153,82462,https://c.cfjump.com/Avatars/568ac10c-5402-4d2e-b7d6-daf55c996ce5.png,Neat Feat,20% OFF Hygienics Sanitising Handwash 500ml Antibacterial Soap,,https://t.cfjump.com/90610/o/116156,2023-10-19 00:00:00.000,
102238,2022-10-14 10:59:00.647,2022-10-14 10:59:00.647,81833,https://c.cfjump.com/Avatars/8fe22e19-a5f6-45e7-a820-2abdc366ff38.png,Newentor Australia, Free Shipping Australia Wide, Delivery Time: 2 - 7 Business Days,https://t.cfjump.com/90610/o/102238,2022-10-14 00:00:00.000,
102239,2022-10-14 10:59:25.383,2022-10-14 10:59:25.383,81833,https://c.cfjump.com/Avatars/8fe22e19-a5f6-45e7-a820-2abdc366ff38.png,Newentor Australia,120 Night Free Trial,,https://t.cfjump.com/90610/o/102239,2022-10-14 00:00:00.000,
102240,2022-10-14 10:59:31.853,2022-10-14 10:59:31.853,81833,https://c.cfjump.com/Avatars/8fe22e19-a5f6-45e7-a820-2abdc366ff38.png,Newentor Australia,10-Year Warranty,,https://t.cfjump.com/90610/o/102240,2022-10-14 00:00:00.000,
102241,2022-10-14 10:59:37.320,2022-10-14 10:59:37.320,81833,https://c.cfjump.com/Avatars/8fe22e19-a5f6-45e7-a820-2abdc366ff38.png,Newentor Australia,CertiPUR-US® Certified,,https://t.cfjump.com/90610/o/102241,2022-10-14 00:00:00.000,
102242,2022-10-14 11:00:08.773,2022-10-14 11:00:08.773,81833,https://c.cfjump.com/Avatars/8fe22e19-a5f6-45e7-a820-2abdc366ff38.png,Newentor Australia,Sign up and Stay up to date with us!,,https://t.cfjump.com/90610/o/102242,2022-10-14 00:00:00.000,
102449,2022-10-19 13:18:19.973,2022-10-19 13:18:19.973,81833,https://c.cfjump.com/Avatars/8fe22e19-a5f6-45e7-a820-2abdc366ff38.png,Newentor Australia,Up to 50% Off Sitewide,,https://t.cfjump.com/90610/o/102449,2022-10-19 00:00:00.000,
141257,2025-08-13 13:05:15.940,2025-08-13 13:05:15.940,10778,https://c.cfjump.com/Avatars/d18a9d9d-ad4c-4fef-ab07-17c40acb56aa.png,Nourished Life,Free LAMAV Gift (worth $45) When You Spend $79 On LAMAV ,Whilst stocks last.,https://t.cfjump.com/90610/o/141257,2025-08-26 00:00:00.000,2025-08-31 23:59:59.000
141261,2025-08-13 13:05:51.190,2025-08-13 13:05:51.190,10778,https://c.cfjump.com/Avatars/d18a9d9d-ad4c-4fef-ab07-17c40acb56aa.png,Nourished Life,Free Black Chicken Gift When You Spend $59 On Black Chicken Remedies ,Whilst stocks last.,https://t.cfjump.com/90610/o/141261,2025-08-26 00:00:00.000,2025-08-31 23:59:59.000
141268,2025-08-13 13:06:53.143,2025-08-13 13:06:53.143,10778,https://c.cfjump.com/Avatars/d18a9d9d-ad4c-4fef-ab07-17c40acb56aa.png,Nourished Life,Free Inika Gift When You buy any 2 Inkia Products ,Whilst stocks last.,https://t.cfjump.com/90610/o/141268,2025-08-26 00:00:00.000,2025-08-31 23:59:59.000
141269,2025-08-13 13:07:10.330,2025-08-13 13:07:10.330,10778,https://c.cfjump.com/Avatars/d18a9d9d-ad4c-4fef-ab07-17c40acb56aa.png,Nourished Life,Free Raww Gift When You Buy Any 2 Raww Products ,Whilst stocks last.,https://t.cfjump.com/90610/o/141269,2025-08-26 00:00:00.000,2025-08-31 23:59:59.000
140502,2025-07-24 08:50:07.850,2025-07-24 08:50:07.850,10778,https://c.cfjump.com/Avatars/d18a9d9d-ad4c-4fef-ab07-17c40acb56aa.png,Nourished Life,Save 20% Off Dr Tungs ,Limited time only. ,https://t.cfjump.com/90610/o/140502,2025-08-05 00:00:00.000,2025-09-01 23:59:59.000
141237,2025-08-13 13:01:49.253,2025-08-13 13:01:49.253,10778,https://c.cfjump.com/Avatars/d18a9d9d-ad4c-4fef-ab07-17c40acb56aa.png,Nourished Life,Save 10% Off Nutra Organics ,Whilst stocks last.,https://t.cfjump.com/90610/o/141237,2025-08-19 00:00:00.000,2025-09-01 23:59:59.000
141241,2025-08-13 13:02:28.173,2025-08-13 13:02:28.173,10778,https://c.cfjump.com/Avatars/d18a9d9d-ad4c-4fef-ab07-17c40acb56aa.png,Nourished Life,Save 20% off Lavera ,Whilst stocks last.,https://t.cfjump.com/90610/o/141241,2025-08-19 00:00:00.000,2025-09-01 23:59:59.000
141246,2025-08-13 13:03:24.690,2025-08-13 13:03:24.690,10778,https://c.cfjump.com/Avatars/d18a9d9d-ad4c-4fef-ab07-17c40acb56aa.png,Nourished Life,Save 25% Off Epzen ,Whilst stocks last.,https://t.cfjump.com/90610/o/141246,2025-08-19 00:00:00.000,2025-09-01 23:59:59.000
140504,2025-07-24 08:50:52.567,2025-07-24 08:50:52.567,10778,https://c.cfjump.com/Avatars/d18a9d9d-ad4c-4fef-ab07-17c40acb56aa.png,Nourished Life,Save 20% Off Grin ,Limited time only. ,https://t.cfjump.com/90610/o/140504,2025-08-05 00:00:00.000,2025-09-02 23:59:59.000
140505,2025-07-24 08:51:10.363,2025-07-24 08:51:10.363,10778,https://c.cfjump.com/Avatars/d18a9d9d-ad4c-4fef-ab07-17c40acb56aa.png,Nourished Life,Save 10% off Giovanni,Limited time only. ,https://t.cfjump.com/90610/o/140505,2025-08-05 00:00:00.000,2025-09-02 23:59:59.000
140507,2025-07-24 08:51:47.193,2025-07-24 08:51:47.207,10778,https://c.cfjump.com/Avatars/d18a9d9d-ad4c-4fef-ab07-17c40acb56aa.png,Nourished Life,Save 15% off Two Dudes,Limited time only. ,https://t.cfjump.com/90610/o/140507,2025-08-05 00:00:00.000,2025-09-02 23:59:59.000
141254,2025-08-13 13:04:47.330,2025-08-13 13:04:47.330,10778,https://c.cfjump.com/Avatars/d18a9d9d-ad4c-4fef-ab07-17c40acb56aa.png,Nourished Life,Save 15% Off Kooshoo,Limited time only. ,https://t.cfjump.com/90610/o/141254,2025-08-26 00:00:00.000,2025-09-08 23:59:59.000
141264,2025-08-13 13:06:15.533,2025-08-13 13:06:15.533,10778,https://c.cfjump.com/Avatars/d18a9d9d-ad4c-4fef-ab07-17c40acb56aa.png,Nourished Life,Save 15% Off Thrive Tallow ,Limited time only. ,https://t.cfjump.com/90610/o/141264,2025-08-26 00:00:00.000,2025-09-08 23:59:59.000
141796,2025-08-27 14:44:12.143,2025-08-27 14:44:12.143,10778,https://c.cfjump.com/Avatars/d18a9d9d-ad4c-4fef-ab07-17c40acb56aa.png,Nourished Life,Buy any Chief supplement and receive a free Chief Double Choc Protein Bar,Whilst stocks last.,https://t.cfjump.com/90610/o/141796,2025-09-09 00:00:00.000,2025-09-14 23:59:59.000
141797,2025-08-27 14:44:29.830,2025-08-27 14:44:29.830,10778,https://c.cfjump.com/Avatars/d18a9d9d-ad4c-4fef-ab07-17c40acb56aa.png,Nourished Life,Spend $59 on Sleep category and receive a free gift ,Whilst stocks last.,https://t.cfjump.com/90610/o/141797,2025-09-09 00:00:00.000,2025-09-14 23:59:59.000
141798,2025-08-27 14:44:46.377,2025-08-27 14:44:46.377,10778,https://c.cfjump.com/Avatars/d18a9d9d-ad4c-4fef-ab07-17c40acb56aa.png,Nourished Life,Spend $79 On LAMAV and receive a free gift (worth $45) ,Whilst stocks last.,https://t.cfjump.com/90610/o/141798,2025-09-09 00:00:00.000,2025-09-14 23:59:59.000
141790,2025-08-27 14:42:16.300,2025-08-27 14:42:16.300,10778,https://c.cfjump.com/Avatars/d18a9d9d-ad4c-4fef-ab07-17c40acb56aa.png,Nourished Life,Save 15% Off Noosa Basics ,Limited time only. ,https://t.cfjump.com/90610/o/141790,2025-09-02 00:00:00.000,2025-09-15 23:59:59.000
141791,2025-08-27 14:42:35.177,2025-08-27 14:42:35.177,10778,https://c.cfjump.com/Avatars/d18a9d9d-ad4c-4fef-ab07-17c40acb56aa.png,Nourished Life,Save 20% off Organic Collagen Australia RRP,Limited time only. ,https://t.cfjump.com/90610/o/141791,2025-09-02 00:00:00.000,2025-09-15 23:59:59.000
141792,2025-08-27 14:42:56.223,2025-08-27 14:42:56.223,10778,https://c.cfjump.com/Avatars/d18a9d9d-ad4c-4fef-ab07-17c40acb56aa.png,Nourished Life,Save 20% off Antipodes RRP,Limited time only. ,https://t.cfjump.com/90610/o/141792,2025-09-02 00:00:00.000,2025-09-15 23:59:59.000
141793,2025-08-27 14:43:15.033,2025-08-27 14:43:15.033,10778,https://c.cfjump.com/Avatars/d18a9d9d-ad4c-4fef-ab07-17c40acb56aa.png,Nourished Life,Save 20% off Karen Murrel RRP,Limited time only. ,https://t.cfjump.com/90610/o/141793,2025-09-02 00:00:00.000,2025-09-15 23:59:59.000
141794,2025-08-27 14:43:36.143,2025-08-27 14:43:36.143,10778,https://c.cfjump.com/Avatars/d18a9d9d-ad4c-4fef-ab07-17c40acb56aa.png,Nourished Life,Save 20% off Amazing Oils RRP,Limited time only. ,https://t.cfjump.com/90610/o/141794,2025-09-09 00:00:00.000,2025-09-22 23:59:59.000
141795,2025-08-27 14:43:53.253,2025-08-27 14:43:53.253,10778,https://c.cfjump.com/Avatars/d18a9d9d-ad4c-4fef-ab07-17c40acb56aa.png,Nourished Life,Up to 20% off Heritage Store,Limited time only. ,https://t.cfjump.com/90610/o/141795,2025-09-09 00:00:00.000,2025-09-22 23:59:59.000
141789,2025-08-27 14:41:58.440,2025-08-27 14:41:58.440,10778,https://c.cfjump.com/Avatars/d18a9d9d-ad4c-4fef-ab07-17c40acb56aa.png,Nourished Life,Up To 60% Off Sale On Now ,Limited time only. ,https://t.cfjump.com/90610/o/141789,2025-09-02 00:00:00.000,2025-09-29 23:59:59.000
79646,2021-04-07 13:23:22.593,2021-04-07 13:23:22.593,71130,https://c.cfjump.com/Avatars/cd9ebdec-4bbe-4710-a0d6-e73cee7f0215.png,Novo Shoes,Novo NZ,,https://t.cfjump.com/90610/o/79646,2021-04-07 00:00:00.000,
95490,2022-04-14 11:34:31.907,2022-04-14 11:34:31.907,71130,https://c.cfjump.com/Avatars/cd9ebdec-4bbe-4710-a0d6-e73cee7f0215.png,Novo Shoes,Free Shipping over $79.95 ($89.90 for NZ),,https://t.cfjump.com/90610/o/95490,2022-04-14 00:00:00.000,
98381,2022-06-30 14:11:09.707,2022-06-30 14:11:09.707,71130,https://c.cfjump.com/Avatars/cd9ebdec-4bbe-4710-a0d6-e73cee7f0215.png,Novo Shoes,Mid Year Sale - Up To 50% Off - New Styles Added + 25% Off Full Price Boots Continues + 30% Off Selected Boots (Discount Applied @ Checkout),,https://t.cfjump.com/90610/o/98381,2022-06-29 00:00:00.000,
98811,2022-07-18 11:14:56.297,2022-07-18 11:14:56.297,71130,https://c.cfjump.com/Avatars/cd9ebdec-4bbe-4710-a0d6-e73cee7f0215.png,Novo Shoes,Up To 70% Off Continues + 15% Off Full Price (Online Only AU & NZ - Discount Applied @ Checkout),,https://t.cfjump.com/90610/o/98811,2022-07-15 00:00:00.000,
100482,2022-08-29 16:01:02.190,2022-08-29 16:01:02.203,71130,https://c.cfjump.com/Avatars/cd9ebdec-4bbe-4710-a0d6-e73cee7f0215.png,Novo Shoes,SS22 Collection Launch: Shop Now!,,https://t.cfjump.com/90610/o/100482,2022-09-01 00:00:00.000,
100714,2022-09-05 12:09:56.003,2022-09-05 12:09:56.003,71130,https://c.cfjump.com/Avatars/cd9ebdec-4bbe-4710-a0d6-e73cee7f0215.png,Novo Shoes,New Styles Added To Sale (Discount @ Checkout) ,*Online Only AU + NZ. End Date: TBC,https://t.cfjump.com/90610/o/100714,2022-09-08 00:00:00.000,
135944,2025-03-05 09:53:22.060,2025-03-05 09:53:22.060,71130,https://c.cfjump.com/Avatars/cd9ebdec-4bbe-4710-a0d6-e73cee7f0215.png,Novo Shoes,AW25 Collection: Chateau Nouveau – Parisian elegance meets modern allure,"This season we redefine sophistication with feminine pumps, statement boots, and sleek, classic styles.",https://t.cfjump.com/90610/o/135944,2025-03-05 00:00:00.000,
13339,2016-09-07 11:13:27.090,2016-09-07 11:13:27.090,35089,https://c.cfjump.com/Avatars/b7a3a17b-68bd-4b35-8874-926d197df8f6.png,Nude by Nature,Free Shipping On All Orders Over $50,We offer FREE SHIPPING on orders that total $50 AUD or more. For orders less than $50 AUD a shipping cost of $9.90 AUD will be charged. Read more at https://nudebynature.com.au/free-shipping-over-50/#KRzsDV699rtFvfz7.99,https://t.cfjump.com/90610/o/13339,2016-09-07 00:00:00.000,
129962,2024-10-09 13:18:37.923,2024-10-09 13:18:37.923,90312,https://c.cfjump.com/Avatars/50e8ee0a-78db-4e42-9518-2e6417c18482.png,Number One Shoes,Get 20% off your next order when you signup for our newsletter.,Customers can receive a 20% discount by signing up for their newsletter. This offer is applicable on their next purchase and excludes selected items and styles.,https://t.cfjump.com/90610/o/129962,2024-10-09 00:00:00.000,
129963,2024-10-09 13:19:13.047,2024-10-09 13:19:13.047,90312,https://c.cfjump.com/Avatars/50e8ee0a-78db-4e42-9518-2e6417c18482.png,Number One Shoes, FREE Shipping on orders over $100,,https://t.cfjump.com/90610/o/129963,2024-10-09 00:00:00.000,
130342,2024-10-17 08:42:52.450,2024-10-17 08:42:52.450,90312,https://c.cfjump.com/Avatars/50e8ee0a-78db-4e42-9518-2e6417c18482.png,Number One Shoes,25% Off Full Price Styles,,https://t.cfjump.com/90610/o/130342,2024-10-17 00:00:00.000,
130034,2024-10-10 10:50:04.840,2024-10-10 10:50:04.840,90311,https://c.cfjump.com/Avatars/73be8c88-f088-438f-be0b-689adef4b7a7.png,Number One Shoes + Hannahs,Enjoy exclusive discounts & updates on our latest offers. Join now & we'll email you a 20% discount voucher*,"Excludes discounted products, selected styles and brands. By choosing to subscribe you are aware of our Privacy Policy and agree to our Terms & Conditions.",https://t.cfjump.com/90610/o/130034,2024-10-10 00:00:00.000,
141775,2025-08-27 04:36:30.833,2025-08-27 04:36:30.833,84165,https://c.cfjump.com/Avatars/9e7543df-6760-4925-8bb6-1d510856c8d6.png,Oaks Hotels,Click Frenzy Travel,https://www.oakshotels.com/en/offer-terms-and-conditions/oaks-click-frenzy-terms-and-conditions,https://t.cfjump.com/90610/o/141775,2025-08-27 00:00:00.000,2025-08-31 23:59:59.000
140746,2025-08-01 14:04:45.303,2025-08-01 14:04:45.303,84165,https://c.cfjump.com/Avatars/9e7543df-6760-4925-8bb6-1d510856c8d6.png,Oaks Hotels,Double DISCOVERY Dollars,https://www.oakshotels.com/en/offer-terms-and-conditions/discovery-double-dollars-terms-and-conditions,https://t.cfjump.com/90610/o/140746,2025-08-01 00:00:00.000,2025-09-30 23:59:59.000
116527,2023-10-27 11:16:09.923,2023-10-27 11:16:09.923,88017,https://c.cfjump.com/Avatars/5b0182e2-a23f-4370-98e8-91daabad4f18.png,Oil Garden,Welcome offer 20% off your first order!* ,"*Sign up to receive our newsletter to get 20% off your first online order when you spend $50 or more. Upon sign up you will receive an email with your unique, one-time use only code to redeem at checkout. Excludes the purchase of e-gift cards, selected packs & clearance items. This offer cannot be used in conjunction with any other offer including subscription coupons and promotional codes. We reserve the right to cancel any order due to unauthorised, altered or ineligible use of offer and to modify or cancel any promotion due to system error or unforeseen problems. Other restrictions may apply. Offer available exclusively online to first time customers only.  Offer subject to change without notice.",https://t.cfjump.com/90610/o/116527,2023-10-27 00:00:00.000,
116529,2023-10-27 11:22:10.807,2023-10-27 11:22:10.807,88017,https://c.cfjump.com/Avatars/5b0182e2-a23f-4370-98e8-91daabad4f18.png,Oil Garden,FREE SHIPPING on Australian orders over $100* ,"*FREE SHIPPING on Australian orders over $100. Free standard shipping on all orders over $100!  

Shipping charges for orders under $100 will be calculated at the checkout. 

",https://t.cfjump.com/90610/o/116529,2023-10-27 00:00:00.000,
128900,2024-09-17 08:30:45.447,2024-09-17 08:30:45.447,10901,https://c.cfjump.com/Avatars/200d3272-c5ea-4435-bc55-8a2adbd7238c.png,One Honey Boutique,Shop the One Honey Boutique Sale,,https://t.cfjump.com/90610/o/128900,2024-09-17 00:00:00.000,
128901,2024-09-17 08:31:23.540,2024-09-17 08:31:23.540,10901,https://c.cfjump.com/Avatars/200d3272-c5ea-4435-bc55-8a2adbd7238c.png,One Honey Boutique,Beautiful Prom & Formal Dresses,,https://t.cfjump.com/90610/o/128901,2024-09-17 00:00:00.000,
128902,2024-09-17 08:32:19.493,2024-09-17 08:32:19.493,10901,https://c.cfjump.com/Avatars/200d3272-c5ea-4435-bc55-8a2adbd7238c.png,One Honey Boutique,Shop Bridesmaid Dresses,,https://t.cfjump.com/90610/o/128902,2024-09-17 00:00:00.000,
131628,2024-11-18 22:18:42.497,2024-11-18 22:18:42.497,10901,https://c.cfjump.com/Avatars/200d3272-c5ea-4435-bc55-8a2adbd7238c.png,One Honey Boutique,Shop 2025 Prom & Formal Dresses,,https://t.cfjump.com/90610/o/131628,2024-11-18 00:00:00.000,
135555,2025-02-26 14:55:35.300,2025-02-26 14:55:35.300,11057,https://c.cfjump.com/Avatars/bc81150f-70d3-43a0-902b-fdc403888fd9.png,Onsport,Shop our latest Sale items ,,https://t.cfjump.com/90610/o/135555,2025-02-26 00:00:00.000,
135556,2025-02-26 14:55:57.503,2025-02-26 14:56:11.050,11057,https://c.cfjump.com/Avatars/bc81150f-70d3-43a0-902b-fdc403888fd9.png,Onsport,"Shop the best running shoes, sports tech, activewear & sports clothing",,https://t.cfjump.com/90610/o/135556,2025-02-26 00:00:00.000,
135557,2025-02-26 14:56:28.490,2025-02-26 14:56:28.490,11057,https://c.cfjump.com/Avatars/bc81150f-70d3-43a0-902b-fdc403888fd9.png,Onsport,"Top brands including Brooks, Mizuno, 2XU, Garmin & more",,https://t.cfjump.com/90610/o/135557,2025-02-26 00:00:00.000,
125207,2024-05-13 19:19:31.360,2024-05-13 19:19:31.360,89651,https://c.cfjump.com/Avatars/de6fbb49-79d5-405d-a8ec-f85d3d5a7ac8.png,Original Mattress & Furniture,Buy Now Pay Later Options,,https://t.cfjump.com/90610/o/125207,2024-05-13 00:00:00.000,
80547,2021-04-29 09:12:01.870,2021-04-29 09:12:01.870,73792,https://c.cfjump.com/Avatars/5bf0b5da-b0ae-4e02-a183-470bff9715de.png,Outback Equipment,Every Season is Outdoor Season.,,https://t.cfjump.com/90610/o/80547,2021-04-29 00:00:00.000,
80548,2021-04-29 09:18:00.050,2021-04-29 09:18:00.050,73792,https://c.cfjump.com/Avatars/5bf0b5da-b0ae-4e02-a183-470bff9715de.png,Outback Equipment,Most orders will be shipped in 3-5 business days of payment confirmation.,,https://t.cfjump.com/90610/o/80548,2021-04-29 00:00:00.000,
80549,2021-04-29 09:18:38.647,2021-04-29 09:18:38.647,73792,https://c.cfjump.com/Avatars/5bf0b5da-b0ae-4e02-a183-470bff9715de.png,Outback Equipment,Secure Payment Options,,https://t.cfjump.com/90610/o/80549,2021-04-29 00:00:00.000,
80550,2021-04-29 09:19:00.223,2021-04-29 09:19:00.223,73792,https://c.cfjump.com/Avatars/5bf0b5da-b0ae-4e02-a183-470bff9715de.png,Outback Equipment,We ship Australia Wide,,https://t.cfjump.com/90610/o/80550,2021-04-29 00:00:00.000,
86361,2021-10-08 08:47:15.460,2021-10-08 08:47:15.460,69489,https://c.cfjump.com/Avatars/bd0dafb4-679c-44c2-9856-5593633c579a.png,Oz Hair and Beauty,Free 5 Piece Set when you purchase 2 Napoleon Perdis Products,,https://t.cfjump.com/90610/o/86361,2021-11-05 00:00:00.000,
86369,2021-10-08 08:53:30.617,2021-10-08 08:53:30.617,69489,https://c.cfjump.com/Avatars/bd0dafb4-679c-44c2-9856-5593633c579a.png,Oz Hair and Beauty,2 Free Silk of Oil Morocco Samples when you spend over $120,,https://t.cfjump.com/90610/o/86369,2021-11-14 00:00:00.000,
95127,2022-04-06 18:22:04.117,2022-04-06 18:22:04.117,69489,https://c.cfjump.com/Avatars/bd0dafb4-679c-44c2-9856-5593633c579a.png,Oz Hair and Beauty,Free White and Rose Gold Sustainable Water Bottle valued at $50 with every CLOUD NINE Hair Appliance,,https://t.cfjump.com/90610/o/95127,2022-04-06 00:00:00.000,
95130,2022-04-06 18:22:04.130,2022-04-06 18:22:04.130,69489,https://c.cfjump.com/Avatars/bd0dafb4-679c-44c2-9856-5593633c579a.png,Oz Hair and Beauty,Spend $89 on Glasshouse Fragrances and receive a free FULL SIZE Glasshouse Fragrances Melbourne Muse Body Lotion 400ml,,https://t.cfjump.com/90610/o/95130,2022-04-12 00:00:00.000,
86285,2021-10-06 10:26:09.760,2021-10-06 11:00:46.217,69489,https://c.cfjump.com/Avatars/bd0dafb4-679c-44c2-9856-5593633c579a.png,Oz Hair and Beauty,Spend over $120 Sitewide and received free Moroccanoil All in One Treatment 50ml,While Stocks Last,https://t.cfjump.com/90610/o/86285,2021-10-07 00:00:00.000,
86286,2021-10-06 10:26:29.403,2021-10-06 11:01:17.700,69489,https://c.cfjump.com/Avatars/bd0dafb4-679c-44c2-9856-5593633c579a.png,Oz Hair and Beauty,Free Klorane Nettle Dry Shampoo 50ml with all Orders from Oily Skin and Oily Scalp,While Stocks Last,https://t.cfjump.com/90610/o/86286,2021-10-09 00:00:00.000,
86287,2021-10-06 10:26:56.420,2021-10-06 11:01:33.687,69489,https://c.cfjump.com/Avatars/bd0dafb4-679c-44c2-9856-5593633c579a.png,Oz Hair and Beauty,Free Avène Cleanance Gel Cleanser when you purchase an Avène Cleanance Comedonmed Moisturiser,While Stocks Last,https://t.cfjump.com/90610/o/86287,2021-10-09 00:00:00.000,
86289,2021-10-06 10:28:03.560,2021-10-06 11:01:48.497,69489,https://c.cfjump.com/Avatars/bd0dafb4-679c-44c2-9856-5593633c579a.png,Oz Hair and Beauty,Spend $129.99 on Medik8 skincare to receive FREE FULL SIZE Natural Clay Mask 75ml valued at $59,While Stocks Last,https://t.cfjump.com/90610/o/86289,2021-10-09 00:00:00.000,
86290,2021-10-06 10:28:24.717,2021-10-06 11:02:09.123,69489,https://c.cfjump.com/Avatars/bd0dafb4-679c-44c2-9856-5593633c579a.png,Oz Hair and Beauty,Free Alfaparf Style Stories Texturising Dry Shampoo 75ml when you purchase 2 Alfaparf Milano Products,While Stocks Last,https://t.cfjump.com/90610/o/86290,2021-10-09 00:00:00.000,
86291,2021-10-06 10:28:41.500,2021-10-06 11:02:22.247,69489,https://c.cfjump.com/Avatars/bd0dafb4-679c-44c2-9856-5593633c579a.png,Oz Hair and Beauty,Receive a Free Full Size Retreament Botanics Face Polish Exfoliant valued at $69 when you spend over $79 on Retreatment Botanics,While Stocks Last,https://t.cfjump.com/90610/o/86291,2021-10-09 00:00:00.000,
86292,2021-10-06 10:29:45.017,2021-10-06 11:02:40.763,69489,https://c.cfjump.com/Avatars/bd0dafb4-679c-44c2-9856-5593633c579a.png,Oz Hair and Beauty,Spend over $130 Sitewide and receive a Free Philip Kingsley Elasticizer 40ml,While Stocks Last,https://t.cfjump.com/90610/o/86292,2021-10-10 00:00:00.000,
86294,2021-10-06 10:30:41.533,2021-10-06 11:03:07.390,69489,https://c.cfjump.com/Avatars/bd0dafb4-679c-44c2-9856-5593633c579a.png,Oz Hair and Beauty,Free Evo Salty Dog Spray 50ml when you purchase 2 Evo Haircare Products,While Stocks Last,https://t.cfjump.com/90610/o/86294,2021-10-10 00:00:00.000,
86295,2021-10-06 10:43:52.560,2021-10-06 11:06:34.453,69489,https://c.cfjump.com/Avatars/bd0dafb4-679c-44c2-9856-5593633c579a.png,Oz Hair and Beauty,Free Denman Mini Keyring and Three Row Comb with all Denman Products!,While Stocks Last,https://t.cfjump.com/90610/o/86295,2021-10-10 00:00:00.000,
86296,2021-10-06 10:44:18.453,2021-10-06 11:06:43.360,69489,https://c.cfjump.com/Avatars/bd0dafb4-679c-44c2-9856-5593633c579a.png,Oz Hair and Beauty,Purchase 2 milk_shake products and receive a free milk_shake pastel watch,While Stocks Last,https://t.cfjump.com/90610/o/86296,2021-10-10 00:00:00.000,
86297,2021-10-06 10:45:06.077,2021-10-06 11:07:05.313,69489,https://c.cfjump.com/Avatars/bd0dafb4-679c-44c2-9856-5593633c579a.png,Oz Hair and Beauty,Free Full Size Dry Shampoo with every A’kin Purchase over $29!,While Stocks Last,https://t.cfjump.com/90610/o/86297,2021-10-10 00:00:00.000,
86299,2021-10-06 10:49:11.423,2021-10-06 11:07:16.173,69489,https://c.cfjump.com/Avatars/bd0dafb4-679c-44c2-9856-5593633c579a.png,Oz Hair and Beauty,Spend over $99 on Everescents and receive a full size Deep Treatment valued at 235ml valued at $33.50,While Stocks Last,https://t.cfjump.com/90610/o/86299,2021-10-11 00:00:00.000,
86300,2021-10-06 10:49:27.003,2021-10-06 11:07:35.377,69489,https://c.cfjump.com/Avatars/bd0dafb4-679c-44c2-9856-5593633c579a.png,Oz Hair and Beauty,Spend $65 on Avène and receive a Full Size Avène A-Oxitive Serum Valued at $29,While Stocks Last,https://t.cfjump.com/90610/o/86300,2021-10-12 00:00:00.000,
86301,2021-10-06 10:49:43.630,2021-10-06 11:07:45.737,69489,https://c.cfjump.com/Avatars/bd0dafb4-679c-44c2-9856-5593633c579a.png,Oz Hair and Beauty,Free Dr Roebucks No Worries Hydrating Face Moisturiser 15ml with ALL orders over $120,While Stocks Last,https://t.cfjump.com/90610/o/86301,2021-10-14 00:00:00.000,
86302,2021-10-06 10:50:03.097,2021-10-06 11:08:23.033,69489,https://c.cfjump.com/Avatars/bd0dafb4-679c-44c2-9856-5593633c579a.png,Oz Hair and Beauty,"Free Redken Acidic Bonding Concentrate Travel Size Trio Pack, when you spend over $69.99 on Redken",While Stocks Last,https://t.cfjump.com/90610/o/86302,2021-10-16 00:00:00.000,
86303,2021-10-06 10:53:16.193,2021-10-06 11:08:45.893,69489,https://c.cfjump.com/Avatars/bd0dafb4-679c-44c2-9856-5593633c579a.png,Oz Hair and Beauty,Spend over $120 across the edit and receive a 3 -Piece Skin/Selfcare Freebie,While Stocks Last,https://t.cfjump.com/90610/o/86303,2021-10-17 00:00:00.000,
86304,2021-10-06 10:53:36.913,2021-10-06 11:08:56.910,69489,https://c.cfjump.com/Avatars/bd0dafb4-679c-44c2-9856-5593633c579a.png,Oz Hair and Beauty,Spend $89 on Retreament Botanics and receive a Full Size Radiance Cleanser valued at $49.99,While Stocks Last,https://t.cfjump.com/90610/o/86304,2021-10-18 00:00:00.000,
86305,2021-10-06 10:54:46.803,2021-10-06 11:09:02.550,69489,https://c.cfjump.com/Avatars/bd0dafb4-679c-44c2-9856-5593633c579a.png,Oz Hair and Beauty,Free Mr Smith Masque 50ml when you spend over $120,While Stocks Last,https://t.cfjump.com/90610/o/86305,2021-10-19 00:00:00.000,
86307,2021-10-06 10:55:52.103,2021-10-06 11:09:39.333,69489,https://c.cfjump.com/Avatars/bd0dafb4-679c-44c2-9856-5593633c579a.png,Oz Hair and Beauty,Receive a free The Jojoba Company 4-Piece Set when you buy 2 The Jojoba Company Products,While Stocks Last,https://t.cfjump.com/90610/o/86307,2021-10-21 00:00:00.000,
86309,2021-10-06 10:56:48.587,2021-10-06 11:10:03.600,69489,https://c.cfjump.com/Avatars/bd0dafb4-679c-44c2-9856-5593633c579a.png,Oz Hair and Beauty,"Free Redken ABC Shampoo, Conditioner Set when you spend over $99 on Haircare*",While Stocks Last,https://t.cfjump.com/90610/o/86309,2021-10-24 00:00:00.000,
86310,2021-10-06 10:57:06.730,2021-10-06 11:10:22.363,69489,https://c.cfjump.com/Avatars/bd0dafb4-679c-44c2-9856-5593633c579a.png,Oz Hair and Beauty,Purchase 2 Inika Products to Receive a Full Size Eye Cream Valued at $69,While Stocks Last,https://t.cfjump.com/90610/o/86310,2021-10-25 00:00:00.000,
86311,2021-10-06 10:57:29.810,2021-10-06 11:10:47.007,69489,https://c.cfjump.com/Avatars/bd0dafb4-679c-44c2-9856-5593633c579a.png,Oz Hair and Beauty,Free Mini Evo Platinum Blonde Fabuloso Shampoo and Conditioner Duo when you purchase 2 Olaplex Products**Packs are equivalent to one product,While Stocks Last,https://t.cfjump.com/90610/o/86311,2021-10-30 00:00:00.000,
86359,2021-10-08 08:46:02.487,2021-10-08 08:46:09.630,69489,https://c.cfjump.com/Avatars/bd0dafb4-679c-44c2-9856-5593633c579a.png,Oz Hair and Beauty,Free 3-Piece Blonde Sample Set when you spend over $79.99 on Blonde Haircare,,https://t.cfjump.com/90610/o/86359,2021-11-01 00:00:00.000,
86360,2021-10-08 08:46:57.833,2021-10-08 08:46:57.833,69489,https://c.cfjump.com/Avatars/bd0dafb4-679c-44c2-9856-5593633c579a.png,Oz Hair and Beauty,Spend over $150 Sitewide and Receive a Free CLOUD NINE Eco-Friendly Water Bottle Valued at $50,,https://t.cfjump.com/90610/o/86360,2021-11-02 00:00:00.000,
86362,2021-10-08 08:47:39.677,2021-10-08 08:47:39.677,69489,https://c.cfjump.com/Avatars/bd0dafb4-679c-44c2-9856-5593633c579a.png,Oz Hair and Beauty,Free lip shine Champagne valued at $45 when you purchase 2 Colorescience Products,,https://t.cfjump.com/90610/o/86362,2021-11-07 00:00:00.000,
86363,2021-10-08 08:47:55.177,2021-10-08 08:47:55.177,69489,https://c.cfjump.com/Avatars/bd0dafb4-679c-44c2-9856-5593633c579a.png,Oz Hair and Beauty,Free Dr.Lewinn’s Reversaderm Day Cream Sample when you purchase 2 Skincare Products,,https://t.cfjump.com/90610/o/86363,2021-11-07 00:00:00.000,
86364,2021-10-08 08:48:09.270,2021-10-08 08:48:09.270,69489,https://c.cfjump.com/Avatars/bd0dafb4-679c-44c2-9856-5593633c579a.png,Oz Hair and Beauty,Free Dr.Lewinn’s Recoverdrm Day Cream 3g with ALL Dr. Lewinn’s Order,,https://t.cfjump.com/90610/o/86364,2021-11-07 00:00:00.000,
86365,2021-10-08 08:48:39.630,2021-10-08 08:48:39.630,69489,https://c.cfjump.com/Avatars/bd0dafb4-679c-44c2-9856-5593633c579a.png,Oz Hair and Beauty,Spend over $149 on Cosmedix and Receive a FULL SIZE Cosmedix Purity Detox Cleanser,,https://t.cfjump.com/90610/o/86365,2021-11-07 00:00:00.000,
86366,2021-10-08 08:48:57.770,2021-10-08 08:48:57.770,69489,https://c.cfjump.com/Avatars/bd0dafb4-679c-44c2-9856-5593633c579a.png,Oz Hair and Beauty,Purcahse any A'kin Product to receive a Vitamin C Rosehip Oil 2.8ml,,https://t.cfjump.com/90610/o/86366,2021-11-07 00:00:00.000,
86368,2021-10-08 08:53:06.353,2021-10-08 08:53:06.353,69489,https://c.cfjump.com/Avatars/bd0dafb4-679c-44c2-9856-5593633c579a.png,Oz Hair and Beauty,Free Schwarzkopf Moisture Kick Shampoo 100ml when you purchase 2 Dry Hair Concern Products,,https://t.cfjump.com/90610/o/86368,2021-11-13 00:00:00.000,
86370,2021-10-08 08:54:22.913,2021-10-08 08:54:22.913,69489,https://c.cfjump.com/Avatars/bd0dafb4-679c-44c2-9856-5593633c579a.png,Oz Hair and Beauty,Spend over $69 on Silk of Oil Morocco and Receive a Full Size Silk of Oil Morocco Hair & Skin Treatment Valued at $49.50,,https://t.cfjump.com/90610/o/86370,2021-11-14 00:00:00.000,
86371,2021-10-08 08:54:36.773,2021-10-08 08:54:36.773,69489,https://c.cfjump.com/Avatars/bd0dafb4-679c-44c2-9856-5593633c579a.png,Oz Hair and Beauty,Purchase any 3 Mr Smith Products and receive a FULL SIZE 100ml Leave in Treatment valued at $50,,https://t.cfjump.com/90610/o/86371,2021-11-15 00:00:00.000,
86372,2021-10-08 08:54:56.257,2021-10-08 08:54:56.257,69489,https://c.cfjump.com/Avatars/bd0dafb4-679c-44c2-9856-5593633c579a.png,Oz Hair and Beauty,Choice of Travel Sized Virtue Labs Shampoo or Conditioner with every Virtue Labs Order,,https://t.cfjump.com/90610/o/86372,2021-10-15 00:00:00.000,
86373,2021-10-08 08:55:18.320,2021-10-08 08:55:18.320,69489,https://c.cfjump.com/Avatars/bd0dafb4-679c-44c2-9856-5593633c579a.png,Oz Hair and Beauty,Free Pureology Hydrate Shampoo and Conditioner Sample with all orders over $110,,https://t.cfjump.com/90610/o/86373,2021-11-18 00:00:00.000,
86374,2021-10-08 08:55:33.713,2021-10-08 08:55:33.713,69489,https://c.cfjump.com/Avatars/bd0dafb4-679c-44c2-9856-5593633c579a.png,Oz Hair and Beauty,Free Pureology Hydrate Sheer Travel Size Duo when you purchase 2 Dry hair Products,,https://t.cfjump.com/90610/o/86374,2021-11-18 00:00:00.000,
86375,2021-10-08 08:55:48.697,2021-10-08 08:55:48.697,69489,https://c.cfjump.com/Avatars/bd0dafb4-679c-44c2-9856-5593633c579a.png,Oz Hair and Beauty,Free Pureology Smooth Perfection Travel Size Duo when you purchase 2 Frizzy hair Products,,https://t.cfjump.com/90610/o/86375,2021-11-18 00:00:00.000,
86376,2021-10-08 08:56:06.823,2021-10-08 08:56:06.823,69489,https://c.cfjump.com/Avatars/bd0dafb4-679c-44c2-9856-5593633c579a.png,Oz Hair and Beauty,Free Pureology Clean Volume Travel Size Duo when you purchase 2 Fine hair Products,,https://t.cfjump.com/90610/o/86376,2021-11-18 00:00:00.000,
86377,2021-10-08 08:56:29.760,2021-10-08 08:56:29.760,69489,https://c.cfjump.com/Avatars/bd0dafb4-679c-44c2-9856-5593633c579a.png,Oz Hair and Beauty,Free Pureology Strength Cure Sample Duo when you purchase 2 Damaged hair Products,,https://t.cfjump.com/90610/o/86377,2021-11-18 00:00:00.000,
86378,2021-10-08 08:57:51.137,2021-10-08 08:57:51.137,69489,https://c.cfjump.com/Avatars/bd0dafb4-679c-44c2-9856-5593633c579a.png,Oz Hair and Beauty,Free Pureology Strength Cure Blonde Sample Duo when you purchase 2 Fine hair Products,,https://t.cfjump.com/90610/o/86378,2021-11-18 00:00:00.000,
86379,2021-10-08 08:58:12.840,2021-10-08 08:58:12.840,69489,https://c.cfjump.com/Avatars/bd0dafb4-679c-44c2-9856-5593633c579a.png,Oz Hair and Beauty,Free 3 mini exfoliants valued at $32 with Murad purchase over $120,,https://t.cfjump.com/90610/o/86379,2021-11-20 00:00:00.000,
86380,2021-10-08 08:58:56.090,2021-10-08 08:58:56.090,69489,https://c.cfjump.com/Avatars/bd0dafb4-679c-44c2-9856-5593633c579a.png,Oz Hair and Beauty,Free Embryolisse Lait-Crème Sensitive 2ml when you purchase 2 Skincare Products,,https://t.cfjump.com/90610/o/86380,2021-11-20 00:00:00.000,
86381,2021-10-08 08:59:14.890,2021-10-08 08:59:14.890,69489,https://c.cfjump.com/Avatars/bd0dafb4-679c-44c2-9856-5593633c579a.png,Oz Hair and Beauty,Free Before You Speak Collagen Coffee Sample with all Purchases from the Glow Edit,,https://t.cfjump.com/90610/o/86381,2021-11-21 00:00:00.000,
86382,2021-10-08 09:01:05.327,2021-10-08 09:01:05.327,69489,https://c.cfjump.com/Avatars/bd0dafb4-679c-44c2-9856-5593633c579a.png,Oz Hair and Beauty,Free Bamboo Keep Cup valued at $24.95 when spend over $49 on Before You Speak,,https://t.cfjump.com/90610/o/86382,2021-11-21 00:00:00.000,
86383,2021-10-08 09:01:18.733,2021-10-08 09:01:18.733,69489,https://c.cfjump.com/Avatars/bd0dafb4-679c-44c2-9856-5593633c579a.png,Oz Hair and Beauty,Free Set of 5 Reusable Bamboo Straw Set valued at $9.95 when you spend over $49 on Unicorn Superfoods,,https://t.cfjump.com/90610/o/86383,2021-11-21 00:00:00.000,
86384,2021-10-08 09:01:38.047,2021-10-08 09:01:38.047,69489,https://c.cfjump.com/Avatars/bd0dafb4-679c-44c2-9856-5593633c579a.png,Oz Hair and Beauty,Spend $79.99 or more on Natalie Anne and Receive a Free Ticket to her Masterclass,,https://t.cfjump.com/90610/o/86384,2021-11-23 00:00:00.000,
95109,2022-04-06 11:31:55.343,2022-04-06 18:23:52.710,69489,https://c.cfjump.com/Avatars/bd0dafb4-679c-44c2-9856-5593633c579a.png,Oz Hair and Beauty,Choice of Two Free Pureology Shampoo and Conditioner Duo Samples when you spend over $120,,https://t.cfjump.com/90610/o/95109,2022-04-06 00:00:00.000,
95110,2022-04-06 11:32:13.343,2022-04-06 18:23:32.367,69489,https://c.cfjump.com/Avatars/bd0dafb4-679c-44c2-9856-5593633c579a.png,Oz Hair and Beauty,Choice of a free Pureology 50ml Shampoo and Conditioner Duo with all Pureology Orders,,https://t.cfjump.com/90610/o/95110,2022-04-06 00:00:00.000,
72251,2020-10-22 12:26:52.953,2020-10-28 09:54:36.533,70682,https://c.cfjump.com/Avatars/463b45db-bd14-461c-b3b7-bcce3f5d14a3.png,OzMobiles,Free and Fast Shipping ,"Need your device really quick? If you order a device before 12:30pm (AEST), we can ensure you that your device will be shipped out on the SAME DAY.

If you really need your device as soon as possible, we also offer Express Post which takes only 1-2 business days of delivery time. NOTE: It may take longer for WA and rural areas - although it will still reach the destination faster than standard post.

Within 24 hours of your device being shipped, you should receive an automated email via Australia post with your tracking number. You may track your package by visiting the AusPost Tracking page and enter your tracking number.",https://t.cfjump.com/90610/o/72251,2020-10-22 00:00:00.000,
72252,2020-10-22 12:27:04.390,2020-10-28 09:55:22.910,70682,https://c.cfjump.com/Avatars/463b45db-bd14-461c-b3b7-bcce3f5d14a3.png,OzMobiles,12 month warranty,"If you’re worried about warranty coverage, fret not! We cover manufacturing faults, both software and physical that may occur with your device, this includes battery performance issues. The length of the warranty period is 12 months from the purchase of the device.
Please note, however, that this does not cover any damage that is caused by mishandled use or liquid damage - so be careful! If you also get your device repaired by any unauthorised third party, this will void your warranty.

As an added plus, for the extra careful you, we also offer the OzMobiles Extra Care for iPhones which gives you an additional 12 months of warranty coverage for your newly purchased iPhone. It offers the same coverage as our standard warranty, but for an additional 12 months so you can have peace of mind knowing you are covered.

Simply add OzMobiles Extra Care before purchasing your device, it's that easy!",https://t.cfjump.com/90610/o/72252,2020-10-22 00:00:00.000,
72253,2020-10-22 12:27:16.283,2020-10-28 09:55:04.940,70682,https://c.cfjump.com/Avatars/463b45db-bd14-461c-b3b7-bcce3f5d14a3.png,OzMobiles,30-day free returns,"Found a fault in the device you purchased and you want to have it exchanged or refunded? Or probably you just simply changed your mind? Read below for further details about our 30-day Return Policy.

Warranty
Order Cancelations
30 Day Refund Policy
Change of Mind
Refunds
If you receive your items and they appeared to be faulty or not as described we are pleased to offer our customers within the first 30 days of purchase:

A replacement unit of the identical make and model as the original item ordered
Return the broken unit to be repaired
Store credit or a refund
",https://t.cfjump.com/90610/o/72253,2020-10-22 00:00:00.000,
72254,2020-10-22 12:27:31.660,2020-10-28 09:53:41.607,70682,https://c.cfjump.com/Avatars/463b45db-bd14-461c-b3b7-bcce3f5d14a3.png,OzMobiles,locally sourced products,"We sell only 100% Australian stock. We don't import any stock, it's 100% locally sourced. You won't see any strange software on our devices, and you won't be rejected by manufacturers because the devices are ""Imported"". We want to provide our customers with quality devices that we know are 100% genuine.",https://t.cfjump.com/90610/o/72254,2020-10-22 00:00:00.000,
72255,2020-10-22 12:27:46.427,2020-10-22 12:29:15.680,70682,https://c.cfjump.com/Avatars/463b45db-bd14-461c-b3b7-bcce3f5d14a3.png,OzMobiles,"Refurbished, Reduce, Reuse and Recycle","By buying Refurbished, you’re able to Reduce the amount of e-waste in the environment by Reusing a device that can still last for years that comes in Recyclable packaging.",https://t.cfjump.com/90610/o/72255,2020-10-22 00:00:00.000,
72256,2020-10-22 12:29:43.650,2020-10-28 09:54:49.487,70682,https://c.cfjump.com/Avatars/463b45db-bd14-461c-b3b7-bcce3f5d14a3.png,OzMobiles,Certified 72-Point Functional Check,"We know that battery health is one of the biggest concerns for most people, and that's why we have the OzMobiles Battery Health Guarantee.

Every device we sell is tested thoroughly though our OzMobiles 72 Point Check process.

As part of our 72-Point Check, we test the batteries of the device, to ensure that your device is still in its peak performance of at least 85% battery health.

Anything that has less than 85% battery will be replaced with a genuine battery before being sold on OzMobiles.",https://t.cfjump.com/90610/o/72256,2020-10-22 00:00:00.000,
112767,2023-08-14 16:16:06.757,2023-08-14 16:16:06.757,87268,https://c.cfjump.com/Avatars/84885aa8-5cee-4964-bb2a-c8eb69c4593c.png,Pace Athletic,SIGN UP and Get 10% off your first purchase!,,https://t.cfjump.com/90610/o/112767,2023-08-14 00:00:00.000,
112768,2023-08-14 16:16:52.540,2023-08-14 16:16:52.540,87268,https://c.cfjump.com/Avatars/84885aa8-5cee-4964-bb2a-c8eb69c4593c.png,Pace Athletic,FREE SHIPPING Australia wide on any order $100+,,https://t.cfjump.com/90610/o/112768,2023-08-14 00:00:00.000,
100121,2022-08-17 15:39:23.420,2023-08-04 13:21:07.347,80527,https://c.cfjump.com/Avatars/fea43cbe-083e-4890-9d14-16e2c6cbfaa9.png,Peak Chocolate,FREE SHIPPING ON AUS ORDERS OVER $70,Australia wide,https://t.cfjump.com/90610/o/100121,2022-08-17 00:00:00.000,
100123,2022-08-17 15:40:06.637,2022-08-17 15:40:06.637,80527,https://c.cfjump.com/Avatars/fea43cbe-083e-4890-9d14-16e2c6cbfaa9.png,Peak Chocolate,97% of verified reviewers would recommend Peak Chocolate to a friend,,https://t.cfjump.com/90610/o/100123,2022-08-17 00:00:00.000,
100124,2022-08-17 15:40:21.467,2022-08-17 15:40:21.467,80527,https://c.cfjump.com/Avatars/fea43cbe-083e-4890-9d14-16e2c6cbfaa9.png,Peak Chocolate,DON'T JUST TAKE OUR WORD FOR IT... CHECK OUT OUR 500+ 5-STAR REVIEWS,,https://t.cfjump.com/90610/o/100124,2022-08-17 00:00:00.000,
100125,2022-08-17 15:40:46.730,2022-08-17 15:40:46.730,80527,https://c.cfjump.com/Avatars/fea43cbe-083e-4890-9d14-16e2c6cbfaa9.png,Peak Chocolate,"Sign Up - We only send cool emails (the kind with useful information, good news and great offers).",,https://t.cfjump.com/90610/o/100125,2022-08-17 00:00:00.000,
126195,2024-06-13 15:37:27.040,2024-06-13 15:37:27.040,89536,https://c.cfjump.com/Avatars/f10604f3-11b2-4339-99f1-0f84415577d4.png,Pet Circle Insurance,2 Months Free: PCI2FREE,,https://t.cfjump.com/90610/o/126195,2024-06-13 00:00:00.000,
126348,2024-06-19 15:45:47.330,2024-06-19 15:45:47.330,89536,https://c.cfjump.com/Avatars/f10604f3-11b2-4339-99f1-0f84415577d4.png,Pet Circle Insurance,Claim up to $30K annually!,,https://t.cfjump.com/90610/o/126348,2024-06-19 00:00:00.000,
126349,2024-06-19 15:46:14.470,2024-06-19 15:46:14.470,89536,https://c.cfjump.com/Avatars/f10604f3-11b2-4339-99f1-0f84415577d4.png,Pet Circle Insurance,Get a 2 min quote,,https://t.cfjump.com/90610/o/126349,2024-06-19 00:00:00.000,
126350,2024-06-19 15:51:02.567,2024-06-19 15:51:02.567,89536,https://c.cfjump.com/Avatars/f10604f3-11b2-4339-99f1-0f84415577d4.png,Pet Circle Insurance,Pet cover you can count on,,https://t.cfjump.com/90610/o/126350,2024-06-19 00:00:00.000,
126351,2024-06-19 15:53:16.757,2024-06-19 15:53:16.757,89536,https://c.cfjump.com/Avatars/f10604f3-11b2-4339-99f1-0f84415577d4.png,Pet Circle Insurance,Cover your fur baby today.,,https://t.cfjump.com/90610/o/126351,2024-06-19 00:00:00.000,
65716,2020-04-27 13:17:44.013,2020-04-27 13:17:44.013,7602,https://c.cfjump.com/Avatars/4ad74eee-bbe0-487c-93bb-968fae780de3.png,Petals Network AU,"Buy Now, Pay Later with Afterpay	",,https://t.cfjump.com/90610/o/65716,2020-04-27 00:00:00.000,
65718,2020-04-27 13:19:27.687,2020-04-27 13:19:27.687,7602,https://c.cfjump.com/Avatars/4ad74eee-bbe0-487c-93bb-968fae780de3.png,Petals Network AU,Same-Day Flower Delivery,"Order before 2pm on weekdays or 10am on Saturdays in the recipient’s time zone for same day delivery Australia-wide. Surprise an elderly friend or relative with a Gift Basket packed with cheer and a collection of their favourite blooms; Congratulate a new staff member or Celebrate one moving on; make someone’s hospital stay a little happier with Get Wel l wishes; express your gratitude with Thank You flowers; and when you can’t say Sorry in person, say it with flowers. We deliver everywhere including nursing homes, hospitals, hotels, residential and businesses addresses. So for beautiful fresh flowers delivered in time, every time, choose Petals for guaranteed quality, style and service.",https://t.cfjump.com/90610/o/65718,2020-04-27 00:00:00.000,
103204,2022-11-03 16:26:11.130,2022-11-03 16:27:04.677,7602,https://c.cfjump.com/Avatars/4ad74eee-bbe0-487c-93bb-968fae780de3.png,Petals Network AU,Order Online,Petals Network provides you with the best flower arrangements in Australia delivered by local florists. Order online.  Same day delivery* T&C'S apply,https://t.cfjump.com/90610/o/103204,2022-11-03 00:00:00.000,
103205,2022-11-03 16:36:34.370,2022-11-03 16:36:34.370,7602,https://c.cfjump.com/Avatars/4ad74eee-bbe0-487c-93bb-968fae780de3.png,Petals Network AU,Send Fresh Flowers online for any Occasion,"Put bounce in a Birthday with a big bouquet of captivating colour, or charm, and Romance with ravishing roses. Welcome a New Baby with a gift basket bursting with treats and new born essentials and share the love on Valentine’s Day, Mother’s Day and Christmas with flowers from our special seasonal ranges. And if you can’t decide what to choose don’t worry, select from our Bestsellers collection of proven favourites. And for great value and stunning style order from our Designer’s Choice range for eye-catching arrangements and glorious gift-wrapped bunches of fresh-cut flowers. Crafted with professional care and flair, florist choice arrangements are unique and artful collections of the day’s best selection of blooms and foliage. Our Designers Choice Sympathy range is a quality tribute to express your feelings and thoughts when words are never enough. Or choose from our wider range of Sympathy wreaths, sheaves, bouquets and arrangements, crafted and delivered with care to all homes, churches and service venues.",https://t.cfjump.com/90610/o/103205,2022-11-03 00:00:00.000,
103206,2022-11-03 16:40:53.043,2022-11-03 16:40:53.043,7602,https://c.cfjump.com/Avatars/4ad74eee-bbe0-487c-93bb-968fae780de3.png,Petals Network AU,"Flowers from the Largest, Most Trusted Network of Local Florists","Since 1992, Petals Network has been delivering flowers throughout Australia and around the world. Over the years we have developed a reputation for high quality service for the best price.  Petals has grown to be one of the largest and most trusted florist networks in Oceania. When you want the best flowers delivered fresh,  order from the Petals Florist Network.",https://t.cfjump.com/90610/o/103206,2022-11-03 00:00:00.000,
103207,2022-11-03 16:44:09.543,2022-11-03 16:44:09.543,7602,https://c.cfjump.com/Avatars/4ad74eee-bbe0-487c-93bb-968fae780de3.png,Petals Network AU,Celebrating 30 years!,"Petals Network is one of Australia's premier flower delivery services, proudly connecting customers with the world's best local florists for more than 30 years. All of Petals' flower arrangements are artistically arranged and hand-delivered using only the freshest flowers available through its talented network of local florists.",https://t.cfjump.com/90610/o/103207,2022-11-03 00:00:00.000,
103208,2022-11-03 16:45:46.497,2022-11-03 16:45:57.403,7602,https://c.cfjump.com/Avatars/4ad74eee-bbe0-487c-93bb-968fae780de3.png,Petals Network AU,100% Secure Shopping,,https://t.cfjump.com/90610/o/103208,2022-11-03 00:00:00.000,
65713,2020-04-27 13:00:24.583,2020-04-27 13:00:24.583,24988,https://c.cfjump.com/Avatars/f96dcb71-a9d6-4c09-bc96-8586e07bd5c9.png,Petals Network NZ,Fresh Flowers - Hand Delivered ,,https://t.cfjump.com/90610/o/65713,2020-04-27 00:00:00.000,
65714,2020-04-27 13:01:32.490,2020-04-27 13:01:32.490,24988,https://c.cfjump.com/Avatars/f96dcb71-a9d6-4c09-bc96-8586e07bd5c9.png,Petals Network NZ,"Buy Now, Pay Later with Afterpay",,https://t.cfjump.com/90610/o/65714,2020-04-27 00:00:00.000,
65715,2020-04-27 13:01:56.160,2020-04-27 13:01:56.160,24988,https://c.cfjump.com/Avatars/f96dcb71-a9d6-4c09-bc96-8586e07bd5c9.png,Petals Network NZ,Designer's Choice,,https://t.cfjump.com/90610/o/65715,2020-04-27 00:00:00.000,
123537,2024-03-27 17:06:15.800,2025-01-13 16:20:37.977,14983,https://c.cfjump.com/Avatars/8ac33069-387e-4022-91f3-e6562d56317e.png,Pierre Cardin,"30% Off Luggage and Backpacks. Excl. Leather Backpacks, Anti-Theft Range.",*30% off applies to selected luggage and backpacks only. Excludes leather backpacks and anti-theft range. While stocks last.,https://t.cfjump.com/90610/o/123537,2024-03-27 00:00:00.000,
103755,2022-11-11 13:49:56.227,2022-11-11 13:49:56.227,13804,https://c.cfjump.com/Avatars/dbc13f60-e699-4cc5-ab9d-0d18a07011d9.png,Price Rite Mart,FLAT RATE STANDARD POST $9.50.FREE SHIPPING ON ORDERS $99+.,,https://t.cfjump.com/90610/o/103755,2022-11-11 00:00:00.000,
112220,2023-07-26 11:46:35.287,2024-08-22 11:54:32.463,86163,https://c.cfjump.com/Avatars/18c0d77e-a358-48b8-b803-736787461ead.png,PTC Shop Australia,Up to 50% off,,https://t.cfjump.com/90610/o/112220,2023-07-26 00:00:00.000,
114741,2023-09-13 05:19:20.217,2023-09-13 05:19:20.233,86163,https://c.cfjump.com/Avatars/18c0d77e-a358-48b8-b803-736787461ead.png,PTC Shop Australia,iPhone 15 Series accessories,,https://t.cfjump.com/90610/o/114741,2023-09-13 00:00:00.000,
111695,2023-07-06 16:45:35.073,2023-07-14 12:21:41.780,86163,https://c.cfjump.com/Avatars/18c0d77e-a358-48b8-b803-736787461ead.png,PTC Shop Australia,Free shipping for all AU orders over $30,,https://t.cfjump.com/90610/o/111695,2023-07-06 00:00:00.000,
111696,2023-07-06 16:46:20.323,2023-07-14 12:21:59.967,86163,https://c.cfjump.com/Avatars/18c0d77e-a358-48b8-b803-736787461ead.png,PTC Shop Australia,SIGN UP FOR 10% OFF TODAY,,https://t.cfjump.com/90610/o/111696,2023-07-06 00:00:00.000,
59878,2019-11-06 15:33:26.470,2019-11-06 15:33:26.470,65707,https://c.cfjump.com/Avatars/c8b5ec3b-ebdf-40fa-a1c9-653b29a91a21.png,Purebaby,Express International Shipping Flat Rate $19.95,,https://t.cfjump.com/90610/o/59878,2019-11-06 00:00:00.000,
59881,2019-11-06 15:39:41.430,2019-11-06 15:39:41.430,65707,https://c.cfjump.com/Avatars/c8b5ec3b-ebdf-40fa-a1c9-653b29a91a21.png,Purebaby,Organic cotton baby clothes ,,https://t.cfjump.com/90610/o/59881,2019-11-06 00:00:00.000,
141530,2025-08-21 11:52:34.213,2025-08-21 11:52:34.213,65707,https://c.cfjump.com/Avatars/c8b5ec3b-ebdf-40fa-a1c9-653b29a91a21.png,Purebaby,20% Off Storewide* ,"*20% Off Storewide Terms & Conditions:
Offer available on full price and sale products until 11.59pm AEST Sun 14th September 2025. Offer is available online and in store while stocks last. Limited time only. Offer excludes Essentials, The Basics Collection, gift cards and non-Purebaby product. Not available in conjunction with any other promotion or discount. Prices update at checkout.",https://t.cfjump.com/90610/o/141530,2025-09-10 00:00:00.000,2025-09-14 23:59:59.000
101609,2022-09-26 16:58:35.037,2022-09-26 16:58:35.037,65707,https://c.cfjump.com/Avatars/c8b5ec3b-ebdf-40fa-a1c9-653b29a91a21.png,Purebaby,Shop baby growsuits from $26.95,,https://t.cfjump.com/90610/o/101609,2022-09-26 00:00:00.000,
101610,2022-09-26 16:58:58.113,2023-10-17 16:31:02.217,65707,https://c.cfjump.com/Avatars/c8b5ec3b-ebdf-40fa-a1c9-653b29a91a21.png,Purebaby,Shop sleepwear from $29.95,,https://t.cfjump.com/90610/o/101610,2022-09-26 00:00:00.000,
101612,2022-09-26 16:59:41.337,2024-08-30 11:01:57.603,65707,https://c.cfjump.com/Avatars/c8b5ec3b-ebdf-40fa-a1c9-653b29a91a21.png,Purebaby,Shop baby jumpers & cardigans from $34.95,,https://t.cfjump.com/90610/o/101612,2022-09-26 00:00:00.000,
108521,2023-03-29 16:15:48.247,2023-10-17 16:24:32.933,65707,https://c.cfjump.com/Avatars/c8b5ec3b-ebdf-40fa-a1c9-653b29a91a21.png,Purebaby,Shop 2 Packs Growsuits from $49.95,See website for full T&Cs,https://t.cfjump.com/90610/o/108521,2023-03-29 00:00:00.000,
108522,2023-03-29 16:16:23.480,2024-08-30 11:02:23.480,65707,https://c.cfjump.com/Avatars/c8b5ec3b-ebdf-40fa-a1c9-653b29a91a21.png,Purebaby,Free shipping Australia-wide on orders over $100,See website for full T&Cs,https://t.cfjump.com/90610/o/108522,2023-03-29 00:00:00.000,
108523,2023-03-29 16:17:02.840,2024-08-30 11:03:02.560,65707,https://c.cfjump.com/Avatars/c8b5ec3b-ebdf-40fa-a1c9-653b29a91a21.png,Purebaby,Shop Baby Blankets from $59.95,See website for full T&Cs,https://t.cfjump.com/90610/o/108523,2023-03-29 00:00:00.000,
108525,2023-03-29 16:17:50.217,2024-08-30 11:03:21.543,65707,https://c.cfjump.com/Avatars/c8b5ec3b-ebdf-40fa-a1c9-653b29a91a21.png,Purebaby,Long Sleeve Sleeping Bags from $49.95,See website for full T&Cs,https://t.cfjump.com/90610/o/108525,2023-03-29 00:00:00.000,
108526,2023-03-29 16:19:07.047,2023-03-29 16:19:58.580,65707,https://c.cfjump.com/Avatars/c8b5ec3b-ebdf-40fa-a1c9-653b29a91a21.png,Purebaby,Purebaby - GOTS-certified organic,See website for full T&Cs,https://t.cfjump.com/90610/o/108526,2023-03-29 00:00:00.000,
108527,2023-03-29 16:20:22.860,2023-03-29 16:20:22.860,65707,https://c.cfjump.com/Avatars/c8b5ec3b-ebdf-40fa-a1c9-653b29a91a21.png,Purebaby,Shop the baby and toddler gifts at Purebaby,See website for full T&Cs,https://t.cfjump.com/90610/o/108527,2023-03-29 00:00:00.000,
129912,2024-10-08 14:17:44.027,2024-10-08 14:17:44.027,90402,https://c.cfjump.com/Avatars/e3fadee0-4359-4568-97f6-78cbb8c40b5c.png,RC & Co,30 Day Returns & Exchanges,,https://t.cfjump.com/90610/o/129912,2024-10-08 00:00:00.000,
135270,2025-02-20 14:35:41.563,2025-02-20 14:35:41.563,90402,https://c.cfjump.com/Avatars/e3fadee0-4359-4568-97f6-78cbb8c40b5c.png,RC & Co,"Sign Up, Get $20 Off",Valid on Full Price items only. One use per customer. Not to be used in conjunction with any other discount code.,https://t.cfjump.com/90610/o/135270,2025-02-20 00:00:00.000,
135273,2025-02-20 15:04:44.150,2025-02-20 15:04:44.150,90402,https://c.cfjump.com/Avatars/e3fadee0-4359-4568-97f6-78cbb8c40b5c.png,RC & Co,With Love From Paris,,https://t.cfjump.com/90610/o/135273,2025-02-20 00:00:00.000,
135274,2025-02-20 15:04:55.053,2025-02-20 15:04:55.053,90402,https://c.cfjump.com/Avatars/e3fadee0-4359-4568-97f6-78cbb8c40b5c.png,RC & Co,New Arrivals,,https://t.cfjump.com/90610/o/135274,2025-02-20 00:00:00.000,
137047,2025-04-03 14:54:43.763,2025-04-03 14:54:43.763,90402,https://c.cfjump.com/Avatars/e3fadee0-4359-4568-97f6-78cbb8c40b5c.png,RC & Co,Travel Collection,,https://t.cfjump.com/90610/o/137047,2025-04-03 00:00:00.000,
139565,2025-06-06 14:24:24.237,2025-06-06 14:24:24.237,90402,https://c.cfjump.com/Avatars/e3fadee0-4359-4568-97f6-78cbb8c40b5c.png,RC & Co,Best Selling Linen,,https://t.cfjump.com/90610/o/139565,2025-06-06 00:00:00.000,
141809,2025-08-28 12:49:02.277,2025-08-28 12:49:25.810,90402,https://c.cfjump.com/Avatars/e3fadee0-4359-4568-97f6-78cbb8c40b5c.png,RC & Co,Save up to an extra 40% on sale items,,https://t.cfjump.com/90610/o/141809,2025-08-28 00:00:00.000,
128524,2024-09-05 09:36:35.720,2024-09-05 09:36:35.720,90402,https://c.cfjump.com/Avatars/e3fadee0-4359-4568-97f6-78cbb8c40b5c.png,RC & Co,Free Delivery Over $100,Free standard delivery on all Australian delivered orders over $100,https://t.cfjump.com/90610/o/128524,2024-09-05 00:00:00.000,
128525,2024-09-05 09:36:51.970,2024-09-05 09:37:02.830,90402,https://c.cfjump.com/Avatars/e3fadee0-4359-4568-97f6-78cbb8c40b5c.png,RC & Co,Afterpay Available,,https://t.cfjump.com/90610/o/128525,2024-09-05 00:00:00.000,
126338,2024-06-19 13:40:04.827,2024-06-19 13:40:04.827,89591,https://c.cfjump.com/Avatars/6d3f4695-7f50-473e-99c5-e5d68a030fe5.png,Remedy Drinks,GET 15% OFF THE GOOD STUFF!,"- Sign up for our newsletter and score 15% OFF your first order. Plus, you'll get the inside scoop on new products and, of course, sweet discounts throughout the year.
- By subscribing, you agree to the Remedy Drinks T&C's and Privacy Policy.
- *Offer valid for first order only. Not available in conjunction with any other offer. Excludes subscriptions.",https://t.cfjump.com/90610/o/126338,2024-06-19 00:00:00.000,
126339,2024-06-19 13:40:45.093,2024-06-19 13:40:45.093,89591,https://c.cfjump.com/Avatars/6d3f4695-7f50-473e-99c5-e5d68a030fe5.png,Remedy Drinks,Free Shipping On All Orders,,https://t.cfjump.com/90610/o/126339,2024-06-19 00:00:00.000,
141195,2025-08-13 09:56:54.143,2025-08-13 09:57:22.677,89591,https://c.cfjump.com/Avatars/6d3f4695-7f50-473e-99c5-e5d68a030fe5.png,Remedy Drinks,Spring Fling 25% OFF,25% OFF site wide. Valid 2nd Sept 2025 -4th Sept 2025 or while stock lasts. Not available on subscriptions. ,https://t.cfjump.com/90610/o/141195,2025-09-02 00:00:00.000,2025-09-04 23:59:59.000
126444,2024-06-24 16:45:47.503,2024-06-24 16:45:47.503,89920,https://c.cfjump.com/Avatars/3313740b-67bf-4562-a381-5556c6770e04.png,Ride Electric,Free Shipping on All Orders Over $99,,https://t.cfjump.com/90610/o/126444,2024-06-24 00:00:00.000,
126445,2024-06-24 16:46:16.067,2024-06-24 16:46:16.067,89920,https://c.cfjump.com/Avatars/3313740b-67bf-4562-a381-5556c6770e04.png,Ride Electric,Hey Rider! Join RE Crew and Unlock $25 OFF Your First Order Now!,Subscribe to get the coupon code in your email,https://t.cfjump.com/90610/o/126445,2024-06-24 00:00:00.000,
126446,2024-06-24 16:46:38.363,2024-06-24 16:46:38.363,89920,https://c.cfjump.com/Avatars/3313740b-67bf-4562-a381-5556c6770e04.png,Ride Electric,Flexible Payments - Buy Now & Pay Later options,,https://t.cfjump.com/90610/o/126446,2024-06-24 00:00:00.000,
126447,2024-06-24 16:46:50.487,2024-06-24 16:46:50.487,89920,https://c.cfjump.com/Avatars/3313740b-67bf-4562-a381-5556c6770e04.png,Ride Electric,14-Day Returns - Shop with confidence,,https://t.cfjump.com/90610/o/126447,2024-06-24 00:00:00.000,
126448,2024-06-24 16:47:18.253,2024-06-24 16:47:18.253,89920,https://c.cfjump.com/Avatars/3313740b-67bf-4562-a381-5556c6770e04.png,Ride Electric,Onsite servicing available,,https://t.cfjump.com/90610/o/126448,2024-06-24 00:00:00.000,
126449,2024-06-24 16:48:59.817,2024-06-24 16:48:59.817,89920,https://c.cfjump.com/Avatars/3313740b-67bf-4562-a381-5556c6770e04.png,Ride Electric,Get The Best Tyres for Your E-scooter,- Tyres for leading scooter brands available,https://t.cfjump.com/90610/o/126449,2024-06-24 00:00:00.000,
139487,2025-06-04 11:54:21.207,2025-06-04 11:54:21.207,89920,https://c.cfjump.com/Avatars/3313740b-67bf-4562-a381-5556c6770e04.png,Ride Electric,Up to 35% off on Fox Racing Helmets - Speedframe Collection,,https://t.cfjump.com/90610/o/139487,2025-06-04 00:00:00.000,
62153,2019-12-20 11:35:09.070,2024-09-24 11:10:33.223,65435,https://c.cfjump.com/Avatars/55040c12-3f50-4788-9c87-cba8a732aada.png,Rip Curl,FREE Standard Shipping on Orders Over $90,,https://t.cfjump.com/90610/o/62153,2019-12-27 00:00:00.000,
107232,2023-02-21 16:50:43.153,2024-08-05 12:28:28.897,66206,https://c.cfjump.com/Avatars/9e090bb4-6c38-44e3-8d31-c0b7369fb65c.png,sass & bide,Create an account and receive 10% off your first full price online order,,https://t.cfjump.com/90610/o/107232,2023-02-21 00:00:00.000,
121008,2024-01-17 16:17:13.037,2024-01-17 16:17:13.037,88535,https://c.cfjump.com/Avatars/3451187c-97e4-4855-9442-1dcb25c48608.png,Sassy Organics,FREE AU SHIPPING OVER $100,,https://t.cfjump.com/90610/o/121008,2024-01-17 00:00:00.000,
121011,2024-01-17 16:18:30.473,2024-01-17 16:18:30.473,88535,https://c.cfjump.com/Avatars/3451187c-97e4-4855-9442-1dcb25c48608.png,Sassy Organics,Unlock 10% off your first order,,https://t.cfjump.com/90610/o/121011,2024-01-17 00:00:00.000,
121012,2024-01-17 16:18:57.803,2024-01-17 16:18:57.803,88535,https://c.cfjump.com/Avatars/3451187c-97e4-4855-9442-1dcb25c48608.png,Sassy Organics,30 days return ,"Returns & Refunds

Sassy Organics offers a 30 day return policy, where the product does not meet the consumer guarantee, in accordance with Australian Consumer Law. 30 days is calculated from the day the product is received by you. If you receive a faulty item(s), you must notify us as soon as you receive your order. This can be done by writing to us via email at info@sassyorganics.com.au or via Sassy Organics Resolution Centre. We will assess your claim and endeavour to address your concerns as soon as possible. You will be advised of the next step(s), including whether or not to send the goods back to us. Please do not send your purchased products back to the manufacturer. If you are asked to return the product to us, please mail it to the following address: 

Sassy Organics

PO Box 2665

Dunearn VIC 3175

 

General product enquiry

If any of the items purchased at Sassy Organics fail to meet your expectations, we will raise your concern with the product supplier on your behalf. We will endeavour to remedy your concerns either by:

Contacting the product supplier directly on your behalf;
Replacing the product;
Providing you with a refund; or
Offering you an alternative solution.
 

Change of mind

Sassy Organics offers a 30 day return policy for change of mind. That means if you are not satisfied with your purchase, you are welcome to return it to us within 30 days after you received it for your choice of exchange or full refund, excluding original delivery costs. If your product was over AU $100.00 and you qualified for FREE shipping, upon returning the product to us, shipping fee incurred by Sassy Organics will be deducted of the refund amount.

Please note that all returned products must be unopened, in their original box and packaging, sealed and unmarked, suitable for restocking and sale as a brand new item.  Any product returned which is received damaged, opened, used or otherwise blemished will not qualify for a refund and will be held until the buyer pays for redelivery. Returned products that do not qualify for a refund which are held for more than 30 days where a buyer has failed to pay the redelivery fee, may be destroyed or otherwise disposed of by Sassy Organics. When returning the products to us, please ensure your return parcel is securely packaged and both sender’s address and Sassy Organics return address are clearly displayed on the outside of the parcel. All questions regarding returns & refunds can be directed to info@sassyorganics.com.au ",https://t.cfjump.com/90610/o/121012,2024-01-17 00:00:00.000,
122586,2024-03-05 15:10:22.703,2024-03-05 15:10:22.703,88535,https://c.cfjump.com/Avatars/3451187c-97e4-4855-9442-1dcb25c48608.png,Sassy Organics,FREE Vitus Immune D Powder,Spend AU $125.00 on Vitus range & receive FREE Vitus Immune D Powder (180 g) RRP AU $49.95. Use code IMMUNE during checkout.,https://t.cfjump.com/90610/o/122586,2024-03-05 00:00:00.000,
122587,2024-03-05 15:13:25.140,2024-03-05 15:13:25.140,88535,https://c.cfjump.com/Avatars/3451187c-97e4-4855-9442-1dcb25c48608.png,Sassy Organics,FREE Eco by Sonya Eyeshadow,Spend AU $50.00 or more on Eco by Sonya range & receive FREE Eco by Sonya Eyeshadow Ruby Palette RRP AU $49.95. Use code RUBY during checkout.,https://t.cfjump.com/90610/o/122587,2024-03-05 00:00:00.000,
122588,2024-03-05 15:14:45.953,2024-03-05 15:14:45.953,88535,https://c.cfjump.com/Avatars/3451187c-97e4-4855-9442-1dcb25c48608.png,Sassy Organics,FREE Qsilica Rose Quartz Roller,Buy Qsilica Pro Collagen One-A-Day Capsules (30 pk) & receive FREE Qsilica Rose Quartz Roller RRP AU $29.95. Use code ROLLER during checkout.,https://t.cfjump.com/90610/o/122588,2024-03-05 00:00:00.000,
122589,2024-03-05 15:15:27.610,2024-03-05 15:15:27.610,88535,https://c.cfjump.com/Avatars/3451187c-97e4-4855-9442-1dcb25c48608.png,Sassy Organics,FREE Zuii Organic Face Tan Water,Spend AU $100.00 on Zuii Organic range & receive FREE Zuii Organic Sunkissed Tan Face Water (150 ml) RRP AU $39.95. Use code TAN WATER during checkout.,https://t.cfjump.com/90610/o/122589,2024-03-05 00:00:00.000,
122590,2024-03-05 15:16:07.360,2024-03-05 15:16:07.360,88535,https://c.cfjump.com/Avatars/3451187c-97e4-4855-9442-1dcb25c48608.png,Sassy Organics,FREE Manuka Biotic Shampoo,Buy two or more full size products from Manuka Biotic & receive FREE Manuka Biotic Shampoo (300 ml) RRP AU $22.95. Use code SHAMPOO during checkout.,https://t.cfjump.com/90610/o/122590,2024-03-05 00:00:00.000,
122591,2024-03-05 15:16:52.580,2024-03-05 15:16:52.580,88535,https://c.cfjump.com/Avatars/3451187c-97e4-4855-9442-1dcb25c48608.png,Sassy Organics,FREE The Jojoba Company Jojoba Oil Mini,Spend AU $50.00 or more on The Jojoba Company range & receive FREE The Jojoba Company Jojoba Oil (15 ml). No code required. Free product will be added during packing.,https://t.cfjump.com/90610/o/122591,2024-03-05 00:00:00.000,
122592,2024-03-05 15:17:38.830,2024-03-05 15:17:38.830,88535,https://c.cfjump.com/Avatars/3451187c-97e4-4855-9442-1dcb25c48608.png,Sassy Organics,FREE Eco Tan Cacao Tanning Mousse,Buy two or more full size products from Eco Tan & receive FREE Eco Tan Cacao Tanning Mousse (125 ml) RRP AU $34.95. Use code MOUSSE during checkout.,https://t.cfjump.com/90610/o/122592,2024-03-05 00:00:00.000,
122593,2024-03-05 15:18:24.283,2024-03-05 15:18:24.283,88535,https://c.cfjump.com/Avatars/3451187c-97e4-4855-9442-1dcb25c48608.png,Sassy Organics,FREE Retreatment Botanics Eye Contour Cream,Buy two or more full size products from Retreatment Botanics & receive FREE Retreatment Botanics Eye Contour Cream (15 ml) RRP AU $75.00. Use code EYE CREAM during checkout.,https://t.cfjump.com/90610/o/122593,2024-03-05 00:00:00.000,
122594,2024-03-05 15:19:14.283,2024-03-05 15:19:14.283,88535,https://c.cfjump.com/Avatars/3451187c-97e4-4855-9442-1dcb25c48608.png,Sassy Organics,FREE Mukti Cleanser Mini,Spend AU $50.00 or more on Mukti range & receive FREE Mukti Hydrating Cleansing Lotion (15 ml) or Mukti Balancing Cleansing Gel (15 ml). No code required. Free product will be added during packing.,https://t.cfjump.com/90610/o/122594,2024-03-05 00:00:00.000,
122595,2024-03-05 15:19:55.220,2024-03-05 15:19:55.220,88535,https://c.cfjump.com/Avatars/3451187c-97e4-4855-9442-1dcb25c48608.png,Sassy Organics,FREE Wotnot Beauty Sponge,Buy any BB Cream from Wotnot & receive FREE Wotnot Eco Beauty Sponge RRP AU $14.95. Use code WOTNOT during checkout.,https://t.cfjump.com/90610/o/122595,2024-03-05 00:00:00.000,
122596,2024-03-05 15:20:23.567,2024-03-05 15:20:23.567,88535,https://c.cfjump.com/Avatars/3451187c-97e4-4855-9442-1dcb25c48608.png,Sassy Organics,FREE Wotnot Tan Application Mitt,Buy gradual tanning lotion or tanning mousse from Wotnot & receive FREE Wotnot Tan Application Mitt RRP AU $9.95. Use code MITT during checkout.,https://t.cfjump.com/90610/o/122596,2024-03-05 00:00:00.000,
122597,2024-03-05 15:21:08.067,2024-03-05 15:21:08.067,88535,https://c.cfjump.com/Avatars/3451187c-97e4-4855-9442-1dcb25c48608.png,Sassy Organics,FREE Absolute Essential Orange Oil,Buy two or more full size products from Absolute Essential & receive FREE Absolute Essential Certified Organic Orange Sweet Essential Oil (10 ml) RRP AU $21.95. Use code ORANGE SWEET during checkout.,https://t.cfjump.com/90610/o/122597,2024-03-05 00:00:00.000,
122598,2024-03-05 15:21:56.707,2024-03-05 15:21:56.707,88535,https://c.cfjump.com/Avatars/3451187c-97e4-4855-9442-1dcb25c48608.png,Sassy Organics,FREE Antipodes Serum,Buy two or more full size products from Antipodes & receive FREE Antipodes Worship Skin Defence Antioxidant Serum (30 ml) RRP AU $54.00. Use code ANTIPODES during checkout.,https://t.cfjump.com/90610/o/122598,2024-03-05 00:00:00.000,
123900,2024-04-09 11:27:37.163,2024-04-09 11:27:37.163,88703,https://c.cfjump.com/Avatars/79403a17-5a8f-40db-b1ac-e8a6df30f038.png,Shoe Connection,FREE Standard Shipping on all Australian orders over $100,,https://t.cfjump.com/90610/o/123900,2024-04-09 00:00:00.000,
123901,2024-04-09 11:27:47.273,2024-04-09 11:27:47.273,88703,https://c.cfjump.com/Avatars/79403a17-5a8f-40db-b1ac-e8a6df30f038.png,Shoe Connection,Sign Up And Receive 10% OFF Your First Full Priced Purchase,,https://t.cfjump.com/90610/o/123901,2024-04-09 00:00:00.000,
104659,2022-11-23 09:45:05.127,2022-11-23 09:45:05.127,82179,https://c.cfjump.com/Avatars/d69a4bbd-8678-4fd9-8ef3-27fd99435218.png,Shopnova,Free Shipping Over AUD$99,,https://t.cfjump.com/90610/o/104659,2022-11-23 00:00:00.000,
104660,2022-11-23 09:45:25.737,2022-11-23 09:45:25.737,82179,https://c.cfjump.com/Avatars/d69a4bbd-8678-4fd9-8ef3-27fd99435218.png,Shopnova,SUBSCRIBE & BE OUR VIP,,https://t.cfjump.com/90610/o/104660,2022-11-23 00:00:00.000,
104661,2022-11-23 09:45:47.160,2022-11-23 09:45:47.160,82179,https://c.cfjump.com/Avatars/d69a4bbd-8678-4fd9-8ef3-27fd99435218.png,Shopnova,PROMOTIONS!,,https://t.cfjump.com/90610/o/104661,2022-11-23 00:00:00.000,
127545,2024-08-05 16:05:28.667,2024-08-05 16:05:28.667,90079,https://c.cfjump.com/Avatars/6f91e6a9-76d0-408b-9bd9-89ba3ed0bc10.png,SILK LAUNDRY,COMPLIMENTARY SHIPPING ON ALL ORDERS OVER 350 AUD,,https://t.cfjump.com/90610/o/127545,2024-08-05 00:00:00.000,
127546,2024-08-05 16:05:54.013,2024-08-05 16:05:54.013,90079,https://c.cfjump.com/Avatars/6f91e6a9-76d0-408b-9bd9-89ba3ed0bc10.png,SILK LAUNDRY,"BUY NOW, PAY LATER. PAYMENT OPTIONS AVAILABLE.",,https://t.cfjump.com/90610/o/127546,2024-08-05 00:00:00.000,
103711,2022-11-10 15:31:58.337,2022-11-10 15:31:58.337,139,https://c.cfjump.com/Avatars/75cd7db7-d833-4c54-a6c1-b9f45d6f1e8e.png,Sit Back and Relax,QUICK SHIPPING - Australia Wide,,https://t.cfjump.com/90610/o/103711,2022-11-10 00:00:00.000,
103712,2022-11-10 15:32:08.977,2022-11-10 15:32:08.977,139,https://c.cfjump.com/Avatars/75cd7db7-d833-4c54-a6c1-b9f45d6f1e8e.png,Sit Back and Relax,24 YEARS IN BUSINESS,,https://t.cfjump.com/90610/o/103712,2022-11-10 00:00:00.000,
103713,2022-11-10 15:32:23.837,2022-11-10 15:32:23.837,139,https://c.cfjump.com/Avatars/75cd7db7-d833-4c54-a6c1-b9f45d6f1e8e.png,Sit Back and Relax,100% SECURE PAYMENT,"We ensure secure payment with PEV

",https://t.cfjump.com/90610/o/103713,2022-11-10 00:00:00.000,
103714,2022-11-10 15:33:02.460,2022-11-10 15:33:02.460,139,https://c.cfjump.com/Avatars/75cd7db7-d833-4c54-a6c1-b9f45d6f1e8e.png,Sit Back and Relax,14 day money back policy,"Cancellation and Exchange/Returns Policy
Stocked items that do not require assembly:

We want you to be happy with your purchase! We have a 14 day money back policy on items that do not require any assembly that are carried as stock items. In the event of you requiring an exchange or refund you will need to arrange a return of the goods to our Sydney Head Office in their original condition with all of their original packaging, accompanied by the original invoice or order confirmation. Your refund will be less any freight charges that have been incurred and in the event that the goods arrive back to Sit Back & Relax in anything other than as new condition we reserve the right not to approve the refund or to pass on any restocking costs as required. Should Sit Back & Relax approve any amount of refund, it will be made via the method of payment you used to make your purchase. Refunds will be processed as soon as the goods have arrived into our warehouse and have been assessed by our Quality Assurance Team.

Items requiring assembly or non standard/customised products:

Due to the difficult nature of shipping desks we do not offer refunds or exchanges under any circumstances on any of our desk ranges. These also include the Ergotron Workfit Ranges. We advise you to choose carefully the sizing and options when placing your order and if you are in any doubt please contact our friendly customer service team on 1300 748 348 or email help@sitbackandrelax.com.au and they will be more than happy to help you out. If you make a mistake when processing your order please contact our team ASAP to help rectify this for you.

Custom Made Orders:

Any order that is custom made is non-refundable once the order is placed and confirmed. At the time of order full payment or a deposit will be taken and this is non-refundable. In the event of you changing your mind once the order has been placed this payment will be forfeited. We strongly recommend that you chat with our customer service team if you are in any doubts or need clarification with custom made products. This includes all non standard Herman Miller seating.

Returns Process
In the event of you wishing to return a product for refund or exchange we recommend you follow the following steps to ensure an efficient returns process:

• Report your return in writing to Sit Back & Relax by sending an email to either help@sitbackandrelax.com.au or calling 1300 748 348.

• Once the return has been registered send your goods back to us at Head Office.

• Pack the goods to be returned as carefully as possible

• Ensure goods are sent in brand new condition with all original packaging.


Warranty Claims
For warranty purposes, Sit Back & Relax acts as agent for the manufacturers we represent and will manage the warranty claim process on behalf of our customers. To ensure the prompt processing of your warranty claim, please ensure you have the following information.

Proof of purchase (copy of invoice, point of sale receipt or sales order); Image and description of fault
Address where the product is currently located; Contact details of the claimant including telephone number
Secondary contact name and telephone number.
For claims related to any seating we require a photo of the label under the chair
Once these details have been obtained, please contact the Sit Back & Relax service team via email at service@sitbackandrelax.com.au

Our service department will respond within 2 working days to acknowledge your claim. Given the nature of the products sold and location of our manufacturing partners, warranty claims are usually finalised within 30 days if the parts are located in Australia. However if the product requires repair using parts that need to be sourced internationally or the product needs to be replaced, this could take up to 3 months.

Note that the customer is responsible for the cost of delivering the product to their nearest Sit Back & Relax Showroom and picking up once the warranty process is complete. Should you need help with arranging freight please contact the service department to discuss options. If the warranty claim is approved by the manufacturer, the costs of providing the remedies as set out in the manufacturer's Warranty will be covered by the manufacturer or Sit Back & Relax.",https://t.cfjump.com/90610/o/103714,2022-11-10 00:00:00.000,
127834,2024-08-13 22:21:25.433,2024-08-13 22:21:25.433,90255,https://c.cfjump.com/Avatars/40f07fd5-5f00-48c3-b184-2a56c9376c7e.png,Skin Control,10% Off Your First Order - Subscribe to our email newsletter and receive 10% off your first order!,,https://t.cfjump.com/90610/o/127834,2024-08-13 00:00:00.000,
134593,2025-01-28 16:26:19.170,2025-08-11 11:35:27.290,62171,https://c.cfjump.com/Avatars/6c411b4d-6cd6-49f1-8050-64d156c8f6b0.png,Sleep Republic,150 night free trial,,https://t.cfjump.com/90610/o/134593,2025-01-28 00:00:00.000,
134594,2025-01-28 16:26:26.047,2025-01-28 16:26:26.047,62171,https://c.cfjump.com/Avatars/6c411b4d-6cd6-49f1-8050-64d156c8f6b0.png,Sleep Republic,Zip and Afterpay available,,https://t.cfjump.com/90610/o/134594,2025-01-28 00:00:00.000,
135391,2025-02-25 14:31:52.920,2025-02-25 14:31:52.920,62171,https://c.cfjump.com/Avatars/6c411b4d-6cd6-49f1-8050-64d156c8f6b0.png,Sleep Republic,Free mattress delivery around Australia,"We have a very simple view: no matter where you live, we do our utmost to get our mattress to you so long as any one of the freight and courier agencies we use can get there! We’ve spent over 10 years finding the best mix of transport companies and couriers that can get your mattress from our warehouses to your home as quickly and safely as possible, at no cost to you.

For Australians living away from Sydney and Melbourne, why should you have to wait for weeks for stock to arrive and even then possibly pay extra for delivery? Whether you are based in Perth, Adelaide, Brisbane, Launceston, Cairns, or Toowoomba, we’ll make sure you don’t have to wait for us to fly, float, or fling your mattress to your doorstep. 

Our experience has taught us that there isn’t one size that fits all when it comes to delivery, so we’ve built a delivery network that draws on the strengths of reliable partners to gives our customers the best delivery outcome.

With free mattress delivery around Australia, you can be resting easy sooner than you think. Buy now with Sleep Republic, and get your mattress delivered to your address in just a few days. We understand the importance of good sleep. That’s why we work hard to get your order out the door and to you as quickly as possible.
 
Our mattress delivery and bed delivery services are second to none. We carefully package our mattresses for delivery, ensuring that all you have to do when it arrives is unbox and let it breathe.
 
Our packaging method (mentioned below) preserves all the essential comfort and support measure contained within your mattress, including memory foam, pocket springs, and latex.
 
In most metro locations, we even offer next day mattress delivery. Read on to find out more.
box-icon
IMPORTANT DELIVERY INFORMATION
Delivery is to your front door, our deliverers do not authorise their staff to enter your premises and cannot take your product upstairs due to OH&S rules.

Due to peak season and high demand for online goods, we are experiencing longer than usual shipping delays across our delivery network. Our team are doing their best to work with all our delivery partners to get your order to you as quick as possible.

Note, mattresses not in stock for next day delivery services are below:

LONG SINGLE – VIC and NSW
SINGLE – WA
KING - WA
KING SINGLE BASE BLACK, QUEEN BASE BLACK, KING SINGLE BASE STORM GREY, QUEEN BASE STORM GREY, SINGLE BASE STORM GREY - All on backorder
same-day-delivery
OUR MATTRESS NEXT-DAY DELIVERY SERVICE
In Sydney, Melbourne, Adelaide, Perth, Brisbane and Gold Coast we can offer next day delivery for mattress orders placed before 2pm. Take note: we’re not talking about ‘ship next day’ – we look to deliver next day! (Excluding weekends and public holidays). Most other locations will be delivered within 3 - 7 business days, while the most remote areas may take up to 14 business days.

Also, please note that accessories such as the pro base, pillow, sheets, protector, and dog bed may be shipped separately and arrive later than the mattress delivery.

THE MATTRESS
Metro Melbourne, Sydney, Brisbane, Gold Coast, Adelaide & Perth:
- Next business day mattress delivery available for orders placed up until 2pm AEDT.

Other locations, Non Metro & Regional:
- Estimated delivery time is 7 to 14 business days. With some locations taking up to 21 business days.

THE PRO BASE
Metro, Non Metro & Regional
- Estimated delivery time is 7 to 14 business days. With some Non Metro & Regional locations taking up to 21 business days.

THE PILLOW, PROTECTOR, SHEETS & DOG BED
Metro, Non Metro & Regional - Sent via Post
- Estimated delivery time is 14 business days.

Due to ongoing peak season and a high demand for online goods we are experiencing longer than usual shipping delays across our delivery network. Non metro and regional are the most affected with some locations taking up to 21 business days.

We apologise if your order is delayed and hope for your patience and understanding. Our team are doing their best to work with all our delivery partners to get your order to you as quick as possible.

*Business day is defined as Monday to Friday and excludes public holidays.

box-icon
What impacts mattress delivery time?
Australia is a big country and doesn’t have a heavily developed regional rail network for freight, nor the large number of high population centres that Europe or the US have. Often deliveries will be shipped via regional warehouses and dispatched to the final address by a different vehicle or specialist carrier for that location (just like many airline ‘hub and spoke’ operations).
Although the majority of our deliveries are next day, in some locations the final delivery runs don’t happen every day because of the distances and sparse population, they might only be once or twice a week.

box-icon
Packaged for Delivery
The compression and packaging technology we use ensures that the mattress is safely wrapped and cocooned for its often very lengthy journey.
Each mattress is vacuum sealed and rolled before being put in a tough plastic sleeve for further protection.

All this is then secured in a tough heavy duty outer carton with its own wheels and handle to help with manoeuvring.
The lengthy transport process can often be harsh on boxes but as bad as the ‘battle scars’ can sometimes seem the mattress is sheltered from all of this and ready for action after unpacking.

Get your free delivery today – you’ve earned it!",https://t.cfjump.com/90610/o/135391,2025-02-25 00:00:00.000,
93436,2022-03-02 03:58:40.970,2022-03-02 03:58:40.970,47628,https://c.cfjump.com/Avatars/969fa113-ef24-4750-ab54-75dc1adc3fa9.png,Speedo,10% Off your first order!,Subscribe to email updates to receive 15% off your first order*.,https://t.cfjump.com/90610/o/93436,2022-03-02 00:00:00.000,
140147,2025-07-08 14:52:02.467,2025-07-08 14:52:02.467,47628,https://c.cfjump.com/Avatars/969fa113-ef24-4750-ab54-75dc1adc3fa9.png,Speedo,SLIDES 2 for $20 you don't want to miss this!,,https://t.cfjump.com/90610/o/140147,2025-07-03 00:00:00.000,2025-08-31 23:59:59.000
121430,2024-01-30 13:57:23.893,2024-01-30 13:57:23.893,88803,https://c.cfjump.com/Avatars/ab3617d5-95c0-4a0c-b0f4-a26b98779665.png,Stefan Hair Fashions,Try our hair quiz and get 15% off your next order!,,https://t.cfjump.com/90610/o/121430,2024-01-30 00:00:00.000,
121700,2024-02-06 12:04:10.437,2024-02-06 12:04:10.437,88803,https://c.cfjump.com/Avatars/ab3617d5-95c0-4a0c-b0f4-a26b98779665.png,Stefan Hair Fashions,FREE SHIPPING Orders Over $150,Minimum spend $150. Online only. Excludes international shipping.,https://t.cfjump.com/90610/o/121700,2024-02-06 00:00:00.000,
58381,2019-09-17 14:06:14.547,2023-03-28 14:10:31.113,65304,https://c.cfjump.com/Avatars/6217b388-a898-4dc8-a148-0a1b49b1308d.png,Stuck On You,Enjoy FREE SHIPPING on all orders over $95,,https://t.cfjump.com/90610/o/58381,2019-09-17 00:00:00.000,
58382,2019-09-17 14:06:26.377,2023-03-28 14:10:36.690,65304,https://c.cfjump.com/Avatars/6217b388-a898-4dc8-a148-0a1b49b1308d.png,Stuck On You,"Buy Now, Pay Later with Afterpay",,https://t.cfjump.com/90610/o/58382,2019-09-17 00:00:00.000,
108461,2023-03-28 14:07:09.783,2023-03-28 14:07:09.783,65304,https://c.cfjump.com/Avatars/6217b388-a898-4dc8-a148-0a1b49b1308d.png,Stuck On You,75% off* 100 Labels,"*Stuck On You 75% off selected products is available for a limited time only, whilst stocks last. Offer excludes clearance items and all collaboration ranges. Cannot be used in conjunction with any other offer including codes. Prices as marked.",https://t.cfjump.com/90610/o/108461,2023-03-28 00:00:00.000,
127388,2024-07-30 18:02:49.280,2024-07-30 18:02:49.280,90036,https://c.cfjump.com/Avatars/4b18bd93-f41f-45c5-b205-56897eec30a7.png,Stylevana,FREE Shipping on NZ$69+,,https://t.cfjump.com/90610/o/127388,2024-07-30 00:00:00.000,
127389,2024-07-30 18:04:09.517,2024-07-30 18:04:09.517,90036,https://c.cfjump.com/Avatars/4b18bd93-f41f-45c5-b205-56897eec30a7.png,Stylevana,Welcome to Stylevana | Join as an Insider to enjoy top Asian beauty! Get your 10% coupon.,,https://t.cfjump.com/90610/o/127389,2024-07-30 00:00:00.000,
127390,2024-07-30 18:05:10.860,2024-07-30 18:05:10.860,90036,https://c.cfjump.com/Avatars/4b18bd93-f41f-45c5-b205-56897eec30a7.png,Stylevana,Welcome to Stylevana | Subscribe to STYLEVANA's Newsletter to win cash vouchers! 10 lucky winners will receive NZ$70 Cash Vouchers.,,https://t.cfjump.com/90610/o/127390,2024-07-30 00:00:00.000,
133955,2025-01-07 13:05:41.817,2025-01-07 13:05:41.817,90036,https://c.cfjump.com/Avatars/4b18bd93-f41f-45c5-b205-56897eec30a7.png,Stylevana,Deal Zone - Shop under NZ$12.99,,https://t.cfjump.com/90610/o/133955,2025-01-07 00:00:00.000,
133956,2025-01-07 13:08:23.583,2025-01-07 13:08:23.583,90036,https://c.cfjump.com/Avatars/4b18bd93-f41f-45c5-b205-56897eec30a7.png,Stylevana,Up to 66% OFF - Clearance on K-Beauty,,https://t.cfjump.com/90610/o/133956,2025-01-07 00:00:00.000,
140241,2025-07-10 18:39:56.967,2025-07-10 18:39:56.967,90036,https://c.cfjump.com/Avatars/4b18bd93-f41f-45c5-b205-56897eec30a7.png,Stylevana,Student Program - 20% off sitewide,Get your 20% off student discount by clicking 'Student Discount' section at the footer!,https://t.cfjump.com/90610/o/140241,2025-07-10 00:00:00.000,
127468,2024-08-01 13:13:00.083,2024-08-01 13:13:00.083,90036,https://c.cfjump.com/Avatars/4b18bd93-f41f-45c5-b205-56897eec30a7.png,Stylevana,BOGO Offer,*May not be used with other onsite offers,https://t.cfjump.com/90610/o/127468,2024-08-01 00:00:00.000,
130660,2024-10-28 16:55:18.040,2024-10-28 16:56:10.790,90717,https://c.cfjump.com/Avatars/5b589552-747f-45d6-b673-095c3eb560a2.png,Sumo Energy,"Local energy you can rely on, Australian owned and operated! ",,https://t.cfjump.com/90610/o/130660,2024-10-28 00:00:00.000,
141776,2025-08-27 08:55:19.153,2025-08-27 08:55:19.153,90717,https://c.cfjump.com/Avatars/5b589552-747f-45d6-b673-095c3eb560a2.png,Sumo Energy,"Introducing the Sumo Rewards app, which gives you access to 2-for-1 deals or discounts up to 20% off at thousands of restaurants, cafés and eateries across Australia! All you need to do is have an active Electricity and/or Gas account with Sumo, give us marketing consent when you sign-up, and we'll then send you the activation email. Don't miss out on this benefit, and sign up today! T&Cs Apply",https://view.sumo.com.au/1q8rok,https://t.cfjump.com/90610/o/141776,2025-08-27 00:00:00.000,
138230,2025-04-30 13:09:30.900,2025-04-30 13:09:30.900,88747,https://c.cfjump.com/Avatars/7bfb1e40-2fcc-496b-b649-2b964b7797ee.png,Superloop,Family Plan  100/20Mbps for just $75/mth for 6 months then $95 ongoing PLUS get a FREE modem when you stay connected for 24 months,See website for T&C’s.,https://t.cfjump.com/90610/o/138230,2025-05-02 00:00:00.000,
80640,2021-04-30 11:55:26.870,2021-04-30 11:55:26.870,73384,https://c.cfjump.com/Avatars/45ab0541-cf04-4769-bbc6-c5b558119650.png,Supplement Mart,Buy Now Pay Later - Afterpay Available	,,https://t.cfjump.com/90610/o/80640,2021-04-30 00:00:00.000,
80641,2021-04-30 11:55:35.887,2021-04-30 11:55:35.887,73384,https://c.cfjump.com/Avatars/45ab0541-cf04-4769-bbc6-c5b558119650.png,Supplement Mart,Free Shipping + Free Gift Orders Over $99	,,https://t.cfjump.com/90610/o/80641,2021-04-30 00:00:00.000,
80642,2021-04-30 11:55:47.653,2021-04-30 11:55:47.653,73384,https://c.cfjump.com/Avatars/45ab0541-cf04-4769-bbc6-c5b558119650.png,Supplement Mart,Widest Range of Supplements | Vitamins | Sports Nutrition | Health Foods	,,https://t.cfjump.com/90610/o/80642,2021-04-30 00:00:00.000,
33203,2017-11-02 11:54:16.753,2017-11-02 11:54:16.753,47770,https://c.cfjump.com/Avatars/1ba3c2d2-6b6a-47c3-a3e4-0c5f8005f01e.png,T2 Tea,Afterpay Available!,- See website for full T&C's,https://t.cfjump.com/90610/o/33203,2017-11-02 00:00:00.000,
42146,2018-05-30 09:09:21.213,2018-05-30 09:09:21.213,47770,https://c.cfjump.com/Avatars/1ba3c2d2-6b6a-47c3-a3e4-0c5f8005f01e.png,T2 Tea,Wellness Wonders - Shop Today!,- See website for full T&C's,https://t.cfjump.com/90610/o/42146,2018-05-30 00:00:00.000,
65555,2020-04-20 10:56:40.077,2020-07-23 13:05:33.363,47770,https://c.cfjump.com/Avatars/1ba3c2d2-6b6a-47c3-a3e4-0c5f8005f01e.png,T2 Tea,Free shipping on orders +$50 + Free express shipping on orders +$120,See website for full T&C's,https://t.cfjump.com/90610/o/65555,2020-04-20 00:00:00.000,
85333,2021-09-14 10:48:32.307,2021-09-14 10:50:18.000,47770,https://c.cfjump.com/Avatars/1ba3c2d2-6b6a-47c3-a3e4-0c5f8005f01e.png,T2 Tea,Meet the Cold brew collection AU l Shop Now ,-See the website for full T&C,https://t.cfjump.com/90610/o/85333,2021-09-08 00:00:00.000,
140823,2025-08-06 11:07:09.787,2025-08-06 11:07:39.553,47770,https://c.cfjump.com/Avatars/1ba3c2d2-6b6a-47c3-a3e4-0c5f8005f01e.png,T2 Tea,T2 x Penguin Books Australia. Steeped in Story | Tea & Books Gift Packs available now,see website for T&C's ,https://t.cfjump.com/90610/o/140823,2025-08-06 00:00:00.000,2025-09-23 23:59:59.000
72632,2020-11-03 13:50:40.850,2020-11-03 13:50:40.850,70072,https://c.cfjump.com/Avatars/97c5cbbf-b7fa-4096-9141-edf12bb84e50.png,T2 Tea SG,Free delivery for Singapore orders over $40,,https://t.cfjump.com/90610/o/72632,2020-11-03 00:00:00.000,
72633,2020-11-03 13:51:02.223,2020-11-03 13:51:02.223,70072,https://c.cfjump.com/Avatars/97c5cbbf-b7fa-4096-9141-edf12bb84e50.png,T2 Tea SG,Sign up & take 10% off your first order,,https://t.cfjump.com/90610/o/72633,2020-11-03 00:00:00.000,
72634,2020-11-03 13:51:37.867,2020-11-03 13:51:57.430,70072,https://c.cfjump.com/Avatars/97c5cbbf-b7fa-4096-9141-edf12bb84e50.png,T2 Tea SG,90-day return ,"We want you to be completely satisfied with your T2 purchase.


If you are unhappy with your purchase, then upon presentation of your product with proof of purchase, you are welcome to return the item to us within 90 days of purchase, provided the product is in its original saleable condition.


In the event that your product is faulty, does not match its description or perform its function then a refund will be made in its original payment method or store credit will be awarded.",https://t.cfjump.com/90610/o/72634,2020-11-03 00:00:00.000,
85335,2021-09-14 11:01:36.297,2021-09-14 11:01:36.297,70072,https://c.cfjump.com/Avatars/97c5cbbf-b7fa-4096-9141-edf12bb84e50.png,T2 Tea SG,Meet the Cold brew collection SG l Shop Now,-See the website for full T&C,https://t.cfjump.com/90610/o/85335,2021-09-08 00:00:00.000,
140825,2025-08-06 11:09:23.973,2025-08-06 11:09:23.973,70072,https://c.cfjump.com/Avatars/97c5cbbf-b7fa-4096-9141-edf12bb84e50.png,T2 Tea SG,T2 x Penguin Books Australia. Steeped in Story | Tea & Books Gift Packs available now,see website for T&C's ,https://t.cfjump.com/90610/o/140825,2025-08-06 00:00:00.000,2025-09-23 23:59:59.000
126799,2024-07-09 15:56:31.983,2024-07-09 15:56:31.983,90019,https://c.cfjump.com/Avatars/9fc06539-e590-4837-9fed-605fa10207f0.png,Tech Sales Online,GET EXCLUSIVE OFFERS AND SAVE NOW - Sign up for exclusive deals and member benefits.,,https://t.cfjump.com/90610/o/126799,2024-07-09 00:00:00.000,
126801,2024-07-09 15:58:47.767,2024-07-09 15:58:47.767,90019,https://c.cfjump.com/Avatars/9fc06539-e590-4837-9fed-605fa10207f0.png,Tech Sales Online,Afterpay Available,,https://t.cfjump.com/90610/o/126801,2024-07-09 00:00:00.000,
126802,2024-07-09 15:59:10.220,2024-07-09 15:59:10.220,90019,https://c.cfjump.com/Avatars/9fc06539-e590-4837-9fed-605fa10207f0.png,Tech Sales Online,Free Shipping on all Robot Vacuums,,https://t.cfjump.com/90610/o/126802,2024-07-09 00:00:00.000,
126803,2024-07-09 15:59:29.343,2024-07-09 15:59:29.343,90019,https://c.cfjump.com/Avatars/9fc06539-e590-4837-9fed-605fa10207f0.png,Tech Sales Online,Manufacturers Warranty,,https://t.cfjump.com/90610/o/126803,2024-07-09 00:00:00.000,
125080,2024-05-08 11:28:58.947,2024-05-08 11:28:58.947,89154,https://c.cfjump.com/Avatars/dafb655f-d9f8-41b5-bdb8-9ea747dc7bb3.png,Technogym Australia,Design your own gym,,https://t.cfjump.com/90610/o/125080,2024-05-08 00:00:00.000,
125081,2024-05-08 11:29:35.820,2024-05-08 11:29:35.820,89154,https://c.cfjump.com/Avatars/dafb655f-d9f8-41b5-bdb8-9ea747dc7bb3.png,Technogym Australia,Discover your motivations,,https://t.cfjump.com/90610/o/125081,2024-05-08 00:00:00.000,
132910,2024-12-11 13:04:13.190,2024-12-11 13:04:13.190,90723,https://c.cfjump.com/Avatars/d9dc8385-792b-4b72-8d1b-a0c10235d84a.png,The Ayurveda Experience,Get A FREE 15-MINUTE  PERSONALIZED AYURVEDIC SKINCARE PRODUCT RECOMMENDATION THROUGH VIDEO,,https://t.cfjump.com/90610/o/132910,2024-12-11 00:00:00.000,
132911,2024-12-11 13:04:51.063,2024-12-11 13:04:51.063,90723,https://c.cfjump.com/Avatars/d9dc8385-792b-4b72-8d1b-a0c10235d84a.png,The Ayurveda Experience,Re-Introducing: Your Favorite Eye Contour Cream — REVAMPED!,,https://t.cfjump.com/90610/o/132911,2024-12-11 00:00:00.000,
133033,2024-12-12 16:40:04.087,2024-12-12 16:40:04.087,90723,https://c.cfjump.com/Avatars/d9dc8385-792b-4b72-8d1b-a0c10235d84a.png,The Ayurveda Experience,"Balaayah Black Gram Body Booster - The Ultimate Ultra-Rich but Non-Sticky Body Oil for Ageing, Dehydrated, Dry Skin",,https://t.cfjump.com/90610/o/133033,2024-12-12 00:00:00.000,2025-12-31 23:59:59.000
133034,2024-12-12 16:41:49.977,2024-12-12 16:41:49.977,90723,https://c.cfjump.com/Avatars/d9dc8385-792b-4b72-8d1b-a0c10235d84a.png,The Ayurveda Experience,Blavana Body Lotion - Revolutionary Formula with Black Gram - Best Body Lotion for Mature Body Skin - With Clinically Proven Ingredients,,https://t.cfjump.com/90610/o/133034,2024-12-12 00:00:00.000,2025-12-31 23:59:59.000
133035,2024-12-12 16:43:12.947,2024-12-12 16:43:12.947,90723,https://c.cfjump.com/Avatars/d9dc8385-792b-4b72-8d1b-a0c10235d84a.png,The Ayurveda Experience,"iYURA Yauvari Amplified Youth Spring - Face and neck serum for Dry, Mature, Ageing Skin",,https://t.cfjump.com/90610/o/133035,2024-12-12 00:00:00.000,2025-12-31 23:59:59.000
133036,2024-12-12 16:45:30.463,2024-12-12 16:45:30.463,90723,https://c.cfjump.com/Avatars/d9dc8385-792b-4b72-8d1b-a0c10235d84a.png,The Ayurveda Experience,Kesaradi Oil - Best Face Moisturizer for Natural Glow,,https://t.cfjump.com/90610/o/133036,2024-12-12 00:00:00.000,2025-12-31 23:59:59.000
134086,2025-01-11 00:01:51.403,2025-01-11 00:01:51.403,90723,https://c.cfjump.com/Avatars/d9dc8385-792b-4b72-8d1b-a0c10235d84a.png,The Ayurveda Experience,"Your favorites, paired for perfection! 2 Bestselling Skincare Duos at Flat 10% OFF - shop now!",,https://t.cfjump.com/90610/o/134086,2025-01-11 00:00:00.000,2025-12-31 23:59:59.000
134675,2025-02-01 03:10:41.337,2025-02-01 03:10:41.337,90723,https://c.cfjump.com/Avatars/d9dc8385-792b-4b72-8d1b-a0c10235d84a.png,The Ayurveda Experience,"Flat 50% Off! Clearance Sale - Golden Years Face Serum. Hurry, last few units left!",,https://t.cfjump.com/90610/o/134675,2025-02-01 00:00:00.000,2025-12-31 23:59:59.000
134676,2025-02-02 04:33:17.007,2025-02-02 04:33:17.007,90723,https://c.cfjump.com/Avatars/d9dc8385-792b-4b72-8d1b-a0c10235d84a.png,The Ayurveda Experience,"Upto 40% OFF - Buy 1 & Get Another at a Discount! Safe, Effective & Natural Skincare",,https://t.cfjump.com/90610/o/134676,2025-02-02 00:00:00.000,2025-12-31 23:59:59.000
134909,2025-02-08 00:52:52.680,2025-02-08 00:52:52.680,90723,https://c.cfjump.com/Avatars/d9dc8385-792b-4b72-8d1b-a0c10235d84a.png,The Ayurveda Experience,"2 Products for $99! Build your own bundle and save - your skincare, your way!",,https://t.cfjump.com/90610/o/134909,2025-02-08 00:00:00.000,2025-12-31 23:59:59.000
134911,2025-02-09 02:28:05.180,2025-02-09 02:28:05.180,90723,https://c.cfjump.com/Avatars/d9dc8385-792b-4b72-8d1b-a0c10235d84a.png,The Ayurveda Experience,Exclusive Deals-10% to 42% Off-All in One Place! Shop Now & Glow for Less!,,https://t.cfjump.com/90610/o/134911,2025-02-09 00:00:00.000,2025-12-31 23:59:59.000
134912,2025-02-10 02:43:04.213,2025-02-10 02:43:04.213,90723,https://c.cfjump.com/Avatars/d9dc8385-792b-4b72-8d1b-a0c10235d84a.png,The Ayurveda Experience,Bestselling Face Oils & Serums – Glow-Boosting Favorites at Exclusive Prices!,,https://t.cfjump.com/90610/o/134912,2025-02-10 00:00:00.000,2025-12-31 23:59:59.000
134967,2025-02-12 01:32:29.833,2025-02-12 01:32:29.833,90723,https://c.cfjump.com/Avatars/d9dc8385-792b-4b72-8d1b-a0c10235d84a.png,The Ayurveda Experience,Choose Any 5 Minis for Just $65 - Build Your Perfect Travel Kit!,,https://t.cfjump.com/90610/o/134967,2025-02-12 00:00:00.000,2025-12-31 23:59:59.000
135369,2025-02-25 02:24:52.100,2025-02-25 02:24:52.100,90723,https://c.cfjump.com/Avatars/d9dc8385-792b-4b72-8d1b-a0c10235d84a.png,The Ayurveda Experience,"Hot Deal! Grab any 2 skincare products you love for just $99 - your favorites, your way!",,https://t.cfjump.com/90610/o/135369,2025-02-25 00:00:00.000,2025-12-31 23:59:59.000
135540,2025-02-26 03:52:37.903,2025-02-26 03:52:37.903,90723,https://c.cfjump.com/Avatars/d9dc8385-792b-4b72-8d1b-a0c10235d84a.png,The Ayurveda Experience,"Upto 42% OFF! Age-defying face, hair & body care for women 40+. Shop now!",,https://t.cfjump.com/90610/o/135540,2025-02-26 00:00:00.000,2025-12-31 23:59:59.000
135699,2025-02-28 14:29:07.490,2025-02-28 14:29:07.490,90723,https://c.cfjump.com/Avatars/d9dc8385-792b-4b72-8d1b-a0c10235d84a.png,The Ayurveda Experience,Our bestseller Body Lotion is back in Stock ! Buy 1 and get 20% off on the second bottle!,,https://t.cfjump.com/90610/o/135699,2025-02-28 00:00:00.000,2025-12-31 23:59:59.000
135704,2025-03-01 01:20:54.030,2025-03-01 01:20:54.030,90723,https://c.cfjump.com/Avatars/d9dc8385-792b-4b72-8d1b-a0c10235d84a.png,The Ayurveda Experience,"Flat 15% off! Get a flawless, makeup-free look with this must-have kit – shop now!",,https://t.cfjump.com/90610/o/135704,2025-03-01 00:00:00.000,2025-12-31 23:59:59.000
136434,2025-03-14 01:29:31.243,2025-03-14 01:29:31.243,90723,https://c.cfjump.com/Avatars/d9dc8385-792b-4b72-8d1b-a0c10235d84a.png,The Ayurveda Experience,Buy 1 and get second bottle at upto 40% off! Our top-rated skincare at huge discounts!,,https://t.cfjump.com/90610/o/136434,2025-03-14 00:00:00.000,2025-12-31 23:59:59.000
136622,2025-03-19 02:34:57.000,2025-03-19 02:34:57.000,90723,https://c.cfjump.com/Avatars/d9dc8385-792b-4b72-8d1b-a0c10235d84a.png,The Ayurveda Experience,"Flat 15% Off - Bestsellers Bundle! The perfect skincare trio for dry, mature & aging skin!",,https://t.cfjump.com/90610/o/136622,2025-03-19 00:00:00.000,2025-12-31 23:59:59.000
136737,2025-03-22 01:39:35.657,2025-03-22 01:39:35.657,90723,https://c.cfjump.com/Avatars/d9dc8385-792b-4b72-8d1b-a0c10235d84a.png,The Ayurveda Experience,"Discounts, Freebies & much more! Special Limited Time Offers currently live on The Ayurveda Experience.",,https://t.cfjump.com/90610/o/136737,2025-03-22 00:00:00.000,2025-12-31 23:59:59.000
137108,2025-04-06 06:18:30.363,2025-04-20 03:33:25.637,90723,https://c.cfjump.com/Avatars/d9dc8385-792b-4b72-8d1b-a0c10235d84a.png,The Ayurveda Experience,2 at $99 ! Pick any two products of your choice and Build your own bundle!,,https://t.cfjump.com/90610/o/137108,2025-04-06 00:00:00.000,2025-12-31 23:59:59.000
137402,2025-04-13 00:30:08.047,2025-04-13 00:30:08.047,90723,https://c.cfjump.com/Avatars/d9dc8385-792b-4b72-8d1b-a0c10235d84a.png,The Ayurveda Experience,"Unmissable Offers and Discounts- Best place to Face, Body & Hair care for women over 40!",,https://t.cfjump.com/90610/o/137402,2025-04-13 00:00:00.000,2025-12-31 23:59:59.000
137621,2025-04-17 03:46:26.153,2025-04-17 03:46:26.170,90723,https://c.cfjump.com/Avatars/d9dc8385-792b-4b72-8d1b-a0c10235d84a.png,The Ayurveda Experience,FLAT 42% OFF on this Daily Face Care Kit for Mature Dry Skin! Shop Now!,,https://t.cfjump.com/90610/o/137621,2025-04-17 00:00:00.000,2025-12-31 23:59:59.000
137728,2025-04-20 03:33:05.150,2025-04-20 03:33:05.150,90723,https://c.cfjump.com/Avatars/d9dc8385-792b-4b72-8d1b-a0c10235d84a.png,The Ayurveda Experience,Hot Offer! Make you own Travel Skincare Kit - any 5 minis at just $65!,,https://t.cfjump.com/90610/o/137728,2025-04-20 00:00:00.000,2025-12-31 23:59:59.000
137915,2025-04-23 07:36:35.140,2025-04-23 07:36:35.140,90723,https://c.cfjump.com/Avatars/d9dc8385-792b-4b72-8d1b-a0c10235d84a.png,The Ayurveda Experience,"Flat 15% Off - Just One Kit. Total Care for Eye, Face & Body. Dryness? Defeated.	",,https://t.cfjump.com/90610/o/137915,2025-04-23 00:00:00.000,2025-12-31 23:59:59.000
138046,2025-04-25 23:35:45.420,2025-04-25 23:35:45.420,90723,https://c.cfjump.com/Avatars/d9dc8385-792b-4b72-8d1b-a0c10235d84a.png,The Ayurveda Experience,Buy 1 and get the 2nd at upto 40% Off! Extra Buying on Buying Extra!,,https://t.cfjump.com/90610/o/138046,2025-04-25 00:00:00.000,2025-12-31 23:59:59.000
138353,2025-05-03 03:31:34.577,2025-05-03 03:31:34.577,90723,https://c.cfjump.com/Avatars/d9dc8385-792b-4b72-8d1b-a0c10235d84a.png,The Ayurveda Experience,Body Care Bestsellers for Women 40+ Shop Now from The Ayurveda Experience & Glow On!,,https://t.cfjump.com/90610/o/138353,2025-05-03 00:00:00.000,2025-12-31 23:59:59.000
138816,2025-05-16 13:24:02.110,2025-05-16 13:24:02.110,90723,https://c.cfjump.com/Avatars/d9dc8385-792b-4b72-8d1b-a0c10235d84a.png,The Ayurveda Experience,Flat 15% Off - Face to Feet Moisturization in 1 Discounted Bundle! Shop Now!,,https://t.cfjump.com/90610/o/138816,2025-05-16 00:00:00.000,2025-12-31 23:59:59.000
139386,2025-05-31 22:26:55.327,2025-05-31 22:26:55.327,90723,https://c.cfjump.com/Avatars/d9dc8385-792b-4b72-8d1b-a0c10235d84a.png,The Ayurveda Experience,2 at $99 ! Pick any two products of your choice and Build your own bundle!,,https://t.cfjump.com/90610/o/139386,2025-05-31 00:00:00.000,2025-12-31 23:59:59.000
139576,2025-06-07 23:02:30.307,2025-06-07 23:02:30.307,90723,https://c.cfjump.com/Avatars/d9dc8385-792b-4b72-8d1b-a0c10235d84a.png,The Ayurveda Experience,Build Your Bundle & Save Big—Up to 15% Off When You Pick Your Favorite Essentials!,,https://t.cfjump.com/90610/o/139576,2025-06-07 00:00:00.000,2025-12-31 23:59:59.000
139688,2025-06-15 03:11:02.330,2025-06-15 03:11:25.970,90723,https://c.cfjump.com/Avatars/d9dc8385-792b-4b72-8d1b-a0c10235d84a.png,The Ayurveda Experience,Pick any 5 skincare minis for $65 + Free Shipping—build your perfect travel kit today!,,https://t.cfjump.com/90610/o/139688,2025-06-15 00:00:00.000,2025-12-31 23:59:59.000
139800,2025-06-21 00:16:29.913,2025-06-21 00:16:29.913,90723,https://c.cfjump.com/Avatars/d9dc8385-792b-4b72-8d1b-a0c10235d84a.png,The Ayurveda Experience,"Buy 1, get 2nd bottle upto 40% off - limited time only!",,https://t.cfjump.com/90610/o/139800,2025-06-21 00:00:00.000,2025-12-31 23:59:59.000
139886,2025-06-27 14:17:35.707,2025-06-27 14:17:35.707,90723,https://c.cfjump.com/Avatars/d9dc8385-792b-4b72-8d1b-a0c10235d84a.png,The Ayurveda Experience,Any 3 for $149! Mix & match your faves and build your bundle. Don’t wait—shop now.,,https://t.cfjump.com/90610/o/139886,2025-06-27 00:00:00.000,2025-12-31 23:59:59.000
139897,2025-06-29 21:37:26.340,2025-06-29 21:37:26.340,90723,https://c.cfjump.com/Avatars/d9dc8385-792b-4b72-8d1b-a0c10235d84a.png,The Ayurveda Experience,"Skincare Deals Are Here! Discounts, Freebies & More – Limited Time Only!",,https://t.cfjump.com/90610/o/139897,2025-06-29 00:00:00.000,2025-12-31 23:59:59.000
140444,2025-07-19 12:32:08.530,2025-07-19 12:32:08.530,90723,https://c.cfjump.com/Avatars/d9dc8385-792b-4b72-8d1b-a0c10235d84a.png,The Ayurveda Experience,Build Your Bundle & Save Big—Up to 15% Off When You Pick Your Favorite Essentials!,,https://t.cfjump.com/90610/o/140444,2025-07-19 00:00:00.000,2025-12-31 23:59:59.000
140561,2025-07-25 22:45:01.280,2025-07-25 22:46:08.373,90723,https://c.cfjump.com/Avatars/d9dc8385-792b-4b72-8d1b-a0c10235d84a.png,The Ayurveda Experience,Buy 2 for $99! Build your dream skincare duo & save big - your perfect pair awaits!,,https://t.cfjump.com/90610/o/140561,2025-07-25 00:00:00.000,2025-12-31 23:59:59.000
140978,2025-08-11 04:59:56.613,2025-08-11 04:59:56.613,90723,https://c.cfjump.com/Avatars/d9dc8385-792b-4b72-8d1b-a0c10235d84a.png,The Ayurveda Experience,Any 3 for $149! Mix & match your faves and build your bundle. Don’t wait—shop now.,,https://t.cfjump.com/90610/o/140978,2025-08-11 00:00:00.000,2025-12-31 23:59:59.000
141774,2025-08-27 00:27:47.413,2025-08-27 00:27:47.413,90723,https://c.cfjump.com/Avatars/d9dc8385-792b-4b72-8d1b-a0c10235d84a.png,The Ayurveda Experience,"Flat 50% Off Clearance - Age-defying face, eye, lip & body care for 40+ women. Limited time!",,https://t.cfjump.com/90610/o/141774,2025-08-27 00:00:00.000,2025-12-31 23:59:59.000
134236,2025-01-15 06:46:10.367,2025-01-15 06:46:10.367,90723,https://c.cfjump.com/Avatars/d9dc8385-792b-4b72-8d1b-a0c10235d84a.png,The Ayurveda Experience,"Firm up saggy, mature skin! Buy 1 Body Lotion & get the 2nd at Flat 20% Off. Shop now for results!",,https://t.cfjump.com/90610/o/134236,2025-01-15 00:00:00.000,2026-01-01 23:59:59.000
134296,2025-01-16 03:52:34.650,2025-01-16 03:52:34.650,90723,https://c.cfjump.com/Avatars/d9dc8385-792b-4b72-8d1b-a0c10235d84a.png,The Ayurveda Experience,Hot Deal: Buy 3 skincare products at 15% OFF or 5 at 20% OFF—beauty meets savings!,,https://t.cfjump.com/90610/o/134296,2025-01-15 00:00:00.000,2026-01-01 23:59:59.000
134330,2025-01-17 00:40:41.123,2025-01-17 00:40:41.123,90723,https://c.cfjump.com/Avatars/d9dc8385-792b-4b72-8d1b-a0c10235d84a.png,The Ayurveda Experience,"Flat 10% OFF! The perfect day & night skincare duo for radiant, glowing skin. Shop now!",,https://t.cfjump.com/90610/o/134330,2025-01-17 00:00:00.000,2026-01-01 23:59:59.000
134356,2025-01-18 05:37:59.960,2025-01-18 05:37:59.960,90723,https://c.cfjump.com/Avatars/d9dc8385-792b-4b72-8d1b-a0c10235d84a.png,The Ayurveda Experience,"Don’t Miss Out! FLAT 15% OFF on the Bestsellers Bundle – Hydrate, firm, and rejuvenate your skin!",,https://t.cfjump.com/90610/o/134356,2025-01-18 00:00:00.000,2026-01-01 23:59:59.000
134359,2025-01-19 01:54:55.050,2025-01-19 01:54:55.050,90723,https://c.cfjump.com/Avatars/d9dc8385-792b-4b72-8d1b-a0c10235d84a.png,The Ayurveda Experience,"Deal Alert! Flat 10% OFF Youthful Glow Duo for smooth, hydrated, and radiant skin!",,https://t.cfjump.com/90610/o/134359,2025-01-19 00:00:00.000,2026-01-01 23:59:59.000
134378,2025-01-21 02:34:43.947,2025-01-21 02:34:43.947,90723,https://c.cfjump.com/Avatars/d9dc8385-792b-4b72-8d1b-a0c10235d84a.png,The Ayurveda Experience,FLAT 42% OFF on this Daily Face Care Kit for Mature Dry Skin! Grab it now!,,https://t.cfjump.com/90610/o/134378,2025-01-21 00:00:00.000,2026-01-01 23:59:59.000
134500,2025-01-23 06:59:13.493,2025-01-23 06:59:13.493,90723,https://c.cfjump.com/Avatars/d9dc8385-792b-4b72-8d1b-a0c10235d84a.png,The Ayurveda Experience,"40% off on the 2nd bottle! Buy 1, save big, and double your skincare glow!",,https://t.cfjump.com/90610/o/134500,2025-01-23 00:00:00.000,2026-01-01 23:59:59.000
134542,2025-01-25 04:41:35.553,2025-01-25 04:46:21.340,90723,https://c.cfjump.com/Avatars/d9dc8385-792b-4b72-8d1b-a0c10235d84a.png,The Ayurveda Experience,"Hot Deal! Grab any 2 skincare products you love for just $99 - your favorites, your way!",,https://t.cfjump.com/90610/o/134542,2025-01-25 00:00:00.000,2026-01-01 23:59:59.000
134598,2025-01-29 05:25:57.423,2025-01-29 05:25:57.423,90723,https://c.cfjump.com/Avatars/d9dc8385-792b-4b72-8d1b-a0c10235d84a.png,The Ayurveda Experience,"Just Launched! Soft-O-More Mask – Ancient Ayurvedic Magic for Silky, Frizz-Free Hair – $35",,https://t.cfjump.com/90610/o/134598,2025-01-29 00:00:00.000,2026-01-01 23:59:59.000
134599,2025-01-29 05:26:22.500,2025-01-29 05:26:22.500,90723,https://c.cfjump.com/Avatars/d9dc8385-792b-4b72-8d1b-a0c10235d84a.png,The Ayurveda Experience,"Brand New! Soft-O-More Shampoo – The Secret to Bouncy, Glossy, Nourished Hair – $34",,https://t.cfjump.com/90610/o/134599,2025-01-29 00:00:00.000,2026-01-01 23:59:59.000
134639,2025-01-30 02:54:38.227,2025-01-30 02:54:38.227,90723,https://c.cfjump.com/Avatars/d9dc8385-792b-4b72-8d1b-a0c10235d84a.png,The Ayurveda Experience,Limited-Time Offer! FLAT 15% OFF on bundles and kits. Elevate your skincare - shop now!,,https://t.cfjump.com/90610/o/134639,2025-01-30 00:00:00.000,2026-01-01 23:59:59.000
97173,2022-05-31 11:02:56.580,2022-05-31 11:02:56.580,79112,https://c.cfjump.com/Avatars/c30ef55e-1976-44c4-9e53-19e3442b9b55.png,The Blue Space,Best Price Gurantee,,https://t.cfjump.com/90610/o/97173,2022-05-31 00:00:00.000,
97174,2022-05-31 11:03:12.753,2022-05-31 11:03:12.753,79112,https://c.cfjump.com/Avatars/c30ef55e-1976-44c4-9e53-19e3442b9b55.png,The Blue Space,30 day easy return,,https://t.cfjump.com/90610/o/97174,2022-05-31 00:00:00.000,
97175,2022-05-31 11:03:24.973,2022-05-31 11:03:24.973,79112,https://c.cfjump.com/Avatars/c30ef55e-1976-44c4-9e53-19e3442b9b55.png,The Blue Space,Online Design Tool,,https://t.cfjump.com/90610/o/97175,2022-05-31 00:00:00.000,
97176,2022-05-31 11:03:39.627,2022-05-31 11:03:39.627,79112,https://c.cfjump.com/Avatars/c30ef55e-1976-44c4-9e53-19e3442b9b55.png,The Blue Space,Leading Designer Brands,,https://t.cfjump.com/90610/o/97176,2022-05-31 00:00:00.000,
97177,2022-05-31 11:04:09.173,2022-05-31 11:04:45.817,79112,https://c.cfjump.com/Avatars/c30ef55e-1976-44c4-9e53-19e3442b9b55.png,The Blue Space,Free Delivery on small items over $100,,https://t.cfjump.com/90610/o/97177,2022-05-31 00:00:00.000,
97178,2022-05-31 11:04:32.707,2022-05-31 11:04:32.707,79112,https://c.cfjump.com/Avatars/c30ef55e-1976-44c4-9e53-19e3442b9b55.png,The Blue Space,All deliveries are 100% Carbon Neutral,,https://t.cfjump.com/90610/o/97178,2022-05-31 00:00:00.000,
97179,2022-05-31 11:04:53.973,2022-05-31 11:04:53.973,79112,https://c.cfjump.com/Avatars/c30ef55e-1976-44c4-9e53-19e3442b9b55.png,The Blue Space,All deliveries insured. 24 hours to report damaged goods.,,https://t.cfjump.com/90610/o/97179,2022-05-31 00:00:00.000,
110173,2023-05-22 14:53:49.323,2023-05-22 14:53:49.323,79112,https://c.cfjump.com/Avatars/c30ef55e-1976-44c4-9e53-19e3442b9b55.png,The Blue Space,Stocktake Sale,View all T&C's here: https://www.thebluespace.com.au/pages/promotional-terms-and-conditions.,https://t.cfjump.com/90610/o/110173,2023-05-23 00:00:00.000,
115737,2023-10-10 17:12:56.117,2023-10-10 17:12:56.117,87685,https://c.cfjump.com/Avatars/36905d4e-1f47-408d-890c-a0a30da8df37.png,The Fable,New Customer Discount - 15% off store wide,"Offering new customers 15% off their entire order.
Enter code NEWCUSTOMER15%",https://t.cfjump.com/90610/o/115737,2023-10-10 00:00:00.000,
40532,2018-04-23 10:24:28.327,2018-04-23 11:08:21.627,45613,https://c.cfjump.com/Avatars/48c38bd2-aaa1-4a33-a30f-4e873d144fc6.png,The Healthy Mummy,Start your weightloss journey with a variety of healthy and delicious recipes from The Healthy Mummy,,https://t.cfjump.com/90610/o/40532,2018-04-23 00:00:00.000,
40533,2018-04-23 10:26:15.607,2018-04-23 11:08:16.597,45613,https://c.cfjump.com/Avatars/48c38bd2-aaa1-4a33-a30f-4e873d144fc6.png,The Healthy Mummy,Reach your fitness goals with your FREE Butt & Thighs Recipe and Exercise Pack,,https://t.cfjump.com/90610/o/40533,2018-04-23 00:00:00.000,
40534,2018-04-23 10:29:59.027,2019-12-20 12:16:27.100,45613,https://c.cfjump.com/Avatars/48c38bd2-aaa1-4a33-a30f-4e873d144fc6.png,The Healthy Mummy,Ready to change your life in 28 days? Join the Healthy Mummy challenge today,,https://t.cfjump.com/90610/o/40534,2018-04-23 00:00:00.000,
40549,2018-04-23 11:07:47.800,2019-12-20 11:49:48.200,45613,https://c.cfjump.com/Avatars/48c38bd2-aaa1-4a33-a30f-4e873d144fc6.png,The Healthy Mummy,Be inspired by the Healthy Mummy community with blog posts created by Mum's just like you,,https://t.cfjump.com/90610/o/40549,2018-04-23 00:00:00.000,
40556,2018-04-23 11:20:34.830,2019-12-20 12:22:25.453,45613,https://c.cfjump.com/Avatars/48c38bd2-aaa1-4a33-a30f-4e873d144fc6.png,The Healthy Mummy,Eat healthy throughout your pregnancy with The Healthy Mummy's pregnancy product range,,https://t.cfjump.com/90610/o/40556,2018-04-23 00:00:00.000,
40563,2018-04-23 11:27:32.657,2018-04-23 11:27:32.657,45613,https://c.cfjump.com/Avatars/48c38bd2-aaa1-4a33-a30f-4e873d144fc6.png,The Healthy Mummy,Find out what products have worked for mums with The Healthy Mummy's most popular products,,https://t.cfjump.com/90610/o/40563,2018-04-23 00:00:00.000,
40564,2018-04-23 11:29:31.373,2018-04-23 11:29:31.373,45613,https://c.cfjump.com/Avatars/48c38bd2-aaa1-4a33-a30f-4e873d144fc6.png,The Healthy Mummy,Look and feel good with The Healthy Mummy's extensive merchandise range,,https://t.cfjump.com/90610/o/40564,2018-04-23 00:00:00.000,
40565,2018-04-23 11:31:24.500,2018-04-23 11:31:24.500,45613,https://c.cfjump.com/Avatars/48c38bd2-aaa1-4a33-a30f-4e873d144fc6.png,The Healthy Mummy,Kids can join the fun too with Health Mummy's Just For Kids smoothie range,,https://t.cfjump.com/90610/o/40565,2018-04-23 00:00:00.000,
40566,2018-04-23 11:33:57.153,2019-12-20 12:21:54.737,45613,https://c.cfjump.com/Avatars/48c38bd2-aaa1-4a33-a30f-4e873d144fc6.png,The Healthy Mummy,Dress to achieve your fitness goals with Healthy Mummy's Activewear range,,https://t.cfjump.com/90610/o/40566,2018-04-23 00:00:00.000,
40567,2018-04-23 11:36:09.887,2019-12-20 12:21:19.987,45613,https://c.cfjump.com/Avatars/48c38bd2-aaa1-4a33-a30f-4e873d144fc6.png,The Healthy Mummy,"Discover our all-natural supplements which help with energy, metabolism and immunity",,https://t.cfjump.com/90610/o/40567,2018-04-23 00:00:00.000,
40568,2018-04-23 11:36:55.780,2019-12-20 12:20:15.497,45613,https://c.cfjump.com/Avatars/48c38bd2-aaa1-4a33-a30f-4e873d144fc6.png,The Healthy Mummy,Curb those cravings with the Healthy Mummy's healthy snack range suitable for busy mums,,https://t.cfjump.com/90610/o/40568,2018-04-23 00:00:00.000,
40569,2018-04-23 11:38:07.577,2018-04-23 11:38:38.563,45613,https://c.cfjump.com/Avatars/48c38bd2-aaa1-4a33-a30f-4e873d144fc6.png,The Healthy Mummy,"Lacking inspiration for dinner? The Healthy Mummy's Recipe Books are crammed full of easy, mum-friendly recipes and exercises to help get you in shape",,https://t.cfjump.com/90610/o/40569,2018-04-23 00:00:00.000,
40570,2018-04-23 12:22:26.033,2018-04-23 12:22:26.033,45613,https://c.cfjump.com/Avatars/48c38bd2-aaa1-4a33-a30f-4e873d144fc6.png,The Healthy Mummy,Get ready to start your weightloss journey with The Healthy Mummy's Packs including meal replacements and activewear,,https://t.cfjump.com/90610/o/40570,2018-04-23 00:00:00.000,
40571,2018-04-23 12:25:18.063,2018-04-23 12:25:18.063,45613,https://c.cfjump.com/Avatars/48c38bd2-aaa1-4a33-a30f-4e873d144fc6.png,The Healthy Mummy,Find the right meal replacement for you available from The Healthy Mummy,,https://t.cfjump.com/90610/o/40571,2018-04-23 00:00:00.000,
40899,2018-05-01 10:37:24.423,2018-05-01 10:37:24.423,45613,https://c.cfjump.com/Avatars/48c38bd2-aaa1-4a33-a30f-4e873d144fc6.png,The Healthy Mummy,"Get Healthy Now, Pay Later with Healthy Mummy and AfterPay!",,https://t.cfjump.com/90610/o/40899,2018-05-01 00:00:00.000,
40244,2018-04-16 09:08:59.890,2019-12-20 12:20:51.470,45613,https://c.cfjump.com/Avatars/48c38bd2-aaa1-4a33-a30f-4e873d144fc6.png,The Healthy Mummy,Discover FIVE Simple Ways To Burn Fat Faster at The Healthy Mummy,"
",https://t.cfjump.com/90610/o/40244,2018-04-16 00:00:00.000,
15169,2016-11-03 11:55:29.067,2016-11-03 11:55:29.067,37455,https://c.cfjump.com/Avatars/975270d0-9fd3-4b25-8094-1667a18a2098.png,The North Face Australia,Register with The North Face and receive 10% off your next purchase,Register with The North Face and receive 10% off your next purchase,https://t.cfjump.com/90610/o/15169,2016-11-03 00:00:00.000,
85900,2021-09-28 00:09:47.067,2021-09-28 00:09:47.067,37455,https://c.cfjump.com/Avatars/975270d0-9fd3-4b25-8094-1667a18a2098.png,The North Face Australia,TNF -  Sustainably Conscious packs,,https://t.cfjump.com/90610/o/85900,2021-09-28 00:00:00.000,
130696,2024-10-29 15:35:07.017,2024-10-29 15:35:07.017,37455,https://c.cfjump.com/Avatars/975270d0-9fd3-4b25-8094-1667a18a2098.png,The North Face Australia,Free Standard Shipping on all orders,,https://t.cfjump.com/90610/o/130696,2024-10-29 00:00:00.000,
133968,2025-01-08 11:42:20.310,2025-01-08 11:42:20.310,37455,https://c.cfjump.com/Avatars/975270d0-9fd3-4b25-8094-1667a18a2098.png,The North Face Australia,Rainwear.	Go further in gear designed to weather the storm with you.,,https://t.cfjump.com/90610/o/133968,2025-01-21 00:00:00.000,
140993,2025-08-11 11:04:30.193,2025-08-11 12:07:09.183,37455,https://c.cfjump.com/Avatars/975270d0-9fd3-4b25-8094-1667a18a2098.png,The North Face Australia,End of Season Sale. Up to 30% Off Select Styles,* Sale valid at thenorthface.com.au and at participating The North Face stores in Australia while supplies last on select styles only. Prices as marked. Sale is not valid at The North Face Outlets or any 3rd party retailers of The North Face merchandise. Cannot be used in conjunction with any other offers or discounts. Offer subject to change without notice.,https://t.cfjump.com/90610/o/140993,2025-08-14 00:00:00.000,2025-09-01 23:59:59.000
141646,2025-08-25 15:06:13.480,2025-08-25 15:06:13.480,37455,https://c.cfjump.com/Avatars/975270d0-9fd3-4b25-8094-1667a18a2098.png,The North Face Australia,Father's Day Gift Guide. Gear for outdoor dads.,,https://t.cfjump.com/90610/o/141646,2025-08-18 00:00:00.000,2025-09-02 23:59:59.000
102166,2022-10-11 17:42:49.760,2022-10-11 17:42:49.760,79760,https://c.cfjump.com/Avatars/349b0943-c2c7-4029-9311-dea47987f3cb.png,The UGG Shop,Free shipping Australia wide for orders over $100,T&Cs Apply,https://t.cfjump.com/90610/o/102166,2022-10-11 00:00:00.000,
97063,2022-05-26 19:53:29.760,2024-04-30 20:54:26.157,75983,https://c.cfjump.com/Avatars/c0f867a2-b4e3-4925-b8b6-2637bba7d49e.png,The Whisky Club,Join The Whisky Club for free,"This month join the Club for free. Nothing to pay. $0.

The Whisky Club is a Whisky Subscription service which sends you full bottle of unbelievably good whisky every month, as well as all the whisky knowledge to boot. Our 'Whisky of the Month' range from $120-$150 per bottle, or as little as $5 per day.

Once a Member, you can skip or opt-out as many times as you like whilst still retaining your Club benefits, such as 20% off Drams at our nationwide Clubhouses & access to Member Only whisky events.",https://t.cfjump.com/90610/o/97063,2022-05-26 00:00:00.000,
123875,2024-04-08 17:04:13.890,2024-04-30 20:46:40.480,75983,https://c.cfjump.com/Avatars/c0f867a2-b4e3-4925-b8b6-2637bba7d49e.png,The Whisky Club,Whisky Club Members Discounts,"Become a Club Member to get 20% off whiskies at our Nationwide Clubhouse Network every time you visit by showing your membership card

AND

SAVE 10% ON BOTTLE PURCHASES
10% off bottle purchases when you visit our Distillery Clubhouse Cellar Doors with your membership card.

Check https://thewhiskyclub.com.au/whisky-clubhouses for locations and details.",https://t.cfjump.com/90610/o/123875,2024-04-08 00:00:00.000,
109087,2023-04-17 13:23:44.503,2023-04-17 13:23:44.503,84747,https://c.cfjump.com/Avatars/a5803daa-c783-4554-804c-d7f739088fee.png,Thrill Experiences,Extended 28 Day Refunds,,https://t.cfjump.com/90610/o/109087,2023-04-17 00:00:00.000,
109085,2023-04-17 13:22:30.443,2023-04-17 13:37:05.780,84747,https://c.cfjump.com/Avatars/a5803daa-c783-4554-804c-d7f739088fee.png,Thrill Experiences,Free Gift Pack,,https://t.cfjump.com/90610/o/109085,2023-04-17 00:00:00.000,
109086,2023-04-17 13:23:11.833,2023-04-17 13:23:11.833,84747,https://c.cfjump.com/Avatars/a5803daa-c783-4554-804c-d7f739088fee.png,Thrill Experiences,Free Exchanges,,https://t.cfjump.com/90610/o/109086,2023-04-17 00:00:00.000,
131324,2024-11-13 13:20:32.040,2024-11-13 14:52:42.760,90840,https://c.cfjump.com/Avatars/8e7c8a9d-abc6-42cc-ab7c-eb272317f524.png,TKEES,Enjoy 10% OFF YOUR FIRST Purchase with email signup,Sign up to receive TKEES emails and receive a coupon code worth 10% off your first purchase on www.tkees.com,https://t.cfjump.com/90610/o/131324,2024-11-13 00:00:00.000,
131347,2024-11-13 14:53:24.777,2024-11-13 14:53:24.777,90840,https://c.cfjump.com/Avatars/8e7c8a9d-abc6-42cc-ab7c-eb272317f524.png,TKEES,Enjoy 15% OFF Your First Purchase with Email & SMS Sign Up,Sign up to BOTH emails and SMS notifications from TKEES and receive 15% OFF your first purchase on www.tkees.com,https://t.cfjump.com/90610/o/131347,2024-11-13 00:00:00.000,
129431,2024-09-26 19:32:33.710,2024-09-26 19:35:01.633,90543,https://c.cfjump.com/Avatars/abee1ba4-c570-4bff-ae4c-f373d8008e63.png,Trapo AU & NZ,5% Off New Customers. Code: Welcome5,"Code: Welcome5

Details:
For Online Store
5% off entire order
No minimum purchase requirement
All customers
Can’t combine with other discounts",https://t.cfjump.com/90610/o/129431,2024-09-26 00:00:00.000,
129432,2024-09-26 19:34:42.587,2024-09-26 19:34:42.587,90543,https://c.cfjump.com/Avatars/abee1ba4-c570-4bff-ae4c-f373d8008e63.png,Trapo AU & NZ,Buy 2 Items Get 8% Discount. Code: BUY2FREE8,"Code: BUY2FREE8

Details:
For Online Store
8% off entire order
Minimum purchase of 2 items
All customers
Can’t combine with other discounts",https://t.cfjump.com/90610/o/129432,2024-09-26 00:00:00.000,
48575,2018-11-02 11:29:45.817,2018-11-02 11:29:45.817,60474,https://c.cfjump.com/Avatars/850b33ac-9656-412e-954a-8f4d868fe283.png,True Protein,Free Delivery for Orders over $99,,https://t.cfjump.com/90610/o/48575,2018-11-02 00:00:00.000,
48576,2018-11-02 11:30:52.200,2018-11-02 11:30:52.200,60474,https://c.cfjump.com/Avatars/850b33ac-9656-412e-954a-8f4d868fe283.png,True Protein,Shop Protein Powders at True Protein,,https://t.cfjump.com/90610/o/48576,2018-11-02 00:00:00.000,
68959,2020-07-27 13:50:08.350,2020-07-27 13:50:08.350,69632,https://c.cfjump.com/Avatars/957b2c8c-c526-4c7f-88a0-36f52709ae4e.png,UGG Express,No Risk 30 Day Returns,,https://t.cfjump.com/90610/o/68959,2020-07-27 00:00:00.000,
68960,2020-07-27 13:50:15.633,2020-07-27 13:50:15.633,69632,https://c.cfjump.com/Avatars/957b2c8c-c526-4c7f-88a0-36f52709ae4e.png,UGG Express,Satisfaction Guaranteed,,https://t.cfjump.com/90610/o/68960,2020-07-27 00:00:00.000,
69494,2020-08-11 14:59:14.743,2020-08-11 14:59:14.743,69632,https://c.cfjump.com/Avatars/957b2c8c-c526-4c7f-88a0-36f52709ae4e.png,UGG Express,PREMIUM LUXE RUGS MADE FROM A-GRADE AUSTRALIAN SHEEPSKIN,,https://t.cfjump.com/90610/o/69494,2020-08-11 00:00:00.000,
112766,2023-08-14 15:17:17.233,2023-08-14 15:17:17.233,69632,https://c.cfjump.com/Avatars/957b2c8c-c526-4c7f-88a0-36f52709ae4e.png,UGG Express,Clean & Care,,https://t.cfjump.com/90610/o/112766,2023-08-14 00:00:00.000,
116172,2023-10-20 10:39:50.007,2023-10-20 10:39:50.007,69632,https://c.cfjump.com/Avatars/957b2c8c-c526-4c7f-88a0-36f52709ae4e.png,UGG Express,Top Seller — TAZZY,,https://t.cfjump.com/90610/o/116172,2023-10-20 00:00:00.000,
101741,2022-09-29 11:52:41.817,2022-09-29 11:52:41.817,69632,https://c.cfjump.com/Avatars/957b2c8c-c526-4c7f-88a0-36f52709ae4e.png,UGG Express,Free Shipping on $60+ orders Australia Wide ,"Free Shipping on $60+ orders Australia Wide 
T&Cs Apply",https://t.cfjump.com/90610/o/101741,2022-09-29 00:00:00.000,
107313,2023-02-27 12:09:55.197,2023-02-27 12:11:06.243,69632,https://c.cfjump.com/Avatars/957b2c8c-c526-4c7f-88a0-36f52709ae4e.png,UGG Express,2023 Trans-season Sale,Up to 80% off,https://t.cfjump.com/90610/o/107313,2023-02-27 00:00:00.000,
123904,2024-04-09 15:00:31.753,2024-04-09 15:00:31.753,69632,https://c.cfjump.com/Avatars/957b2c8c-c526-4c7f-88a0-36f52709ae4e.png,UGG Express,NEW TEDDYCOZY ARRIVALS,,https://t.cfjump.com/90610/o/123904,2024-04-09 00:00:00.000,
125438,2024-05-22 16:43:05.717,2024-05-22 16:43:05.717,69632,https://c.cfjump.com/Avatars/957b2c8c-c526-4c7f-88a0-36f52709ae4e.png,UGG Express,2024 Australian Fashion Week,,https://t.cfjump.com/90610/o/125438,2024-05-16 00:00:00.000,
129016,2024-09-19 11:53:44.910,2024-09-19 11:53:44.910,69632,https://c.cfjump.com/Avatars/957b2c8c-c526-4c7f-88a0-36f52709ae4e.png,UGG Express,Ugg Slippers Collection ,,https://t.cfjump.com/90610/o/129016,2024-09-19 00:00:00.000,
141588,2025-08-22 10:42:40.357,2025-08-22 10:42:40.357,69632,https://c.cfjump.com/Avatars/957b2c8c-c526-4c7f-88a0-36f52709ae4e.png,UGG Express,2025 Father's Day - 15% off selected styles,,https://t.cfjump.com/90610/o/141588,2025-08-25 00:00:00.000,2025-09-07 23:59:59.000
135424,2025-02-25 15:10:18.600,2025-02-25 15:10:18.600,91262,https://c.cfjump.com/Avatars/0d7210ee-a22d-4030-b330-7fdc913e9a74.png,Ultraceuticals AU,Personalised Skin Solutions | Speak With An Online Skin Expert,,https://t.cfjump.com/90610/o/135424,2025-02-25 00:00:00.000,
136166,2025-03-11 12:54:22.777,2025-03-11 12:54:22.777,91262,https://c.cfjump.com/Avatars/0d7210ee-a22d-4030-b330-7fdc913e9a74.png,Ultraceuticals AU,Start Your Skincare Journey Today,,https://t.cfjump.com/90610/o/136166,2025-03-11 00:00:00.000,
136170,2025-03-11 13:02:44.997,2025-03-11 13:02:44.997,91262,https://c.cfjump.com/Avatars/0d7210ee-a22d-4030-b330-7fdc913e9a74.png,Ultraceuticals AU,Special Offers ,,https://t.cfjump.com/90610/o/136170,2025-03-11 00:00:00.000,
139598,2025-06-10 15:49:08.847,2025-08-13 12:38:23.000,85992,https://c.cfjump.com/Avatars/723e835f-5ad1-46f0-bfe6-a32c0d131da1.png,Urban Road,20% OFF! Newsletter Signup,20% OFF first order for newsletter subscribers,https://t.cfjump.com/90610/o/139598,2025-07-01 00:00:00.000,
124004,2024-04-11 10:57:04.033,2024-04-11 10:57:04.033,85992,https://c.cfjump.com/Avatars/723e835f-5ad1-46f0-bfe6-a32c0d131da1.png,Urban Road,Exclusive Commission Factory Code,"10% Off
Minimum Spend $150

Use Code: CFWELCOME10",https://t.cfjump.com/90610/o/124004,2024-04-11 00:00:00.000,
140843,2025-08-06 17:29:32.053,2025-08-06 17:29:32.053,83851,https://c.cfjump.com/Avatars/712c5bb2-4c4c-46a2-8f72-1fd2936edc2e.png,Valmori Home Collection,August Madness Sale; $385 Marked Down Sale on All Mattresses,"$100 Off on Toppers
$50 Off on Pre-Order",https://t.cfjump.com/90610/o/140843,2025-08-06 00:00:00.000,2025-08-31 23:59:59.000
99067,2022-07-21 15:00:50.663,2025-04-24 10:08:00.000,80327,https://c.cfjump.com/Avatars/3d8afb6b-71cd-4bc1-a12b-20cc583beba6.png,VicOffroad,FREE SHIPPING!,"REE SHIPPING ZONE

We provide free delivery for most metropolitan areas in Australia, but there may be additional delivery costs associated to some areas. 

Any delivery charges for your order will be shown once your postcode is entered during the checkout process.",https://t.cfjump.com/90610/o/99067,2022-07-21 00:00:00.000,
99068,2022-07-21 15:01:25.600,2025-04-24 10:08:00.000,80327,https://c.cfjump.com/Avatars/3d8afb6b-71cd-4bc1-a12b-20cc583beba6.png,VicOffroad,Multiple payment method available!,"Payment Methods
Vic offroad offers various payment options. We accept

Visa & MasterCard
PayPal
Direct Deposit
We are apologised that we are unable to accept BPAY and American Express at this stage.

Security
We do not store your credit card details anywhere on our system.
We use third parties gateway such as PayPal and eWay with PCI DSS Compliant (Payment Card Industry Date Security Standard) for security payment.
We have networking security software such as VPNs and firewall.
By using eWay payment gateway, you are secured and protected with military-grade software and servers from the most trusted security partners. eWay is a platinum partner of VeriSign.

For Bank Deposit
Bank: Commonwealth Bank of Australia

Account Name: VIC OFFROAD PTY LTD

BSB: 06 3571

Account Name: 1035 4303

Reference No: Your order number",https://t.cfjump.com/90610/o/99068,2022-07-21 00:00:00.000,
99070,2022-07-21 15:02:20.617,2025-04-24 10:08:00.000,80327,https://c.cfjump.com/Avatars/3d8afb6b-71cd-4bc1-a12b-20cc583beba6.png,VicOffroad,Free return within 30 days,,https://t.cfjump.com/90610/o/99070,2022-07-21 00:00:00.000,
99071,2022-07-21 15:02:32.990,2022-07-21 15:02:32.990,80327,https://c.cfjump.com/Avatars/3d8afb6b-71cd-4bc1-a12b-20cc583beba6.png,VicOffroad,Zip Buy Now Pay Later,,https://t.cfjump.com/90610/o/99071,2022-07-21 00:00:00.000,
99072,2022-07-21 15:02:48.680,2022-07-21 15:02:48.680,80327,https://c.cfjump.com/Avatars/3d8afb6b-71cd-4bc1-a12b-20cc583beba6.png,VicOffroad,Fast delivery Australia wide,,https://t.cfjump.com/90610/o/99072,2022-07-21 00:00:00.000,
109250,2023-04-21 19:02:30.763,2023-04-21 19:02:30.763,1381,https://c.cfjump.com/Avatars/3b7deb04-5619-49e9-91e2-1f3a67f068a2.png,Vision Direct,Designer Sunglasses Link,,https://t.cfjump.com/90610/o/109250,2023-04-21 00:00:00.000,
109251,2023-04-21 19:07:24.800,2023-04-21 19:07:24.800,1381,https://c.cfjump.com/Avatars/3b7deb04-5619-49e9-91e2-1f3a67f068a2.png,Vision Direct,Designer Eyeglasses,,https://t.cfjump.com/90610/o/109251,2023-04-21 00:00:00.000,
115985,2023-10-17 18:46:08.500,2023-10-17 18:46:08.500,1381,https://c.cfjump.com/Avatars/3b7deb04-5619-49e9-91e2-1f3a67f068a2.png,Vision Direct,Clearance ,,https://t.cfjump.com/90610/o/115985,2023-10-17 00:00:00.000,
121016,2024-01-17 16:23:39.463,2024-01-17 16:23:39.463,88718,https://c.cfjump.com/Avatars/f87ef150-e855-40af-9567-135af322eb66.png,Vivobarefoot Australia,FREE SHIPPING ON ORDERS OVER $100,,https://t.cfjump.com/90610/o/121016,2024-01-17 00:00:00.000,
121017,2024-01-17 16:23:45.557,2024-01-17 16:23:45.557,88718,https://c.cfjump.com/Avatars/f87ef150-e855-40af-9567-135af322eb66.png,Vivobarefoot Australia,  GET 10% OFF YOUR FIRST ORDER,,https://t.cfjump.com/90610/o/121017,2024-01-17 00:00:00.000,
64607,2020-03-18 16:12:35.580,2022-11-02 11:38:29.623,35589,https://c.cfjump.com/Avatars/6cd03e82-b413-4879-b300-54abdf5e58fa.png,Volcom Australia,FREE shipping on orders over $75,Get FREE shipping when you order over $75 and FREE returns at Volcom. While stocks last. T&Cs apply.,https://t.cfjump.com/90610/o/64607,2020-03-18 00:00:00.000,
64610,2020-03-18 16:15:36.960,2024-10-22 15:48:05.187,35589,https://c.cfjump.com/Avatars/6cd03e82-b413-4879-b300-54abdf5e58fa.png,Volcom Australia,Bundle Deals! 2 for $60 New Season Tees & Tanks,"2 for $60 + 2 for $100!

To activate the bundle deal discount, simply add 2 styles from the same $ deal to the cart and the discount will automatically be added. You will see a product badge on the top left of each style eligible for bundle deal savings. Eg. 2 for $60

Volcom reserves the right to cancel this offer and any associated order at any time due to pricing, technical, or other errors. Questions? Visit www.volcom.com.au/pages/support.",https://t.cfjump.com/90610/o/64610,2020-03-18 00:00:00.000,
64611,2020-03-18 16:16:20.167,2022-08-04 12:56:55.797,35589,https://c.cfjump.com/Avatars/6cd03e82-b413-4879-b300-54abdf5e58fa.png,Volcom Australia,FREE RETURNS on all orders,"Volcom wants to assure you are 100% satisfied with the product you purchased, which is why we offer a FREE 30 day return period on all items ordered via phone or online store. Items must be in 100% resalable condition.

Return timeframe starts from original ship date.
Items purchased through retail stores must be returned to its original location. 
Prepaid return labels are only available to customers within Australia. 
Please see Return Claim Process below for details on return postage. ",https://t.cfjump.com/90610/o/64611,2020-03-18 00:00:00.000,
73475,2020-11-16 17:35:14.747,2021-04-14 12:43:34.657,35589,https://c.cfjump.com/Avatars/6cd03e82-b413-4879-b300-54abdf5e58fa.png,Volcom Australia,At Least 50% OFF | Volcom Outlet Goodbuys,"Volcom Outlet Goodbuys offers are available to AU residents only. To obtain valid offers, you must purchase an eligible item on the Volcom website found at www.volcom.com.au/collections/outlet. Online only. Subscribe to receive 15% off your first Outlet Goodbuys purchase. All sales are final. Returns or exchanges not accepted. Offers cannot be applied toward previous purchases and cannot be redeemed for cash or gift cards or used in combination with any other offers, coupon codes, discounts or promotions. Non-AU. residents and employees of Volcom are not eligible. Additional exclusions or restrictions may apply and terms of offer are subject to change without notice. Volcom reserves the right to cancel this offer and any associated order at any time due to pricing, technical, or other errors. Questions? Visit www.volcom.com.au/pages/support.",https://t.cfjump.com/90610/o/73475,2020-11-16 00:00:00.000,
99079,2022-07-21 16:46:24.253,2022-07-21 16:46:24.253,35589,https://c.cfjump.com/Avatars/6cd03e82-b413-4879-b300-54abdf5e58fa.png,Volcom Australia,$1 Shipping For Volcom Stone Rewards Memebers!,"When you sign up as a loyalty member of our Volcom Stone Rewards Program, you will receive $1 Shipping on purchases made at www.volcom.com.au with no minimum threshold (offer applies to Basic membership).",https://t.cfjump.com/90610/o/99079,2022-07-21 00:00:00.000,
115388,2023-10-03 11:00:50.773,2023-10-03 11:01:21.053,87624,https://c.cfjump.com/Avatars/8848e0fd-c4f6-400b-b8df-328c7e6c0b01.png,VUSH,VUSH HOLIDAY GIFT SHOP NOW OPEN,Check out website for more T&C,https://t.cfjump.com/90610/o/115388,2023-10-12 00:00:00.000,
140666,2025-07-29 13:17:37.057,2025-08-22 16:43:50.187,87624,https://c.cfjump.com/Avatars/8848e0fd-c4f6-400b-b8df-328c7e6c0b01.png,VUSH,End of Winter Sale: up to 60% off VUSH products!,Same great discounts (up to 60% off VUSH products,https://t.cfjump.com/90610/o/140666,2025-08-26 00:00:00.000,2025-09-02 23:59:59.000
122185,2024-02-23 21:40:25.623,2024-02-23 21:40:25.623,88540,https://c.cfjump.com/Avatars/65d7c8e9-9169-484a-9072-4fb1add7c9a9.png,White & Co,Buy two Elm Fundamental LS for $80 and 2 x Divine Crews for $120,*While stocks last,https://t.cfjump.com/90610/o/122185,2024-02-21 00:00:00.000,
141819,2025-08-28 18:30:59.150,2025-08-28 18:30:59.150,88540,https://c.cfjump.com/Avatars/65d7c8e9-9169-484a-9072-4fb1add7c9a9.png,White & Co,"Goodsole Gift With Purchase - Get a free tee, gym bag and set of laces when you purchase selected Goodsole Parallel Sneakers!",*Until stock last,https://t.cfjump.com/90610/o/141819,2025-08-29 00:00:00.000,
119754,2023-12-11 12:49:53.983,2023-12-12 15:56:05.030,88540,https://c.cfjump.com/Avatars/65d7c8e9-9169-484a-9072-4fb1add7c9a9.png,White & Co,New Subscriber Offer,"15% Off Welcome Discount
Use your unique code at checkout to receive 15% off your first order. Available for new sign-ups only. Code valid for one use only. Not applicable on sale or discounted products.",https://t.cfjump.com/90610/o/119754,2023-12-12 00:00:00.000,
119762,2023-12-11 13:11:47.953,2023-12-11 17:05:43.363,88540,https://c.cfjump.com/Avatars/65d7c8e9-9169-484a-9072-4fb1add7c9a9.png,White & Co,"Buy 2, Save $10 on Originals Tees & Tanks","Buy 2, Save $10 (AUD) Originals
Add 2 White & Co. Label Original T-Shirts to cart and save $10AUD. Discount applies to Original T-Shirts and Original Long Sleeve T-Shirts. Offer excludes Cali Tank Top, Turn Back Tee, and Classic Round Neck Tank. Offer not available in conjunction with any other offer, discount, or gift card use. Available online and in-store. Discount automatically applied at checkout. All prices in AUD. Offer valid for limited time only.",https://t.cfjump.com/90610/o/119762,2023-12-12 00:00:00.000,
119766,2023-12-11 13:15:31.813,2023-12-11 16:28:13.740,88540,https://c.cfjump.com/Avatars/65d7c8e9-9169-484a-9072-4fb1add7c9a9.png,White & Co,Free Shipping Over $150,"Standard Shipping Offer (Australia)
Free Standard Delivery for all orders $150 and over (excluding Gift cards)
A flat rate of $9.95 for all orders under $150 applies.
Estimated delivery 5-7 business days

Express
$4.95 flat rate for orders over $150
$14.95 for orders under $150
Estimated delivery 3-5 business days (Australia wide)

AUSTRALIA POST services utilised.",https://t.cfjump.com/90610/o/119766,2023-12-21 00:00:00.000,
119773,2023-12-11 13:23:00.687,2023-12-14 09:40:39.663,88540,https://c.cfjump.com/Avatars/65d7c8e9-9169-484a-9072-4fb1add7c9a9.png,White & Co,End of Season Sale | 20-50% Off,"We do not accept returns on sale, discounted items, including those purchased in promotions. No exchange/refund or credit note. ",https://t.cfjump.com/90610/o/119773,2023-12-14 00:00:00.000,
129968,2024-10-09 14:20:27.110,2024-10-09 14:20:27.110,88540,https://c.cfjump.com/Avatars/65d7c8e9-9169-484a-9072-4fb1add7c9a9.png,White & Co,"Essential Basics - Your Wardrobe Foundations. All year round essentials in lightweight, breathable 100% cotton slub",,https://t.cfjump.com/90610/o/129968,2024-10-05 00:00:00.000,
134188,2025-01-14 18:13:06.373,2025-01-14 18:13:06.373,88540,https://c.cfjump.com/Avatars/65d7c8e9-9169-484a-9072-4fb1add7c9a9.png,White & Co,Add a Yasmin Crew Neck Tee for just $19.95 AUD,"Purchase any item and add a Yasmin Crew Neck Tee - White/Black Stripe to your cart for only $19.95 (AUD). No code required; discount automatically applied. Available online and in-store. Limited time only. No returns or exchanges.
",https://t.cfjump.com/90610/o/134188,2025-01-14 00:00:00.000,
134189,2025-01-14 18:13:37.217,2025-01-14 18:13:37.217,88540,https://c.cfjump.com/Avatars/65d7c8e9-9169-484a-9072-4fb1add7c9a9.png,White & Co,Add a Mia Coin Purse for Just $15 AUD,"Purchase any full price Zoe Crossbody Bag and add a Mia Coin Purse in Black, Navy or Tan to your cart for only $15 (AUD). No code required; discount automatically applied. Available online and in-store. Not valid in conjunction with any other offer or discount. Limited time only.",https://t.cfjump.com/90610/o/134189,2025-01-14 00:00:00.000,
136016,2025-03-06 17:13:57.193,2025-03-06 17:14:24.647,88540,https://c.cfjump.com/Avatars/65d7c8e9-9169-484a-9072-4fb1add7c9a9.png,White & Co,White & Co. The Label Autumn 25 Capsule #01 - Available Online & In-store Now,"Introducing White & Co. THE LABEL Autumn ’25 🍂
Effortless comfort with raw beauty.
Set against the rugged textures of a rocky countryside, the collection finds harmony in contrast. Cashmere-blend knits with signature details offer indulgent softness and warmth. Ponte pants in iconic silhouettes and timeless colours bring ease and versatility.
Luxurious yet grounded, refined yet endlessly wearable.

White & Co. The Label Autumn 25 Capsule #01
Available Online & In-store Now",https://t.cfjump.com/90610/o/136016,2025-03-06 00:00:00.000,
137082,2025-04-04 13:36:31.477,2025-04-04 13:36:31.477,88540,https://c.cfjump.com/Avatars/65d7c8e9-9169-484a-9072-4fb1add7c9a9.png,White & Co,Add a Mia Coin Purse for Just $9.95 AUD,"Purchase any full price Zoe Crossbody Bag and add a Mia Coin Purse in Black, Navy or Tan to your cart for only $9.95 (AUD). No code required; discount automatically applied. Available online and in-store. Not valid in conjunction with any other offer or discount. Limited time only",https://t.cfjump.com/90610/o/137082,2025-04-04 00:00:00.000,
137083,2025-04-04 13:37:05.120,2025-04-04 13:37:05.120,88540,https://c.cfjump.com/Avatars/65d7c8e9-9169-484a-9072-4fb1add7c9a9.png,White & Co,Add a Cali Tank Top for just $20 AUD,Purchase any item and add a Cali Tank Top - Navy/White Stripe or Black/White Stripe to your cart for only $20 (AUD). No code required; discount automatically applied. Available online and in-store. Limited time only. Not valid in conjunction with any other offer or discount.,https://t.cfjump.com/90610/o/137083,2025-04-04 00:00:00.000,
139608,2025-06-11 13:02:39.417,2025-06-11 13:02:39.417,88540,https://c.cfjump.com/Avatars/65d7c8e9-9169-484a-9072-4fb1add7c9a9.png,White & Co,White & Co. End Of Season Sale: Take up to 60% Off elevated everyday women's clothing for a limited time!,"T&Cs:
In-store & Online.
100+ new styles added to sale
200+ further markdowns added
Sale commences June 12th 2025 and continues while stocks last.
No returns or exchange on sale items.",https://t.cfjump.com/90610/o/139608,2025-06-12 00:00:00.000,
101721,2022-09-29 07:03:08.370,2022-09-29 07:03:08.370,81439,https://c.cfjump.com/Avatars/053b5426-eba0-4c9d-8657-a7366b3ea8ea.png,Wholesale Aircon,We stock all the best brands. Check out our top models,,https://t.cfjump.com/90610/o/101721,2022-09-29 00:00:00.000,
101722,2022-09-29 07:03:16.230,2022-09-29 07:03:16.230,81439,https://c.cfjump.com/Avatars/053b5426-eba0-4c9d-8657-a7366b3ea8ea.png,Wholesale Aircon,Delivery & Installations now Available Australia Wide,,https://t.cfjump.com/90610/o/101722,2022-09-29 00:00:00.000,
101723,2022-09-29 07:03:25.713,2022-09-29 07:03:25.713,81439,https://c.cfjump.com/Avatars/053b5426-eba0-4c9d-8657-a7366b3ea8ea.png,Wholesale Aircon,We wont be beaten on price and delivery,,https://t.cfjump.com/90610/o/101723,2022-09-29 00:00:00.000,
101724,2022-09-29 07:03:33.373,2022-09-29 07:03:33.373,81439,https://c.cfjump.com/Avatars/053b5426-eba0-4c9d-8657-a7366b3ea8ea.png,Wholesale Aircon,Direct to the public at wholesale prices!,,https://t.cfjump.com/90610/o/101724,2022-09-29 00:00:00.000,
101725,2022-09-29 07:03:40.310,2022-09-29 07:03:40.310,81439,https://c.cfjump.com/Avatars/053b5426-eba0-4c9d-8657-a7366b3ea8ea.png,Wholesale Aircon,Wholesale Air Conditioning Online in Australia,,https://t.cfjump.com/90610/o/101725,2022-09-29 00:00:00.000,
112135,2023-07-24 13:23:16.760,2023-07-24 13:23:52.383,85725,https://c.cfjump.com/Avatars/0f4b14ec-b29d-4199-a2cb-00414b145636.png,Williams Shoes,Williams $10 Off Your Next Order,*$10 Off Your Next Order offer conditions: Offer available on next purchase for any customer subscribing to the Williams database. Offer is not available in conjunction with any other offer. ,https://t.cfjump.com/90610/o/112135,2023-07-25 00:00:00.000,
139998,2025-07-01 14:23:19.203,2025-07-01 14:23:19.203,32549,https://c.cfjump.com/Avatars/a32f4d7f-0c8e-412f-b123-46c55655e6e6.png,Wine Selectors,15% off when you purchase 12 or more bottles,"- Purchase any 12 individual bottles of our Wine Shop and you’ll receive 15% off your order! 
- Create a dozen from your favourite varieties, including gorgeous reds, refreshing whites, celebratory sparkling and indulgent Fortifieds.
- Once you have 12 bottles in your cart, the 15% discount is automatically applied ",https://t.cfjump.com/90610/o/139998,2025-07-01 00:00:00.000,
141779,2025-08-27 11:32:13.013,2025-08-27 11:32:13.013,32549,https://c.cfjump.com/Avatars/a32f4d7f-0c8e-412f-b123-46c55655e6e6.png,Wine Selectors,20% Off Sitewide - End of Season Sale,"- 20% off 6-packs and dozens sitewide
- Excludes wine subscriptions ",https://t.cfjump.com/90610/o/141779,2025-08-25 00:00:00.000,2025-09-02 23:59:59.000
140007,2025-07-01 18:37:26.393,2025-07-01 18:37:26.393,32549,https://c.cfjump.com/Avatars/a32f4d7f-0c8e-412f-b123-46c55655e6e6.png,Wine Selectors,Get 20% Off Your First Wine Case,"- New customers only
- Minimum order value of $160
- Use code CELLAR20 at checkout 
- Not valid on wine subscriptions, gift cards or wine accessories",https://t.cfjump.com/90610/o/140007,2025-07-02 00:00:00.000,2025-09-03 23:59:59.000
141778,2025-08-27 11:30:57.073,2025-08-27 11:30:57.073,32549,https://c.cfjump.com/Avatars/a32f4d7f-0c8e-412f-b123-46c55655e6e6.png,Wine Selectors,Get 20% Off Your First Wine Case,"- New customers only
- Minimum order value of $160
- Use code REFRESH20 at checkout 
- Not valid on wine subscriptions, gift cards or wine accessories",https://t.cfjump.com/90610/o/141778,2025-09-03 00:00:00.000,2025-09-30 23:59:59.000
121719,2024-02-06 16:18:24.633,2024-02-06 16:18:24.633,83939,https://c.cfjump.com/Avatars/c65eba2f-2333-4194-bc51-b97889af3460.png,XHunter Australia,Tough Move Supplier Package,,https://t.cfjump.com/90610/o/121719,2024-02-06 00:00:00.000,
121720,2024-02-06 16:22:05.353,2024-02-06 16:22:05.353,83939,https://c.cfjump.com/Avatars/c65eba2f-2333-4194-bc51-b97889af3460.png,XHunter Australia,Free Shipping Over $500,,https://t.cfjump.com/90610/o/121720,2024-02-06 00:00:00.000,
128750,2024-09-11 15:22:51.630,2024-09-11 15:22:51.630,83939,https://c.cfjump.com/Avatars/c65eba2f-2333-4194-bc51-b97889af3460.png,XHunter Australia,Huntselement Free Shipping,All Hunters Element Free Shipping,https://t.cfjump.com/90610/o/128750,2024-09-11 00:00:00.000,
132712,2024-12-07 21:01:46.737,2024-12-07 21:01:46.737,83939,https://c.cfjump.com/Avatars/c65eba2f-2333-4194-bc51-b97889af3460.png,XHunter Australia,Hunters Element Maverick Hunting Boot 65% off,,https://t.cfjump.com/90610/o/132712,2024-12-07 00:00:00.000,
128606,2024-09-09 12:37:44.033,2024-09-11 08:35:33.247,90457,https://c.cfjump.com/Avatars/a82c68f4-0919-4b12-9b3f-758fd757b7ad.png,Zing Wellbeing,"🤩VIP Offer🤩  Claim your VIP to access to our women's health & wellness program  👉Get access to all recipes, meal plans, exercises, LIVE group coaching and mental wellbeing programs",Use code ZING15 for an extra $15 off the discounted price,https://t.cfjump.com/90610/o/128606,2024-09-09 00:00:00.000,
128607,2024-09-09 12:40:10.800,2024-12-17 15:28:59.627,90457,https://c.cfjump.com/Avatars/a82c68f4-0919-4b12-9b3f-758fd757b7ad.png,Zing Wellbeing,💪 Get FULL access to the Zing Wellbeing Program with 70% off,Get FULL access to the Zing Wellbeing program and customers can use code ZING10 to save an extra $10,https://t.cfjump.com/90610/o/128607,2024-09-09 00:00:00.000,
128608,2024-09-09 12:41:10.597,2024-09-09 12:41:10.597,90457,https://c.cfjump.com/Avatars/a82c68f4-0919-4b12-9b3f-758fd757b7ad.png,Zing Wellbeing,Organic Protein Powder - Shop our NEW dairy free and vegan protein powder that is creamy and grit free,,https://t.cfjump.com/90610/o/128608,2024-09-09 00:00:00.000,
128716,2024-09-11 08:31:12.810,2024-09-11 08:31:12.810,90457,https://c.cfjump.com/Avatars/a82c68f4-0919-4b12-9b3f-758fd757b7ad.png,Zing Wellbeing,8 Week Trial to Zing Wellbeing,"Cancel at any time, no lock ins. If customers love the program and stay on they roll onto a low rate 6 months subscription for 65% off at $99 per 6 months",https://t.cfjump.com/90610/o/128716,2024-09-11 00:00:00.000,
128717,2024-09-11 08:37:30.580,2024-09-11 08:37:30.580,90457,https://c.cfjump.com/Avatars/a82c68f4-0919-4b12-9b3f-758fd757b7ad.png,Zing Wellbeing,Afterpay special for Zing Wellbeing Membership,This is a once off payment for 12 months access to the 5 star rated Zing Wellbeing program. This is not a subscription and after 12 months access will cease.,https://t.cfjump.com/90610/o/128717,2024-09-11 00:00:00.000,
134277,2025-01-15 14:08:36.757,2025-01-15 14:08:36.757,90457,https://c.cfjump.com/Avatars/a82c68f4-0919-4b12-9b3f-758fd757b7ad.png,Zing Wellbeing,VIP FLASH MEMBERSHIP OFFER NOW $119 (was $599) ,see website,https://t.cfjump.com/90610/o/134277,2025-01-15 00:00:00.000,
